Date,Bank_Native_Country,State,Bank_Name,Ticker,Bank_Local_Currency,Bank_Type,Bank_Product,Bank_Product_Type,Bank_Product_Code,Bank_Product_Name,Minm_Balance,Maxm_Balance,Bank_Offer_Feature,Term_in_Months,Interest_Type,Interest,APY,Source
 2018-05-30,US,New York,ALLY,ALLY,USD,Bank,Deposits,Checking,_MCCF,Interest Checking Account,,15000,Online,,Fixed,,0.10%,Bank Website
 2018-05-30,US,New York,ALLY,ALLY,USD,Bank,Deposits,Checking,_MCCF,Interest Checking Account,15000,,Online,,Fixed,,0.60%,Bank Website
 2018-05-30,US,New York,ALLY,ALLY,USD,Bank,Deposits,Savings,_MSBF,Online Savings,,,Online,,Fixed,,1.60%,Bank Website
 2018-05-30,US,New York,ALLY,ALLY,USD,Bank,Deposits,Savings,_MSBF,Money Market,,5000,Online,,Fixed,,0.90%,Bank Website
 2018-05-30,US,New York,ALLY,ALLY,USD,Bank,Deposits,Savings,_MSBF,Money Market,5000,,Online,,Fixed,,0.90%,Bank Website
 2018-05-30,US,New York,ALLY,ALLY,USD,Bank,Deposits,Savings,_MSBF,Money Market,25000,,Online,,Fixed,,1.00%,Bank Website
 2018-05-30,US,New York,ALLY,ALLY,USD,Bank,Deposits,CD,6MCDF,High Yield CD_6 Months,,5000,Online,6.0,Fixed,,1.50%,Bank Website
 2018-05-30,US,New York,ALLY,ALLY,USD,Bank,Deposits,CD,6MCDF,High Yield CD_6 Months,5000,,Online,6.0,Fixed,,1.60%,Bank Website
 2018-05-30,US,New York,ALLY,ALLY,USD,Bank,Deposits,CD,6MCDF,High Yield CD_6 Months,25000,,Online,6.0,Fixed,,1.75%,Bank Website
 2018-05-30,US,New York,ALLY,ALLY,USD,Bank,Deposits,CD,12MCDF,High Yield CD_12 Months,,5000,Online,12.0,Fixed,,2.10%,Bank Website
 2018-05-30,US,New York,ALLY,ALLY,USD,Bank,Deposits,CD,12MCDF,High Yield CD_12 Months,5000,,Online,12.0,Fixed,,2.15%,Bank Website
 2018-05-30,US,New York,ALLY,ALLY,USD,Bank,Deposits,CD,12MCDF,High Yield CD_12 Months,25000,,Online,12.0,Fixed,,2.25%,Bank Website
 2018-05-30,US,New York,ALLY,ALLY,USD,Bank,Deposits,CD,36MCDF,High Yield CD_36 Months,,5000,Online,36.0,Fixed,,2.40%,Bank Website
 2018-05-30,US,New York,ALLY,ALLY,USD,Bank,Deposits,CD,36MCDF,High Yield CD_36 Months,5000,,Online,36.0,Fixed,,2.45%,Bank Website
 2018-05-30,US,New York,ALLY,ALLY,USD,Bank,Deposits,CD,36MCDF,High Yield CD_36 Months,25000,,Online,36.0,Fixed,,2.50%,Bank Website
 2018-05-30,US,New York,BANK OF AMERICA CORP,BAC,USD,Bank,Deposits,Savings,_MSBF,Rewards Savings/Minor Savings,,2500,Offline,,Fixed,0.03%,0.03%,Bank Website
 2018-05-30,US,New York,BANK OF AMERICA CORP,BAC,USD,Bank,Deposits,Savings,_MSBF,Rewards Savings/Minor Savings,2500,,Offline,,Fixed,0.03%,0.03%,Bank Website
 2018-05-30,US,New York,BANK OF AMERICA CORP,BAC,USD,Bank,Deposits,Checking,_MCCF,Bank of America Interest Checking,,50000,Offline,,Fixed,0.01%,0.01%,Bank Website
 2018-05-30,US,New York,BANK OF AMERICA CORP,BAC,USD,Bank,Deposits,Checking,_MCCF,Bank of America Interest Checking,50000,99999,Offline,,Fixed,0.02%,0.02%,Bank Website
 2018-05-30,US,New York,BANK OF AMERICA CORP,BAC,USD,Bank,Deposits,Checking,_MCCF,Bank of America Interest Checking,100000,,Offline,,Fixed,0.02%,0.02%,Bank Website
 2018-05-30,US,New York,BANK OF AMERICA CORP,BAC,USD,Bank,Deposits,CD,6MCDF,06 - 11 Months,,10000,Offline,6.0,Fixed,0.03%,0.03%,Bank Website
 2018-05-30,US,New York,BANK OF AMERICA CORP,BAC,USD,Bank,Deposits,CD,12MCDF,12 - 17 Months,,10000,Offline,12.0,Fixed,0.05%,0.05%,Bank Website
 2018-05-30,US,New York,BANK OF AMERICA CORP,BAC,USD,Bank,Deposits,CD,36MCDF,36 - 47 Months,,10000,Offline,36.0,Fixed,0.55%,0.55%,Bank Website
 2018-05-30,US,New York,CAPITAL ONE,COF,USD,Bank,Deposits,Savings,_MSBF,360 Money Market,,10000,Online,,Fixed,0.8467%,0.85%,Bank Website
 2018-05-30,US,New York,CAPITAL ONE,COF,USD,Bank,Deposits,Savings,_MSBF,360 Money Market,10000,,Online,,Fixed,1.5884%,1.60%,Bank Website
 2018-05-30,US,New York,CAPITAL ONE,COF,USD,Bank,Deposits,Savings,_MSBF,360 Savings,0,,Online,,Fixed,0.9954%,1.00%,Bank Website
 2018-05-30,US,New York,CAPITAL ONE,COF,USD,Bank,Deposits,Savings,_MSBF,360 IRA Savings Traditional,0,,Online,,Fixed,0.9954%,1.00%,Bank Website
 2018-05-30,US,New York,CAPITAL ONE,COF,USD,Bank,Deposits,CD,6MCDF,360 CDs 6 months,1000000,,Online,6.0,Fixed,0.5984%,0.60%,Bank Website
 2018-05-30,US,New York,CAPITAL ONE,COF,USD,Bank,Deposits,CD,12MCDF,360 CDs 12 months,1000000,,Online,12.0,Fixed,2.2271%,2.25%,Bank Website
 2018-05-30,US,New York,CAPITAL ONE,COF,USD,Bank,Deposits,CD,36MCDF,360 CDs 36 months,1000000,,Online,36.0,Fixed,2.3740%,2.40%,Bank Website
 2018-05-30,US,New York,CITIGROUP INC,C,USD,Bank,Deposits,Checking,_MCCF,Interest Checking Account,,25000,Offline,,Fixed,0.01%,0.01%,Bank Website
 2018-05-30,US,New York,CITIGROUP INC,C,USD,Bank,Deposits,Checking,_MCCF,Interest Checking Account,25000,49999,Offline,,Fixed,0.01%,0.01%,Bank Website
 2018-05-30,US,New York,CITIGROUP INC,C,USD,Bank,Deposits,Checking,_MCCF,Interest Checking Account,50000,,Offline,,Fixed,0.01%,0.01%,Bank Website
 2018-05-30,US,New York,CITIGROUP INC,C,USD,Bank,Deposits,Savings,_MSBF,Citibank Account Package1,,10000,Offline,,Fixed,0.04%,0.04%,Bank Website
 2018-05-30,US,New York,CITIGROUP INC,C,USD,Bank,Deposits,Savings,_MSBF,Citibank Account Package1,10000,24999,Offline,,Fixed,0.04%,0.04%,Bank Website
 2018-05-30,US,New York,CITIGROUP INC,C,USD,Bank,Deposits,Savings,_MSBF,Citibank Account Package1,25000,49999,Offline,,Fixed,0.08%,0.08%,Bank Website
 2018-05-30,US,New York,CITIGROUP INC,C,USD,Bank,Deposits,Savings,_MSBF,Citibank Account Package1,50000,99999,Offline,,Fixed,0.08%,0.08%,Bank Website
 2018-05-30,US,New York,CITIGROUP INC,C,USD,Bank,Deposits,Savings,_MSBF,Citibank Account Package1,100000,499999,Offline,,Fixed,0.10%,0.10%,Bank Website
 2018-05-30,US,New York,CITIGROUP INC,C,USD,Bank,Deposits,Savings,_MSBF,Citibank Account Package1,500000,999999,Offline,,Fixed,0.13%,0.13%,Bank Website
 2018-05-30,US,New York,CITIGROUP INC,C,USD,Bank,Deposits,Savings,_MSBF,Citibank Account Package1,1000000,,Offline,,Fixed,0.13%,0.13%,Bank Website
 2018-05-30,US,New York,CITIGROUP INC,C,USD,Bank,Deposits,Savings,_MSBF,Basic Banking Package,,10000,Offline,,Fixed,0.04%,0.04%,Bank Website
 2018-05-30,US,New York,CITIGROUP INC,C,USD,Bank,Deposits,Savings,_MSBF,Basic Banking Package,10000,24999,Offline,,Fixed,0.04%,0.04%,Bank Website
 2018-05-30,US,New York,CITIGROUP INC,C,USD,Bank,Deposits,Savings,_MSBF,Basic Banking Package,25000,49999,Offline,,Fixed,0.06%,0.06%,Bank Website
 2018-05-30,US,New York,CITIGROUP INC,C,USD,Bank,Deposits,Savings,_MSBF,Basic Banking Package,50000,99999,Offline,,Fixed,0.06%,0.06%,Bank Website
 2018-05-30,US,New York,CITIGROUP INC,C,USD,Bank,Deposits,Savings,_MSBF,Basic Banking Package,100000,499999,Offline,,Fixed,0.06%,0.06%,Bank Website
 2018-05-30,US,New York,CITIGROUP INC,C,USD,Bank,Deposits,Savings,_MSBF,Basic Banking Package,500000,999999,Offline,,Fixed,0.06%,0.06%,Bank Website
 2018-05-30,US,New York,CITIGROUP INC,C,USD,Bank,Deposits,Savings,_MSBF,Basic Banking Package,1000000,,Offline,,Fixed,0.06%,0.06%,Bank Website
 2018-05-30,US,New York,CITIGROUP INC,C,USD,Bank,Deposits,Savings,_MSBF,Access Account Package,,10000,Offline,,Fixed,0.04%,0.04%,Bank Website
 2018-05-30,US,New York,CITIGROUP INC,C,USD,Bank,Deposits,Savings,_MSBF,Access Account Package,10000,24999,Offline,,Fixed,0.04%,0.04%,Bank Website
 2018-05-30,US,New York,CITIGROUP INC,C,USD,Bank,Deposits,Savings,_MSBF,Access Account Package,25000,49999,Offline,,Fixed,0.06%,0.06%,Bank Website
 2018-05-30,US,New York,CITIGROUP INC,C,USD,Bank,Deposits,Savings,_MSBF,Access Account Package,50000,99999,Offline,,Fixed,0.06%,0.06%,Bank Website
 2018-05-30,US,New York,CITIGROUP INC,C,USD,Bank,Deposits,Savings,_MSBF,Access Account Package,100000,499999,Offline,,Fixed,0.06%,0.06%,Bank Website
 2018-05-30,US,New York,CITIGROUP INC,C,USD,Bank,Deposits,Savings,_MSBF,Access Account Package,500000,999999,Offline,,Fixed,0.06%,0.06%,Bank Website
 2018-05-30,US,New York,CITIGROUP INC,C,USD,Bank,Deposits,Savings,_MSBF,Access Account Package,1000000,,Offline,,Fixed,0.06%,0.06%,Bank Website
 2018-05-30,US,New York,CITIGROUP INC,C,USD,Bank,Deposits,CD,6MCDF,6 months,,10000,Offline,6.0,Fixed,0.07%,0.07%,Bank Website
 2018-05-30,US,New York,CITIGROUP INC,C,USD,Bank,Deposits,CD,6MCDF,6 months,10000,24999,Offline,6.0,Fixed,0.07%,0.07%,Bank Website
 2018-05-30,US,New York,CITIGROUP INC,C,USD,Bank,Deposits,CD,6MCDF,6 months,25000,49999,Offline,6.0,Fixed,0.07%,0.07%,Bank Website
 2018-05-30,US,New York,CITIGROUP INC,C,USD,Bank,Deposits,CD,6MCDF,6 months,50000,99999,Offline,6.0,Fixed,0.07%,0.07%,Bank Website
 2018-05-30,US,New York,CITIGROUP INC,C,USD,Bank,Deposits,CD,6MCDF,6 months,100000,499999,Offline,6.0,Fixed,0.07%,0.07%,Bank Website
 2018-05-30,US,New York,CITIGROUP INC,C,USD,Bank,Deposits,CD,6MCDF,6 months,500000,999999,Offline,6.0,Fixed,0.07%,0.07%,Bank Website
 2018-05-30,US,New York,CITIGROUP INC,C,USD,Bank,Deposits,CD,6MCDF,6 months,1000000,,Offline,6.0,Fixed,0.07%,0.07%,Bank Website
 2018-05-30,US,New York,CITIGROUP INC,C,USD,Bank,Deposits,CD,12MCDF,1 year,,10000,Offline,12.0,Fixed,0.25%,0.25%,Bank Website
 2018-05-30,US,New York,CITIGROUP INC,C,USD,Bank,Deposits,CD,12MCDF,1 year,10000,24999,Offline,12.0,Fixed,0.25%,0.25%,Bank Website
 2018-05-30,US,New York,CITIGROUP INC,C,USD,Bank,Deposits,CD,12MCDF,1 year,25000,49999,Offline,12.0,Fixed,0.25%,0.25%,Bank Website
 2018-05-30,US,New York,CITIGROUP INC,C,USD,Bank,Deposits,CD,12MCDF,1 year,50000,99999,Offline,12.0,Fixed,0.25%,0.25%,Bank Website
 2018-05-30,US,New York,CITIGROUP INC,C,USD,Bank,Deposits,CD,12MCDF,1 year,100000,499999,Offline,12.0,Fixed,0.25%,0.25%,Bank Website
 2018-05-30,US,New York,CITIGROUP INC,C,USD,Bank,Deposits,CD,12MCDF,1 year,500000,999999,Offline,12.0,Fixed,0.25%,0.25%,Bank Website
 2018-05-30,US,New York,CITIGROUP INC,C,USD,Bank,Deposits,CD,12MCDF,1 year,1000000,,Offline,12.0,Fixed,0.25%,0.25%,Bank Website
 2018-05-30,US,New York,CITIGROUP INC,C,USD,Bank,Deposits,CD,36MCDF,3 years,,10000,Offline,36.0,Fixed,0.70%,0.70%,Bank Website
 2018-05-30,US,New York,CITIGROUP INC,C,USD,Bank,Deposits,CD,36MCDF,3 years,10000,24999,Offline,36.0,Fixed,0.70%,0.70%,Bank Website
 2018-05-30,US,New York,CITIGROUP INC,C,USD,Bank,Deposits,CD,36MCDF,3 years,25000,49999,Offline,36.0,Fixed,0.70%,0.70%,Bank Website
 2018-05-30,US,New York,CITIGROUP INC,C,USD,Bank,Deposits,CD,36MCDF,3 years,50000,99999,Offline,36.0,Fixed,0.70%,0.70%,Bank Website
 2018-05-30,US,New York,CITIGROUP INC,C,USD,Bank,Deposits,CD,36MCDF,3 years,100000,499999,Offline,36.0,Fixed,0.70%,0.70%,Bank Website
 2018-05-30,US,New York,CITIGROUP INC,C,USD,Bank,Deposits,CD,36MCDF,3 years,500000,999999,Offline,36.0,Fixed,0.70%,0.70%,Bank Website
 2018-05-30,US,New York,CITIGROUP INC,C,USD,Bank,Deposits,CD,36MCDF,3 years,1000000,,Offline,36.0,Fixed,0.70%,0.70%,Bank Website
 2018-05-30,US,New York,JP MORGAN CHASE & Co.,JPM,USD,Bank,Deposits,Checking,_MCCF,Chase Premier Plus Checking SM,0,4999,Offline,,Fixed,0.01%,0.01%,Bank Website
 2018-05-30,US,New York,JP MORGAN CHASE & Co.,JPM,USD,Bank,Deposits,Checking,_MCCF,Chase Premier Plus Checking SM,5000,9999,Offline,,Fixed,0.01%,0.01%,Bank Website
 2018-05-30,US,New York,JP MORGAN CHASE & Co.,JPM,USD,Bank,Deposits,Checking,_MCCF,Chase Premier Plus Checking SM,10000,24999,Offline,,Fixed,0.01%,0.01%,Bank Website
 2018-05-30,US,New York,JP MORGAN CHASE & Co.,JPM,USD,Bank,Deposits,Checking,_MCCF,Chase Premier Plus Checking SM,25000,,Offline,,Fixed,0.01%,0.01%,Bank Website
 2018-05-30,US,New York,JP MORGAN CHASE & Co.,JPM,USD,Bank,Deposits,Savings,_MSBF,Chase Savings SM,,,Offline,,Fixed,0.01%,0.01%,Bank Website
 2018-05-30,US,New York,JP MORGAN CHASE & Co.,JPM,USD,Bank,Deposits,CD,6MCDF,CERTIFICATES OF DEPOSIT (CD),1000,,Offline,6.0,Fixed,0.01%,0.01%,Bank Website
 2018-05-30,US,New York,JP MORGAN CHASE & Co.,JPM,USD,Bank,Deposits,CD,12MCDF,CERTIFICATES OF DEPOSIT (CD),1000,,Offline,12.0,Fixed,0.01%,0.01%,Bank Website
 2018-05-30,US,New York,JP MORGAN CHASE & Co.,JPM,USD,Bank,Deposits,CD,36MCDF,CERTIFICATES OF DEPOSIT (CD),1000,,Offline,36.0,Fixed,0.05%,0.05%,Bank Website
 2018-05-30,US,New York,PNC FINANCIAL SERVICES GROUP INC,PNC,USD,Bank,Deposits,Checking,_MCCF,Performance Interest Checking,10000,49999,Offline,,Fixed,0.01%,0.01%,Bank Website
 2018-05-30,US,New York,PNC FINANCIAL SERVICES GROUP INC,PNC,USD,Bank,Deposits,Checking,_MCCF,Performance Interest Checking,50000,99999,Offline,,Fixed,0.01%,0.01%,Bank Website
 2018-05-30,US,New York,PNC FINANCIAL SERVICES GROUP INC,PNC,USD,Bank,Deposits,Checking,_MCCF,Performance Interest Checking,100000,,Offline,,Fixed,0.01%,0.01%,Bank Website
 2018-05-30,US,New York,PNC FINANCIAL SERVICES GROUP INC,PNC,USD,Bank,Deposits,Checking,_MCCF,Performance Select Interest Checking,2000,9999,Offline,,Fixed,0.01%,0.01%,Bank Website
 2018-05-30,US,New York,PNC FINANCIAL SERVICES GROUP INC,PNC,USD,Bank,Deposits,Checking,_MCCF,Performance Select Interest Checking,10000,49999,Offline,,Fixed,0.01%,0.01%,Bank Website
 2018-05-30,US,New York,PNC FINANCIAL SERVICES GROUP INC,PNC,USD,Bank,Deposits,Checking,_MCCF,Performance Select Interest Checking,50000,99999,Offline,,Fixed,0.01%,0.01%,Bank Website
 2018-05-30,US,New York,PNC FINANCIAL SERVICES GROUP INC,PNC,USD,Bank,Deposits,Checking,_MCCF,Performance Select Interest Checking,100000,,Offline,,Fixed,0.01%,0.01%,Bank Website
 2018-05-30,US,New York,PNC FINANCIAL SERVICES GROUP INC,PNC,USD,Bank,Deposits,Savings,_MSBF,Standard Rates,1,2499,Offline,,Fixed,0.01%,0.01%,Bank Website
 2018-05-30,US,New York,PNC FINANCIAL SERVICES GROUP INC,PNC,USD,Bank,Deposits,Savings,_MSBF,Standard Rates,2500,,Offline,,Fixed,0.01%,0.01%,Bank Website
 2018-05-30,US,New York,PNC FINANCIAL SERVICES GROUP INC,PNC,USD,Bank,Deposits,Savings,_MSBF,'S' is for Savings,1,499,Offline,,Fixed,0.01%,0.01%,Bank Website
 2018-05-30,US,New York,PNC FINANCIAL SERVICES GROUP INC,PNC,USD,Bank,Deposits,Savings,_MSBF,'S' is for Savings,500,1499,Offline,,Fixed,0.01%,0.01%,Bank Website
 2018-05-30,US,New York,PNC FINANCIAL SERVICES GROUP INC,PNC,USD,Bank,Deposits,Savings,_MSBF,'S' is for Savings,1500,,Offline,,Fixed,0.01%,0.01%,Bank Website
 2018-05-30,US,New York,PNC FINANCIAL SERVICES GROUP INC,PNC,USD,Bank,Deposits,Savings,_MSBF,"Premiere
														Money Market Account ",1,9999,Offline,,Fixed,0.03%,0.03%,Bank Website
 2018-05-30,US,New York,PNC FINANCIAL SERVICES GROUP INC,PNC,USD,Bank,Deposits,Savings,_MSBF,"Premiere
														Money Market Account ",10000,24999,Offline,,Fixed,0.09%,0.09%,Bank Website
 2018-05-30,US,New York,PNC FINANCIAL SERVICES GROUP INC,PNC,USD,Bank,Deposits,Savings,_MSBF,"Premiere
														Money Market Account ",25000,49999,Offline,,Fixed,0.11%,0.11%,Bank Website
 2018-05-30,US,New York,PNC FINANCIAL SERVICES GROUP INC,PNC,USD,Bank,Deposits,Savings,_MSBF,"Premiere
														Money Market Account ",50000,99999,Offline,,Fixed,0.13%,0.13%,Bank Website
 2018-05-30,US,New York,PNC FINANCIAL SERVICES GROUP INC,PNC,USD,Bank,Deposits,Savings,_MSBF,"Premiere
														Money Market Account ",100000,249999,Offline,,Fixed,0.15%,0.15%,Bank Website
 2018-05-30,US,New York,PNC FINANCIAL SERVICES GROUP INC,PNC,USD,Bank,Deposits,Savings,_MSBF,"Premiere
														Money Market Account ",250000,499999,Offline,,Fixed,0.15%,0.15%,Bank Website
 2018-05-30,US,New York,PNC FINANCIAL SERVICES GROUP INC,PNC,USD,Bank,Deposits,Savings,_MSBF,"Premiere
														Money Market Account ",500000,999999,Offline,,Fixed,0.17%,0.17%,Bank Website
 2018-05-30,US,New York,PNC FINANCIAL SERVICES GROUP INC,PNC,USD,Bank,Deposits,Savings,_MSBF,"Premiere
														Money Market Account ",1000000,,Offline,,Fixed,0.17%,0.17%,Bank Website
 2018-05-30,US,New York,PNC FINANCIAL SERVICES GROUP INC,PNC,USD,Bank,Deposits,CD,6MCDF,Fixed Rate Certificate of Deposit,1,999,Offline,6.0,Fixed,0.04%,0.04%,Bank Website
 2018-05-30,US,New York,PNC FINANCIAL SERVICES GROUP INC,PNC,USD,Bank,Deposits,CD,6MCDF,Fixed Rate Certificate of Deposit,1000,9999,Offline,6.0,Fixed,0.06%,0.06%,Bank Website
 2018-05-30,US,New York,PNC FINANCIAL SERVICES GROUP INC,PNC,USD,Bank,Deposits,CD,6MCDF,Fixed Rate Certificate of Deposit,10000,24999,Offline,6.0,Fixed,0.08%,0.08%,Bank Website
 2018-05-30,US,New York,PNC FINANCIAL SERVICES GROUP INC,PNC,USD,Bank,Deposits,CD,6MCDF,Fixed Rate Certificate of Deposit,25000,99999,Offline,6.0,Fixed,0.1%,0.1%,Bank Website
 2018-05-30,US,New York,PNC FINANCIAL SERVICES GROUP INC,PNC,USD,Bank,Deposits,CD,6MCDF,Fixed Rate Certificate of Deposit,100000,499999,Offline,6.0,Fixed,0.12%,0.12%,Bank Website
 2018-05-30,US,New York,PNC FINANCIAL SERVICES GROUP INC,PNC,USD,Bank,Deposits,CD,6MCDF,Fixed Rate Certificate of Deposit,500000,,Offline,6.0,Fixed,0.14%,0.14%,Bank Website
 2018-05-30,US,New York,PNC FINANCIAL SERVICES GROUP INC,PNC,USD,Bank,Deposits,CD,12MCDF,Fixed Rate Certificate of Deposit,1,999,Offline,12.0,Fixed,0.04%,0.04%,Bank Website
 2018-05-30,US,New York,PNC FINANCIAL SERVICES GROUP INC,PNC,USD,Bank,Deposits,CD,12MCDF,Fixed Rate Certificate of Deposit,1000,9999,Offline,12.0,Fixed,0.15%,0.15%,Bank Website
 2018-05-30,US,New York,PNC FINANCIAL SERVICES GROUP INC,PNC,USD,Bank,Deposits,CD,12MCDF,Fixed Rate Certificate of Deposit,10000,24999,Offline,12.0,Fixed,0.18%,0.18%,Bank Website
 2018-05-30,US,New York,PNC FINANCIAL SERVICES GROUP INC,PNC,USD,Bank,Deposits,CD,12MCDF,Fixed Rate Certificate of Deposit,25000,99999,Offline,12.0,Fixed,0.2%,0.2%,Bank Website
 2018-05-30,US,New York,PNC FINANCIAL SERVICES GROUP INC,PNC,USD,Bank,Deposits,CD,12MCDF,Fixed Rate Certificate of Deposit,100000,499999,Offline,12.0,Fixed,0.22%,0.22%,Bank Website
 2018-05-30,US,New York,PNC FINANCIAL SERVICES GROUP INC,PNC,USD,Bank,Deposits,CD,12MCDF,Fixed Rate Certificate of Deposit,500000,,Offline,12.0,Fixed,0.24%,0.24%,Bank Website
 2018-05-30,US,New York,PNC FINANCIAL SERVICES GROUP INC,PNC,USD,Bank,Deposits,CD,36MCDF,Fixed Rate Certificate of Deposit,1,999,Offline,36.0,Fixed,0.04%,0.04%,Bank Website
 2018-05-30,US,New York,PNC FINANCIAL SERVICES GROUP INC,PNC,USD,Bank,Deposits,CD,36MCDF,Fixed Rate Certificate of Deposit,1000,9999,Offline,36.0,Fixed,0.3%,0.3%,Bank Website
 2018-05-30,US,New York,PNC FINANCIAL SERVICES GROUP INC,PNC,USD,Bank,Deposits,CD,36MCDF,Fixed Rate Certificate of Deposit,10000,24999,Offline,36.0,Fixed,0.35%,0.35%,Bank Website
 2018-05-30,US,New York,PNC FINANCIAL SERVICES GROUP INC,PNC,USD,Bank,Deposits,CD,36MCDF,Fixed Rate Certificate of Deposit,25000,99999,Offline,36.0,Fixed,0.4%,0.4%,Bank Website
 2018-05-30,US,New York,PNC FINANCIAL SERVICES GROUP INC,PNC,USD,Bank,Deposits,CD,36MCDF,Fixed Rate Certificate of Deposit,100000,499999,Offline,36.0,Fixed,0.45%,0.45%,Bank Website
 2018-05-30,US,New York,PNC FINANCIAL SERVICES GROUP INC,PNC,USD,Bank,Deposits,CD,36MCDF,Fixed Rate Certificate of Deposit,500000,,Offline,36.0,Fixed,0.5%,0.5%,Bank Website
 2018-05-30,US,New York,PNC FINANCIAL SERVICES GROUP INC,PNC,USD,Bank,Deposits,CD,12MCDF,Ready Access Certificate of Deposit,1000,,Offline,12.0,Fixed,0.15%,0.15%,Bank Website
 2018-05-30,US,New York,SUNTRUST BANKS INC,STI,USD,Bank,Deposits,Savings,_MSBF,Select Savings,1000,,Offline,,Fixed,0.01%,0.01%,Bank Website
 2018-05-30,US,New York,SUNTRUST BANKS INC,STI,USD,Bank,Deposits,Savings,_MSBF,Select Savings,,2499,Offline,,Fixed,,,Bank Website
 2018-05-30,US,New York,SUNTRUST BANKS INC,STI,USD,Bank,Deposits,Savings,_MSBF,Select Savings,2500,9999,Offline,,Fixed,,,Bank Website
 2018-05-30,US,New York,SUNTRUST BANKS INC,STI,USD,Bank,Deposits,Savings,_MSBF,Select Savings,10000,24999,Offline,,Fixed,,,Bank Website
 2018-05-30,US,New York,SUNTRUST BANKS INC,STI,USD,Bank,Deposits,Savings,_MSBF,Select Savings,25000,49999,Offline,,Fixed,,,Bank Website
 2018-05-30,US,New York,SUNTRUST BANKS INC,STI,USD,Bank,Deposits,Savings,_MSBF,Select Savings,50000,99999,Offline,,Fixed,,,Bank Website
 2018-05-30,US,New York,SUNTRUST BANKS INC,STI,USD,Bank,Deposits,Savings,_MSBF,Select Savings,100000,249999,Offline,,Fixed,,,Bank Website
 2018-05-30,US,New York,SUNTRUST BANKS INC,STI,USD,Bank,Deposits,Savings,_MSBF,Select Savings,250000,499999,Offline,,Fixed,,,Bank Website
 2018-05-30,US,New York,SUNTRUST BANKS INC,STI,USD,Bank,Deposits,Savings,_MSBF,Select Savings,500000,999999,Offline,,Fixed,,,Bank Website
 2018-05-30,US,New York,SUNTRUST BANKS INC,STI,USD,Bank,Deposits,Savings,_MSBF,Select Savings,1,,Offline,,Fixed,,,Bank Website
 2018-05-30,US,New York,SUNTRUST BANKS INC,STI,USD,Bank,Deposits,Savings,_MSBF,Balanced Banking,3000,,Offline,,Fixed,,,Bank Website
 2018-05-30,US,New York,SUNTRUST BANKS INC,STI,USD,Bank,Deposits,Checking,_MCCF,Essential Checking,500,,Offline,,Fixed,,,Bank Website
 2018-05-30,US,New York,SUNTRUST BANKS INC,STI,USD,Bank,Deposits,Checking,_MCCF,Select Checking,,2499,Offline,,Fixed,,0.01%,Bank Website
 2018-05-30,US,New York,SUNTRUST BANKS INC,STI,USD,Bank,Deposits,Checking,_MCCF,Select Checking,2500,9999,Offline,,Fixed,,0.01%,Bank Website
 2018-05-30,US,New York,SUNTRUST BANKS INC,STI,USD,Bank,Deposits,Checking,_MCCF,Select Checking,10000,24999,Offline,,Fixed,,0.01%,Bank Website
 2018-05-30,US,New York,SUNTRUST BANKS INC,STI,USD,Bank,Deposits,Checking,_MCCF,Select Checking,25000,,Offline,,Fixed,,0.01%,Bank Website
 2018-05-30,US,New York,SUNTRUST BANKS INC,STI,USD,Bank,Deposits,Checking,_MCCF,Signature Advantage Checking,,9999,Offline,,Fixed,,0.01%,Bank Website
 2018-05-30,US,New York,SUNTRUST BANKS INC,STI,USD,Bank,Deposits,Checking,_MCCF,Signature Advantage Checking,10000,24999,Offline,,Fixed,,0.01%,Bank Website
 2018-05-30,US,New York,SUNTRUST BANKS INC,STI,USD,Bank,Deposits,Checking,_MCCF,Signature Advantage Checking,25000,49999,Offline,,Fixed,,0.01%,Bank Website
 2018-05-30,US,New York,SUNTRUST BANKS INC,STI,USD,Bank,Deposits,Checking,_MCCF,Signature Advantage Checking,50000,99999,Offline,,Fixed,,0.01%,Bank Website
 2018-05-30,US,New York,SUNTRUST BANKS INC,STI,USD,Bank,Deposits,Checking,_MCCF,Signature Advantage Checking,100000,249999,Offline,,Fixed,,0.01%,Bank Website
 2018-05-30,US,New York,SUNTRUST BANKS INC,STI,USD,Bank,Deposits,Checking,_MCCF,Signature Advantage Checking,250000,499999,Offline,,Fixed,,0.01%,Bank Website
 2018-05-30,US,New York,SUNTRUST BANKS INC,STI,USD,Bank,Deposits,Checking,_MCCF,Signature Advantage Checking,500000,999999,Offline,,Fixed,,0.01%,Bank Website
 2018-05-30,US,New York,SUNTRUST BANKS INC,STI,USD,Bank,Deposits,Checking,_MCCF,Signature Advantage Checking,1000000,1999999,Offline,,Fixed,,0.01%,Bank Website
 2018-05-30,US,New York,SUNTRUST BANKS INC,STI,USD,Bank,Deposits,Checking,_MCCF,Signature Advantage Checking,2000000,,Offline,,Fixed,,0.01%,Bank Website
 2018-05-30,US,New York,SUNTRUST BANKS INC,STI,USD,Bank,Deposits,Savings,_MSBF,Signature Advantage Brokerage,,9999,Offline,,Fixed,,0.01%,Bank Website
 2018-05-30,US,New York,SUNTRUST BANKS INC,STI,USD,Bank,Deposits,Savings,_MSBF,Signature Advantage Brokerage,10000,24999,Offline,,Fixed,,0.03%,Bank Website
 2018-05-30,US,New York,SUNTRUST BANKS INC,STI,USD,Bank,Deposits,Savings,_MSBF,Signature Advantage Brokerage,25000,49999,Offline,,Fixed,,0.05%,Bank Website
 2018-05-30,US,New York,SUNTRUST BANKS INC,STI,USD,Bank,Deposits,Savings,_MSBF,Signature Advantage Brokerage,50000,99999,Offline,,Fixed,,0.05%,Bank Website
 2018-05-30,US,New York,SUNTRUST BANKS INC,STI,USD,Bank,Deposits,Savings,_MSBF,Signature Advantage Brokerage,100000,249999,Offline,,Fixed,,0.05%,Bank Website
 2018-05-30,US,New York,SUNTRUST BANKS INC,STI,USD,Bank,Deposits,Savings,_MSBF,Signature Advantage Brokerage,250000,499999,Offline,,Fixed,,0.05%,Bank Website
 2018-05-30,US,New York,SUNTRUST BANKS INC,STI,USD,Bank,Deposits,Savings,_MSBF,Signature Advantage Brokerage,500000,999999,Offline,,Fixed,,0.05%,Bank Website
 2018-05-30,US,New York,SUNTRUST BANKS INC,STI,USD,Bank,Deposits,Savings,_MSBF,Signature Advantage Brokerage,1000000,1999999,Offline,,Fixed,,0.05%,Bank Website
 2018-05-30,US,New York,SUNTRUST BANKS INC,STI,USD,Bank,Deposits,Savings,_MSBF,Signature Advantage Brokerage,2000000,,Offline,,Fixed,,0.05%,Bank Website
 2018-05-30,US,New York,SYNCHRONY,SYF,USD,Bank,Deposits,CD,6MCDF,CD_6 MONTH,2000,,Online,6.0,Fixed,,1.0%,Bank Website
 2018-05-30,US,New York,SYNCHRONY,SYF,USD,Bank,Deposits,CD,12MCDF,CD_12 MONTH,2000,,Online,12.0,Fixed,,2.25%,Bank Website
 2018-05-30,US,New York,SYNCHRONY,SYF,USD,Bank,Deposits,CD,36MCDF,CD_36 MONTH,2000,,Online,36.0,Fixed,,2.55%,Bank Website
 2018-05-30,US,New York,SYNCHRONY,SYF,USD,Bank,Deposits,Savings,_MSBF,Money Market Rates and Terms,0,4999,Online,,Fixed,,1.05%,Bank Website
 2018-05-30,US,New York,SYNCHRONY,SYF,USD,Bank,Deposits,Savings,_MSBF,Money Market Rates and Terms,5000,24999,Online,,Fixed,,1.05%,Bank Website
 2018-05-30,US,New York,SYNCHRONY,SYF,USD,Bank,Deposits,Savings,_MSBF,Money Market Rates and Terms,25000,99999999999,Online,,Fixed,,1.05%,Bank Website
 2018-05-30,US,New York,SYNCHRONY,SYF,USD,Bank,Deposits,Savings,_MSBF,HYS Rates and Terms,0,4999,Online,,Fixed,,1.65%,Bank Website
 2018-05-30,US,New York,SYNCHRONY,SYF,USD,Bank,Deposits,Savings,_MSBF,HYS Rates and Terms,5000,24999,Online,,Fixed,,1.65%,Bank Website
 2018-05-30,US,New York,SYNCHRONY,SYF,USD,Bank,Deposits,Savings,_MSBF,HYS Rates and Terms,25000,99999999999,Online,,Fixed,,1.65%,Bank Website
 2018-05-30,US,New York,WELLS FARGO,WFC,USD,Bank,Deposits,Savings,_MSBF,Wells Fargo Way2Save Savings,0,,Offline,,Fixed,0.01%,0.01%,Bank Website
 2018-05-30,US,New York,WELLS FARGO,WFC,USD,Bank,Deposits,Savings,_MSBF,Platinum Savings - Standard Interest Rate,0,99999,Offline,,Fixed,0.03%,0.03%,Bank Website
 2018-05-30,US,New York,WELLS FARGO,WFC,USD,Bank,Deposits,Savings,_MSBF,Platinum Savings - Standard Interest Rate,100000,,Offline,,Fixed,0.05%,0.05%,Bank Website
 2018-05-30,US,New York,WELLS FARGO,WFC,USD,Bank,Deposits,CD,6MCDF,Standard CD Rates,0,4999,Offline,6.0,Fixed,0.05%,0.05%,Bank Website
 2018-05-30,US,New York,WELLS FARGO,WFC,USD,Bank,Deposits,CD,6MCDF,Standard CD Rates,5000,9999,Offline,6.0,Fixed,0.05%,0.05%,Bank Website
 2018-05-30,US,New York,WELLS FARGO,WFC,USD,Bank,Deposits,CD,6MCDF,Standard CD Rates,10000,24999,Offline,6.0,Fixed,0.05%,0.05%,Bank Website
 2018-05-30,US,New York,WELLS FARGO,WFC,USD,Bank,Deposits,CD,6MCDF,Standard CD Rates,25000,49999,Offline,6.0,Fixed,0.05%,0.05%,Bank Website
 2018-05-30,US,New York,WELLS FARGO,WFC,USD,Bank,Deposits,CD,6MCDF,Standard CD Rates,50000,99999,Offline,6.0,Fixed,0.05%,0.05%,Bank Website
 2018-05-30,US,New York,WELLS FARGO,WFC,USD,Bank,Deposits,CD,6MCDF,Standard CD Rates,100000,,Offline,6.0,Fixed,0.05%,0.05%,Bank Website
 2018-05-30,US,New York,WELLS FARGO,WFC,USD,Bank,Deposits,CD,12MCDF,Standard CD Rates,0,4999,Offline,12.0,Fixed,0.10%,0.10%,Bank Website
 2018-05-30,US,New York,WELLS FARGO,WFC,USD,Bank,Deposits,CD,12MCDF,Standard CD Rates,5000,9999,Offline,12.0,Fixed,0.10%,0.10%,Bank Website
 2018-05-30,US,New York,WELLS FARGO,WFC,USD,Bank,Deposits,CD,12MCDF,Standard CD Rates,10000,24999,Offline,12.0,Fixed,0.10%,0.10%,Bank Website
 2018-05-30,US,New York,WELLS FARGO,WFC,USD,Bank,Deposits,CD,12MCDF,Standard CD Rates,25000,49999,Offline,12.0,Fixed,0.10%,0.10%,Bank Website
 2018-05-30,US,New York,WELLS FARGO,WFC,USD,Bank,Deposits,CD,12MCDF,Standard CD Rates,50000,99999,Offline,12.0,Fixed,0.10%,0.10%,Bank Website
 2018-05-30,US,New York,WELLS FARGO,WFC,USD,Bank,Deposits,CD,12MCDF,Standard CD Rates,100000,,Offline,12.0,Fixed,0.10%,0.10%,Bank Website
 2018-05-30,US,New York,WELLS FARGO,WFC,USD,Bank,Deposits,Checking,_MCCF,Wells Fargo Everyday Checking,,,Offline,,Fixed,,,Bank Website
