Date,Bank_Native_Country,State,Bank_Name,Ticker,Bank_Local_Currency,Bank_Type,Bank_Product,Bank_Product_Type,Bank_Product_Code,Bank_Product_Name,Min_Loan_Amount,Bank_Offer_Feature,Term_in_Year,Interest_Type,Interest,APR,Mortgage_Loan_Amt,Mortgage_Down_Payment,Credit_Score,Mortgage_Category,Mortgage_Reason,Mortgage_Pymt_Mode,Source
 2018-05-25,US,New York,ALLY,ALLY,USD,Bank,Mortgages,Mortgages,30YMF,Fixed Rate Mortgage _ 30-yr,,Online,30.0,Fixed,4.625%,4.658%,300000.0,20%,720+,New Purchase,Primary Residence,Principal + Interest,Bank Website
 2018-05-25,US,New York,ALLY,ALLY,USD,Bank,Mortgages,Mortgages,20YMF,Fixed Rate Mortgage _ 20-yr,,Online,20.0,Fixed,4.500%,4.503%,300000.0,20%,720+,New Purchase,Primary Residence,Principal + Interest,Bank Website
 2018-05-25,US,New York,ALLY,ALLY,USD,Bank,Mortgages,Mortgages,15YMF,Fixed Rate Mortgage _ 15-yr,,Online,15.0,Fixed,4.125%,4.160%,300000.0,20%,720+,New Purchase,Primary Residence,Principal + Interest,Bank Website
 2018-05-25,US,New York,ALLY,ALLY,USD,Bank,Mortgages,Mortgages,10YMF,Fixed Rate Mortgage _ 10-yr,,Online,10.0,Fixed,4.250%,4.311%,300000.0,20%,720+,New Purchase,Primary Residence,Principal + Interest,Bank Website
 2018-05-25,US,New York,ALLY,ALLY,USD,Bank,Mortgages,Mortgages,30YMV,Adjustable Rate Mortgage _ 10/1,,Online,30.0,Variable,4.750%,4.888%,300000.0,20%,720+,New Purchase,Primary Residence,Principal + Interest,Bank Website
 2018-05-25,US,New York,ALLY,ALLY,USD,Bank,Mortgages,Mortgages,30YMV,Adjustable Rate Mortgage _ 7/1,,Online,30.0,Variable,4.750%,4.929%,300000.0,20%,720+,New Purchase,Primary Residence,Principal + Interest,Bank Website
 2018-05-25,US,New York,ALLY,ALLY,USD,Bank,Mortgages,Mortgages,30YMV,Adjustable Rate Mortgage _ 5/1,,Online,30.0,Variable,4.750%,4.943%,300000.0,20%,720+,New Purchase,Primary Residence,Principal + Interest,Bank Website
 2018-05-25,US,New York,BANK OF AMERICA CORP,BAC,USD,Bank,Mortgages,Mortgages,30YMF,Fixed 30 Years,,Offline,30.0,Fixed,4.5%,4.859%,100000.0,20%,740+,New Purchase,Primary Residence,Principal + Interest,Bank Website
 2018-05-25,US,New York,BANK OF AMERICA CORP,BAC,USD,Bank,Mortgages,Mortgages,20YMF,Fixed 20 Years,,Offline,20.0,Fixed,4.25%,4.766%,100000.0,20%,740+,New Purchase,Primary Residence,Principal + Interest,Bank Website
 2018-05-25,US,New York,BANK OF AMERICA CORP,BAC,USD,Bank,Mortgages,Mortgages,15YMF,Fixed 15 Years,,Offline,15.0,Fixed,4.0%,4.616%,100000.0,20%,740+,New Purchase,Primary Residence,Principal + Interest,Bank Website
 2018-05-25,US,New York,BANK OF AMERICA CORP,BAC,USD,Bank,Mortgages,Mortgages,30YMV,10/1 ARM variable,,Offline,30.0,Variable,4.25%,4.884%,100000.0,20%,740+,New Purchase,Primary Residence,Principal + Interest,Bank Website
 2018-05-25,US,New York,BANK OF AMERICA CORP,BAC,USD,Bank,Mortgages,Mortgages,30YMV,7/1 ARM variable,,Offline,30.0,Variable,4.0%,4.874%,100000.0,20%,740+,New Purchase,Primary Residence,Principal + Interest,Bank Website
 2018-05-25,US,New York,BANK OF AMERICA CORP,BAC,USD,Bank,Mortgages,Mortgages,30YMV,5/1 ARM variable,,Offline,30.0,Variable,3.75%,4.916%,100000.0,20%,740+,New Purchase,Primary Residence,Principal + Interest,Bank Website
 2018-05-25,US,New York,BANK OF AMERICA CORP,BAC,USD,Bank,Mortgages,Mortgages,30YMF,Fixed 30 Years,,Offline,30.0,Fixed,4.375%,4.722%,300000.0,20%,740+,New Purchase,Primary Residence,Principal + Interest,Bank Website
 2018-05-25,US,New York,BANK OF AMERICA CORP,BAC,USD,Bank,Mortgages,Mortgages,20YMF,Fixed 20 Years,,Offline,20.0,Fixed,4.25%,4.705%,300000.0,20%,740+,New Purchase,Primary Residence,Principal + Interest,Bank Website
 2018-05-25,US,New York,BANK OF AMERICA CORP,BAC,USD,Bank,Mortgages,Mortgages,15YMF,Fixed 15 Years,,Offline,15.0,Fixed,4.0%,4.616%,300000.0,20%,740+,New Purchase,Primary Residence,Principal + Interest,Bank Website
 2018-05-25,US,New York,BANK OF AMERICA CORP,BAC,USD,Bank,Mortgages,Mortgages,30YMV,10/1 ARM variable,,Offline,30.0,Variable,4.125%,4.799%,300000.0,20%,740+,New Purchase,Primary Residence,Principal + Interest,Bank Website
 2018-05-25,US,New York,BANK OF AMERICA CORP,BAC,USD,Bank,Mortgages,Mortgages,30YMV,7/1 ARM variable,,Offline,30.0,Variable,3.875%,4.8%,300000.0,20%,740+,New Purchase,Primary Residence,Principal + Interest,Bank Website
 2018-05-25,US,New York,BANK OF AMERICA CORP,BAC,USD,Bank,Mortgages,Mortgages,30YMV,5/1 ARM variable,,Offline,30.0,Variable,3.625%,4.855%,300000.0,20%,740+,New Purchase,Primary Residence,Principal + Interest,Bank Website
 2018-05-25,US,New York,BANK OF AMERICA CORP,BAC,USD,Bank,Mortgages,Mortgages,30YMF,Fixed 30 Years,,Offline,30.0,Fixed,4.375%,4.722%,500000.0,20%,740+,New Purchase,Primary Residence,Principal + Interest,Bank Website
 2018-05-25,US,New York,BANK OF AMERICA CORP,BAC,USD,Bank,Mortgages,Mortgages,20YMF,Fixed 20 Years,,Offline,20.0,Fixed,4.25%,4.705%,500000.0,20%,740+,New Purchase,Primary Residence,Principal + Interest,Bank Website
 2018-05-25,US,New York,BANK OF AMERICA CORP,BAC,USD,Bank,Mortgages,Mortgages,15YMF,Fixed 15 Years,,Offline,15.0,Fixed,4.0%,4.616%,500000.0,20%,740+,New Purchase,Primary Residence,Principal + Interest,Bank Website
 2018-05-25,US,New York,BANK OF AMERICA CORP,BAC,USD,Bank,Mortgages,Mortgages,30YMV,10/1 ARM variable,,Offline,30.0,Variable,4.125%,4.799%,500000.0,20%,740+,New Purchase,Primary Residence,Principal + Interest,Bank Website
 2018-05-25,US,New York,BANK OF AMERICA CORP,BAC,USD,Bank,Mortgages,Mortgages,30YMV,7/1 ARM variable,,Offline,30.0,Variable,3.875%,4.8%,500000.0,20%,740+,New Purchase,Primary Residence,Principal + Interest,Bank Website
 2018-05-25,US,New York,BANK OF AMERICA CORP,BAC,USD,Bank,Mortgages,Mortgages,30YMV,5/1 ARM variable,,Offline,30.0,Variable,3.625%,4.855%,500000.0,20%,740+,New Purchase,Primary Residence,Principal + Interest,Bank Website
 2018-05-25,US,New York,CITIGROUP INC,C,USD,Bank,Mortgages,Mortgages,30YMV,3/1 Libor ARM,,Offline,30.0,Variable,4.250%,5.137%,100000.0,20%,720+,New Purchase,Primary Residence,Principal + Interest,Bank Website
 2018-05-25,US,New York,CITIGROUP INC,C,USD,Bank,Mortgages,Mortgages,30YMF,30 Year Fixed,,Offline,30.0,Fixed,4.750%,5.071%,100000.0,20%,720+,New Purchase,Primary Residence,Principal + Interest,Bank Website
 2018-05-25,US,New York,CITIGROUP INC,C,USD,Bank,Mortgages,Mortgages,10YMF,10 Year Fixed,,Offline,10.0,Fixed,4.125%,4.879%,100000.0,20%,720+,New Purchase,Primary Residence,Principal + Interest,Bank Website
 2018-05-25,US,New York,CITIGROUP INC,C,USD,Bank,Mortgages,Mortgages,30YMV,7/1 Libor ARM,,Offline,30.0,Variable,4.125%,4.897%,100000.0,20%,720+,New Purchase,Primary Residence,Principal + Interest,Bank Website
 2018-05-25,US,New York,CITIGROUP INC,C,USD,Bank,Mortgages,Mortgages,30YMV,10/1 Libor ARM,,Offline,30.0,Variable,4.375%,4.908%,100000.0,20%,720+,New Purchase,Primary Residence,Principal + Interest,Bank Website
 2018-05-25,US,New York,CITIGROUP INC,C,USD,Bank,Mortgages,Mortgages,30YMV,5/1 Libor ARM,,Offline,30.0,Variable,4.125%,4.988%,100000.0,20%,720+,New Purchase,Primary Residence,Principal + Interest,Bank Website
 2018-05-25,US,New York,CITIGROUP INC,C,USD,Bank,Mortgages,Mortgages,20YMF,20 Year Fixed,,Offline,20.0,Fixed,4.625%,5.029%,100000.0,20%,720+,New Purchase,Primary Residence,Principal + Interest,Bank Website
 2018-05-25,US,New York,CITIGROUP INC,C,USD,Bank,Mortgages,Mortgages,15YMF,15 Year Fixed,,Offline,15.0,Fixed,4.000%,4.582%,100000.0,20%,720+,New Purchase,Primary Residence,Principal + Interest,Bank Website
 2018-05-25,US,New York,CITIGROUP INC,C,USD,Bank,Mortgages,Mortgages,10YMF,10 Year Fixed,,Offline,10.0,Fixed,4.125%,4.497%,300000.0,20%,720+,New Purchase,Primary Residence,Principal + Interest,Bank Website
 2018-05-25,US,New York,CITIGROUP INC,C,USD,Bank,Mortgages,Mortgages,30YMV,7/1 Libor ARM,,Offline,30.0,Variable,4.125%,4.744%,300000.0,20%,720+,New Purchase,Primary Residence,Principal + Interest,Bank Website
 2018-05-25,US,New York,CITIGROUP INC,C,USD,Bank,Mortgages,Mortgages,15YMF,15 Year Fixed,,Offline,15.0,Fixed,4.000%,4.315%,300000.0,20%,720+,New Purchase,Primary Residence,Principal + Interest,Bank Website
 2018-05-25,US,New York,CITIGROUP INC,C,USD,Bank,Mortgages,Mortgages,30YMV,5/1 Libor ARM,,Offline,30.0,Variable,4.125%,4.834%,300000.0,20%,720+,New Purchase,Primary Residence,Principal + Interest,Bank Website
 2018-05-25,US,New York,CITIGROUP INC,C,USD,Bank,Mortgages,Mortgages,30YMF,30 Year Fixed,,Offline,30.0,Fixed,4.750%,4.914%,300000.0,20%,720+,New Purchase,Primary Residence,Principal + Interest,Bank Website
 2018-05-25,US,New York,CITIGROUP INC,C,USD,Bank,Mortgages,Mortgages,30YMV,3/1 Libor ARM,,Offline,30.0,Variable,4.250%,4.981%,300000.0,20%,720+,New Purchase,Primary Residence,Principal + Interest,Bank Website
 2018-05-25,US,New York,CITIGROUP INC,C,USD,Bank,Mortgages,Mortgages,30YMV,10/1 Libor ARM,,Offline,30.0,Variable,4.375%,4.754%,300000.0,20%,720+,New Purchase,Primary Residence,Principal + Interest,Bank Website
 2018-05-25,US,New York,CITIGROUP INC,C,USD,Bank,Mortgages,Mortgages,20YMF,20 Year Fixed,,Offline,20.0,Fixed,4.625%,4.817%,300000.0,20%,720+,New Purchase,Primary Residence,Principal + Interest,Bank Website
 2018-05-25,US,New York,CITIGROUP INC,C,USD,Bank,Mortgages,Mortgages,20YMF,20 Year Fixed,,Offline,20.0,Fixed,4.500%,4.664%,500000.0,20%,720+,New Purchase,Primary Residence,Principal + Interest,Bank Website
 2018-05-25,US,New York,CITIGROUP INC,C,USD,Bank,Mortgages,Mortgages,30YMV,5/1 Libor ARM,,Offline,30.0,Variable,4.000%,4.768%,500000.0,20%,720+,New Purchase,Primary Residence,Principal + Interest,Bank Website
 2018-05-25,US,New York,CITIGROUP INC,C,USD,Bank,Mortgages,Mortgages,30YMV,7/1 Libor ARM,,Offline,30.0,Variable,3.875%,4.604%,500000.0,20%,720+,New Purchase,Primary Residence,Principal + Interest,Bank Website
 2018-05-25,US,New York,CITIGROUP INC,C,USD,Bank,Mortgages,Mortgages,10YMF,10 Year Fixed,,Offline,10.0,Fixed,4.375%,4.7%,500000.0,20%,720+,New Purchase,Primary Residence,Principal + Interest,Bank Website
 2018-05-25,US,New York,CITIGROUP INC,C,USD,Bank,Mortgages,Mortgages,30YMV,10/1 Libor ARM,,Offline,30.0,Variable,4.125%,4.599%,500000.0,20%,720+,New Purchase,Primary Residence,Principal + Interest,Bank Website
 2018-05-25,US,New York,CITIGROUP INC,C,USD,Bank,Mortgages,Mortgages,30YMV,3/1 Libor ARM,,Offline,30.0,Variable,3.875%,4.87%,500000.0,20%,720+,New Purchase,Primary Residence,Principal + Interest,Bank Website
 2018-05-25,US,New York,CITIGROUP INC,C,USD,Bank,Mortgages,Mortgages,15YMF,15 Year Fixed,,Offline,15.0,Fixed,4.375%,4.621%,500000.0,20%,720+,New Purchase,Primary Residence,Principal + Interest,Bank Website
 2018-05-25,US,New York,CITIGROUP INC,C,USD,Bank,Mortgages,Mortgages,30YMF,30 Year Fixed,,Offline,30.0,Fixed,4.375%,4.526%,500000.0,20%,720+,New Purchase,Primary Residence,Principal + Interest,Bank Website
 2018-05-25,US,New York,JP MORGAN CHASE & Co.,JPM,USD,Bank,Mortgages,Mortgages,30YMF,Mortgage_30-yr,,Offline,30.0,Fixed,4.875%,5.176%,100000.0,20%,720+,New Purchase,Primary Residence,Principal + Interest,Bank Website
 2018-05-25,US,New York,JP MORGAN CHASE & Co.,JPM,USD,Bank,Mortgages,Mortgages,20YMF,Mortgage_20-yr,,Offline,20.0,Fixed,4.625%,5.032%,100000.0,20%,720+,New Purchase,Primary Residence,Principal + Interest,Bank Website
 2018-05-25,US,New York,JP MORGAN CHASE & Co.,JPM,USD,Bank,Mortgages,Mortgages,15YMF,Mortgage_15-yr,,Offline,15.0,Fixed,4.375%,4.909%,100000.0,20%,720+,New Purchase,Primary Residence,Principal + Interest,Bank Website
 2018-05-25,US,New York,JP MORGAN CHASE & Co.,JPM,USD,Bank,Mortgages,Mortgages,30YMV,Mortgage_7/1,,Offline,30.0,Variable,5.125%,5.344%,100000.0,20%,720+,New Purchase,Primary Residence,Principal + Interest,Bank Website
 2018-05-25,US,New York,JP MORGAN CHASE & Co.,JPM,USD,Bank,Mortgages,Mortgages,30YMV,Mortgage_5/1,,Offline,30.0,Variable,4.875%,5.255%,100000.0,20%,720+,New Purchase,Primary Residence,Principal + Interest,Bank Website
 2018-05-25,US,New York,JP MORGAN CHASE & Co.,JPM,USD,Bank,Mortgages,Mortgages,30YMF,Mortgage_30-yr,,Offline,30.0,Fixed,4.750%,4.844%,300000.0,20%,720+,New Purchase,Primary Residence,Principal + Interest,Bank Website
 2018-05-25,US,New York,JP MORGAN CHASE & Co.,JPM,USD,Bank,Mortgages,Mortgages,20YMF,Mortgage_20-yr,,Offline,20.0,Fixed,4.500%,4.643%,300000.0,20%,720+,New Purchase,Primary Residence,Principal + Interest,Bank Website
 2018-05-25,US,New York,JP MORGAN CHASE & Co.,JPM,USD,Bank,Mortgages,Mortgages,15YMF,Mortgage_15-yr,,Offline,15.0,Fixed,4.125%,4.305%,300000.0,20%,720+,New Purchase,Primary Residence,Principal + Interest,Bank Website
 2018-05-25,US,New York,JP MORGAN CHASE & Co.,JPM,USD,Bank,Mortgages,Mortgages,30YMV,Mortgage_7/1,,Offline,30.0,Variable,4.625%,4.911%,300000.0,20%,720+,New Purchase,Primary Residence,Principal + Interest,Bank Website
 2018-05-25,US,New York,JP MORGAN CHASE & Co.,JPM,USD,Bank,Mortgages,Mortgages,30YMV,Mortgage_5/1,,Offline,30.0,Variable,4.500%,4.898%,300000.0,20%,720+,New Purchase,Primary Residence,Principal + Interest,Bank Website
 2018-05-25,US,New York,JP MORGAN CHASE & Co.,JPM,USD,Bank,Mortgages,Mortgages,30YMF,Mortgage_30-yr,,Offline,30.0,Fixed,4.750%,4.796%,500000.0,20%,720+,New Purchase,Primary Residence,Principal + Interest,Bank Website
 2018-05-25,US,New York,JP MORGAN CHASE & Co.,JPM,USD,Bank,Mortgages,Mortgages,15YMF,Mortgage_15-yr,,Offline,15.0,Fixed,4.500%,4.616%,500000.0,20%,720+,New Purchase,Primary Residence,Principal + Interest,Bank Website
 2018-05-25,US,New York,JP MORGAN CHASE & Co.,JPM,USD,Bank,Mortgages,Mortgages,30YMV,Mortgage_7/1,,Offline,30.0,Variable,4.125%,4.640%,500000.0,20%,720+,New Purchase,Primary Residence,Principal + Interest,Bank Website
 2018-05-25,US,New York,JP MORGAN CHASE & Co.,JPM,USD,Bank,Mortgages,Mortgages,30YMV,Mortgage_5/1,,Offline,30.0,Variable,4.125%,4.740%,500000.0,20%,720+,New Purchase,Primary Residence,Principal + Interest,Bank Website
 2018-05-25,US,New York,JP MORGAN CHASE & Co.,JPM,USD,Bank,Mortgages,Mortgages,30YMV,Mortgage_10/1,,Offline,30.0,Variable,4.625%,4.807%,500000.0,20%,720+,New Purchase,Primary Residence,Principal + Interest,Bank Website
 2018-05-25,US,New York,PNC FINANCIAL SERVICES GROUP INC,PNC,USD,Bank,Mortgages,Mortgages,30YMF,FHA 30 Yr Fixed,,Offline,30.0,Fixed,4.625%,5.493%,100000.0,20%,720+,New Purchase,Primary Residence,Principal + Interest,Bank Website
 2018-05-25,US,New York,PNC FINANCIAL SERVICES GROUP INC,PNC,USD,Bank,Mortgages,Mortgages,15YMF,FHA 15 Yr Fixed,,Offline,15.0,Fixed,4.5%,5.591%,100000.0,20%,720+,New Purchase,Primary Residence,Principal + Interest,Bank Website
 2018-05-25,US,New York,PNC FINANCIAL SERVICES GROUP INC,PNC,USD,Bank,Mortgages,Mortgages,30YMF,FHA 30 Yr Fixed,,Offline,30.0,Fixed,4.375%,5.2%,300000.0,20%,720+,New Purchase,Primary Residence,Principal + Interest,Bank Website
 2018-05-25,US,New York,PNC FINANCIAL SERVICES GROUP INC,PNC,USD,Bank,Mortgages,Mortgages,15YMF,FHA 15 Yr Fixed,,Offline,15.0,Fixed,4.0%,5.014%,300000.0,20%,720+,New Purchase,Primary Residence,Principal + Interest,Bank Website
 2018-05-25,US,New York,PNC FINANCIAL SERVICES GROUP INC,PNC,USD,Bank,Mortgages,Mortgages,30YMF,FHA 30 YR FIXED,,Offline,30.0,Fixed,4.25%,5.061%,500000.0,20%,720+,New Purchase,Primary Residence,Principal + Interest,Bank Website
 2018-05-25,US,New York,PNC FINANCIAL SERVICES GROUP INC,PNC,USD,Bank,Mortgages,Mortgages,30YMV,FHA 5-1 ARM,,Offline,30.0,Variable,4.75%,5.427%,500000.0,20%,720+,New Purchase,Primary Residence,Principal + Interest,Bank Website
 2018-05-25,US,New York,PNC FINANCIAL SERVICES GROUP INC,PNC,USD,Bank,Mortgages,Mortgages,30YMF,VA 30 Yr Fixed,,Offline,30.0,Fixed,4.75%,5.076%,100000.0,20%,720+,New Purchase,Primary Residence,Principal + Interest,Bank Website
 2018-05-25,US,New York,PNC FINANCIAL SERVICES GROUP INC,PNC,USD,Bank,Mortgages,Mortgages,15YMF,VA 15 Yr Fixed,,Offline,15.0,Fixed,4.5%,5.1%,100000.0,20%,720+,New Purchase,Primary Residence,Principal + Interest,Bank Website
 2018-05-25,US,New York,PNC FINANCIAL SERVICES GROUP INC,PNC,USD,Bank,Mortgages,Mortgages,30YMF,VA 30 Yr Fixed,,Offline,30.0,Fixed,4.375%,4.682%,300000.0,20%,720+,New Purchase,Primary Residence,Principal + Interest,Bank Website
 2018-05-25,US,New York,PNC FINANCIAL SERVICES GROUP INC,PNC,USD,Bank,Mortgages,Mortgages,15YMF,VA 15 Yr Fixed,,Offline,15.0,Fixed,4.0%,4.513%,300000.0,20%,720+,New Purchase,Primary Residence,Principal + Interest,Bank Website
 2018-05-25,US,New York,PNC FINANCIAL SERVICES GROUP INC,PNC,USD,Bank,Mortgages,Mortgages,30YMF,VA 30 YR FIXED,,Offline,30.0,Fixed,4.25%,4.539%,500000.0,20%,720+,New Purchase,Primary Residence,Principal + Interest,Bank Website
 2018-05-25,US,New York,PNC FINANCIAL SERVICES GROUP INC,PNC,USD,Bank,Mortgages,Mortgages,30YMV,VA 5-1 ARM,,Offline,30.0,Variable,4.75%,4.846%,500000.0,20%,720+,New Purchase,Primary Residence,Principal + Interest,Bank Website
 2018-05-25,US,New York,PNC FINANCIAL SERVICES GROUP INC,PNC,USD,Bank,Mortgages,Mortgages,30YMV,3-1 ARM,,Offline,30.0,Variable,4.0%,5.07%,100000.0,20%,720+,New Purchase,Primary Residence,Principal + Interest,Bank Website
 2018-05-25,US,New York,PNC FINANCIAL SERVICES GROUP INC,PNC,USD,Bank,Mortgages,Mortgages,30YMV,5-1 ARM,,Offline,30.0,Variable,4.0%,4.96%,100000.0,20%,720+,New Purchase,Primary Residence,Principal + Interest,Bank Website
 2018-05-25,US,New York,PNC FINANCIAL SERVICES GROUP INC,PNC,USD,Bank,Mortgages,Mortgages,30YMV,7-1 ARM,,Offline,30.0,Variable,4.125%,4.903%,100000.0,20%,720+,New Purchase,Primary Residence,Principal + Interest,Bank Website
 2018-05-25,US,New York,PNC FINANCIAL SERVICES GROUP INC,PNC,USD,Bank,Mortgages,Mortgages,30YMV,10-1 ARM,,Offline,30.0,Variable,4.375%,4.895%,100000.0,20%,720+,New Purchase,Primary Residence,Principal + Interest,Bank Website
 2018-05-25,US,New York,PNC FINANCIAL SERVICES GROUP INC,PNC,USD,Bank,Mortgages,Mortgages,30YMV,3-1 ARM,,Offline,30.0,Variable,3.75%,4.957%,300000.0,20%,720+,New Purchase,Primary Residence,Principal + Interest,Bank Website
 2018-05-25,US,New York,PNC FINANCIAL SERVICES GROUP INC,PNC,USD,Bank,Mortgages,Mortgages,30YMV,5-1 ARM,,Offline,30.0,Variable,3.875%,4.844%,300000.0,20%,720+,New Purchase,Primary Residence,Principal + Interest,Bank Website
 2018-05-25,US,New York,PNC FINANCIAL SERVICES GROUP INC,PNC,USD,Bank,Mortgages,Mortgages,30YMV,7-1 ARM,,Offline,30.0,Variable,4.0%,4.786%,300000.0,20%,720+,New Purchase,Primary Residence,Principal + Interest,Bank Website
 2018-05-25,US,New York,PNC FINANCIAL SERVICES GROUP INC,PNC,USD,Bank,Mortgages,Mortgages,30YMV,10-1 ARM,,Offline,30.0,Variable,4.25%,4.761%,300000.0,20%,720+,New Purchase,Primary Residence,Principal + Interest,Bank Website
 2018-05-25,US,New York,PNC FINANCIAL SERVICES GROUP INC,PNC,USD,Bank,Mortgages,Mortgages,30YMV,5-1 YR ARM,,Offline,30.0,Variable,3.25%,4.824%,500000.0,20%,720+,New Purchase,Primary Residence,Principal + Interest,Bank Website
 2018-05-25,US,New York,PNC FINANCIAL SERVICES GROUP INC,PNC,USD,Bank,Mortgages,Mortgages,30YMV,7-1 YR ARM,,Offline,30.0,Variable,3.5%,4.714%,500000.0,20%,720+,New Purchase,Primary Residence,Principal + Interest,Bank Website
 2018-05-25,US,New York,PNC FINANCIAL SERVICES GROUP INC,PNC,USD,Bank,Mortgages,Mortgages,30YMV,10-1 YR ARM,,Offline,30.0,Variable,3.75%,4.595%,500000.0,20%,720+,New Purchase,Primary Residence,Principal + Interest,Bank Website
 2018-05-25,US,New York,PNC FINANCIAL SERVICES GROUP INC,PNC,USD,Bank,Mortgages,Mortgages,30YMF,30 Yr Fixed,,Offline,30.0,Fixed,4.75%,4.954%,100000.0,20%,720+,New Purchase,Primary Residence,Principal + Interest,Bank Website
 2018-05-25,US,New York,PNC FINANCIAL SERVICES GROUP INC,PNC,USD,Bank,Mortgages,Mortgages,20YMF,20 Yr Fixed,,Offline,20.0,Fixed,4.5%,4.774%,100000.0,20%,720+,New Purchase,Primary Residence,Principal + Interest,Bank Website
 2018-05-25,US,New York,PNC FINANCIAL SERVICES GROUP INC,PNC,USD,Bank,Mortgages,Mortgages,15YMF,15 Yr Fixed,,Offline,15.0,Fixed,4.125%,4.488%,100000.0,20%,720+,New Purchase,Primary Residence,Principal + Interest,Bank Website
 2018-05-25,US,New York,PNC FINANCIAL SERVICES GROUP INC,PNC,USD,Bank,Mortgages,Mortgages,10YMF,10 Yr Fixed,,Offline,10.0,Fixed,4.0%,4.548%,100000.0,20%,720+,New Purchase,Primary Residence,Principal + Interest,Bank Website
 2018-05-25,US,New York,PNC FINANCIAL SERVICES GROUP INC,PNC,USD,Bank,Mortgages,Mortgages,30YMF,30 Yr Fixed,,Offline,30.0,Fixed,4.5%,4.632%,300000.0,20%,720+,New Purchase,Primary Residence,Principal + Interest,Bank Website
 2018-05-25,US,New York,PNC FINANCIAL SERVICES GROUP INC,PNC,USD,Bank,Mortgages,Mortgages,20YMF,20 Yr Fixed,,Offline,20.0,Fixed,4.25%,4.413%,300000.0,20%,720+,New Purchase,Primary Residence,Principal + Interest,Bank Website
 2018-05-25,US,New York,PNC FINANCIAL SERVICES GROUP INC,PNC,USD,Bank,Mortgages,Mortgages,15YMF,15 Yr Fixed,,Offline,15.0,Fixed,3.875%,4.117%,300000.0,20%,720+,New Purchase,Primary Residence,Principal + Interest,Bank Website
 2018-05-25,US,New York,PNC FINANCIAL SERVICES GROUP INC,PNC,USD,Bank,Mortgages,Mortgages,10YMF,10 Yr Fixed,,Offline,10.0,Fixed,3.75%,4.071%,300000.0,20%,720+,New Purchase,Primary Residence,Principal + Interest,Bank Website
 2018-05-25,US,New York,PNC FINANCIAL SERVICES GROUP INC,PNC,USD,Bank,Mortgages,Mortgages,30YMF,30 YR FIXED,,Offline,30.0,Fixed,4.25%,4.322%,500000.0,20%,720+,New Purchase,Primary Residence,Principal + Interest,Bank Website
 2018-05-25,US,New York,PNC FINANCIAL SERVICES GROUP INC,PNC,USD,Bank,Mortgages,Mortgages,15YMF,15 YR FIXED,,Offline,15.0,Fixed,3.875%,4.074%,500000.0,20%,720+,New Purchase,Primary Residence,Principal + Interest,Bank Website
 2018-05-25,US,New York,SUNTRUST BANKS INC,STI,USD,Bank,Mortgages,Mortgages,30YMF,Agency 30 Year Fixed,,Offline,30.0,Fixed,4.700%,4.7846%,200000.0,20%,720,New Purchase,Primary Residence,Principal + Interest,Bank Website
 2018-05-25,US,New York,SUNTRUST BANKS INC,STI,USD,Bank,Mortgages,Mortgages,15YMF,Agency 15 Year Fixed,,Offline,15.0,Fixed,3.990%,4.1617%,200000.0,20%,720,New Purchase,Primary Residence,Principal + Interest,Bank Website
 2018-05-25,US,New York,SUNTRUST BANKS INC,STI,USD,Bank,Mortgages,Mortgages,30YMF,Jumbo 30 Year Fixed,,Offline,30.0,Fixed,4.775%,4.8147%,500000.0,25%,720,New Purchase,Primary Residence,Principal + Interest,Bank Website
 2018-05-25,US,New York,SUNTRUST BANKS INC,STI,USD,Bank,Mortgages,Mortgages,30YMV,Agency 30 Year 5/1 ARM,,Offline,30.0,Variable,4.400%,4.8515%,200000.0,20%,720,New Purchase,Primary Residence,Principal + Interest,Bank Website
 2018-05-25,US,New York,SUNTRUST BANKS INC,STI,USD,Bank,Mortgages,Mortgages,30YMV,Agency 30 Year 7/1 ARM,,Offline,30.0,Variable,4.250%,4.7116%,200000.0,20%,720,New Purchase,Primary Residence,Principal + Interest,Bank Website
 2018-05-25,US,New York,SUNTRUST BANKS INC,STI,USD,Bank,Mortgages,Mortgages,30YMF,FHA 30 Year Fixed,,Offline,30.0,Fixed,4.500%,5.5770%,200000.0,5%,660,New Purchase,Primary Residence,Principal + Interest,Bank Website
 2018-05-25,US,New York,SUNTRUST BANKS INC,STI,USD,Bank,Mortgages,Mortgages,30YMF,VA 30 Year Fixed,,Offline,30.0,Fixed,4.500%,4.7472%,200000.0,0%,720,New Purchase,Primary Residence,Principal + Interest,Bank Website
 2018-05-25,US,New York,SUNTRUST BANKS INC,STI,USD,Bank,Mortgages,Mortgages,15YMF,VA 15 Year Fixed,,Offline,15.0,Fixed,4.500%,4.9325%,200000.0,0%,720,New Purchase,Primary Residence,Principal + Interest,Bank Website
 2018-05-25,US,New York,SUNTRUST BANKS INC,STI,USD,Bank,Mortgages,Mortgages,30YMV,VA 30 Year 5/1 ARM,,Offline,30.0,Variable,5.250%,5.1046%,200000.0,0%,720,New Purchase,Primary Residence,Principal + Interest,Bank Website
 2018-05-25,US,New York,WELLS FARGO,WFC,USD,Bank,Mortgages,Mortgages,30YMF,30-Year Fixed Rate,,Offline,30.0,Fixed,4.75%,4.81%,200000.0,25.0%,740,New Purchase,Primary Residence,Principal + Interest,Bank Website
 2018-05-25,US,New York,WELLS FARGO,WFC,USD,Bank,Mortgages,Mortgages,30YMF,30-Year Fixed-Rate VA,,Offline,30.0,Fixed,4.625%,4.936%,200000.0,0.0%,740,New Purchase,Primary Residence,Principal + Interest,Bank Website
 2018-05-25,US,New York,WELLS FARGO,WFC,USD,Bank,Mortgages,Mortgages,20YMF,20-Year Fixed Rate,,Offline,20.0,Fixed,4.49%,4.6%,200000.0,25.0%,740,New Purchase,Primary Residence,Principal + Interest,Bank Website
 2018-05-25,US,New York,WELLS FARGO,WFC,USD,Bank,Mortgages,Mortgages,15YMF,15-Year Fixed Rate,,Offline,15.0,Fixed,4.25%,4.39%,200000.0,25.0%,740,New Purchase,Primary Residence,Principal + Interest,Bank Website
 2018-05-25,US,New York,WELLS FARGO,WFC,USD,Bank,Mortgages,Mortgages,30YMV,7/1 ARM,,Offline,30.0,Variable,4.375%,4.755%,200000.0,25.0%,740,New Purchase,Primary Residence,Principal + Interest,Bank Website
 2018-05-25,US,New York,WELLS FARGO,WFC,USD,Bank,Mortgages,Mortgages,30YMV,5/1 ARM,,Offline,30.0,Variable,4.25%,4.791%,200000.0,25.0%,740,New Purchase,Primary Residence,Principal + Interest,Bank Website
 2018-05-25,US,New York,WELLS FARGO,WFC,USD,Bank,Mortgages,Mortgages,30YMF,30-Year Fixed-Rate Jumbo,,Offline,30.0,Fixed,4.625%,4.646%,750000.0,25.0%,740,New Purchase,Primary Residence,Principal + Interest,Bank Website
 2018-05-25,US,New York,WELLS FARGO,WFC,USD,Bank,Mortgages,Mortgages,15YMF,15-Year Fixed-Rate Jumbo,,Offline,15.0,Fixed,4.375%,4.412%,750000.0,25.0%,740,New Purchase,Primary Residence,Principal + Interest,Bank Website
 2018-05-25,US,New York,WELLS FARGO,WFC,USD,Bank,Mortgages,Mortgages,30YMV,7/1 ARM Jumbo,,Offline,30.0,Variable,4.125%,4.587%,750000.0,25.0%,740,New Purchase,Primary Residence,Principal + Interest,Bank Website
 2018-05-25,US,New York,WELLS FARGO,WFC,USD,Bank,Mortgages,Mortgages,30YMV,10/1 ARM Jumbo,,Offline,30.0,Variable,4.375%,4.615%,750000.0,25.0%,740,New Purchase,Primary Residence,Principal + Interest,Bank Website
 2018-05-25,US,New York,WELLS FARGO,WFC,USD,Bank,Mortgages,Mortgages,30YMF,30-Year Fixed Rate,,Offline,30.0,Fixed,4.875%,4.913%,200000.0,25.0%,740,New Purchase,Primary Residence,Principal + Interest,Bank Website
 2018-05-25,US,New York,WELLS FARGO,WFC,USD,Bank,Mortgages,Mortgages,30YMF,30-Year Fixed-Rate VA,,Offline,30.0,Fixed,4.625%,4.922%,200000.0,0.0%,740,New Purchase,Primary Residence,Principal + Interest,Bank Website
 2018-05-25,US,New York,WELLS FARGO,WFC,USD,Bank,Mortgages,Mortgages,20YMF,20-Year Fixed Rate,,Offline,20.0,Fixed,4.625%,4.662%,200000.0,25.0%,740,New Purchase,Primary Residence,Principal + Interest,Bank Website
 2018-05-25,US,New York,WELLS FARGO,WFC,USD,Bank,Mortgages,Mortgages,15YMF,15-Year Fixed Rate,,Offline,15.0,Fixed,4.375%,4.459%,200000.0,25.0%,740,New Purchase,Primary Residence,Principal + Interest,Bank Website
 2018-05-25,US,New York,WELLS FARGO,WFC,USD,Bank,Mortgages,Mortgages,30YMV,7/1 ARM,,Offline,30.0,Variable,4.375%,4.755%,200000.0,25.0%,740,New Purchase,Primary Residence,Principal + Interest,Bank Website
 2018-05-25,US,New York,WELLS FARGO,WFC,USD,Bank,Mortgages,Mortgages,30YMV,5/1 ARM,,Offline,30.0,Variable,4.375%,4.805%,200000.0,25.0%,740,New Purchase,Primary Residence,Principal + Interest,Bank Website
 2018-05-25,US,New York,WELLS FARGO,WFC,USD,Bank,Mortgages,Mortgages,30YMF,30-Year Fixed-Rate Jumbo,,Offline,30.0,Fixed,4.75%,4.753%,750000.0,25.0%,740,New Purchase,Primary Residence,Principal + Interest,Bank Website
 2018-05-25,US,New York,WELLS FARGO,WFC,USD,Bank,Mortgages,Mortgages,15YMF,15-Year Fixed-Rate Jumbo,,Offline,15.0,Fixed,4.5%,4.509%,750000.0,25.0%,740,New Purchase,Primary Residence,Principal + Interest,Bank Website
 2018-05-25,US,New York,WELLS FARGO,WFC,USD,Bank,Mortgages,Mortgages,30YMV,7/1 ARM Jumbo,,Offline,30.0,Variable,4.25%,4.64%,750000.0,25.0%,740,New Purchase,Primary Residence,Principal + Interest,Bank Website
 2018-05-25,US,New York,WELLS FARGO,WFC,USD,Bank,Mortgages,Mortgages,30YMV,10/1 ARM Jumbo,,Offline,30.0,Variable,4.375%,4.622%,750000.0,25.0%,740,New Purchase,Primary Residence,Principal + Interest,Bank Website
 2018-05-25,US,New York,ALLY,ALLY,USD,Bank,Mortgages,Mortgages,30YMF,30 Yr Fixed,,Online,30.0,Fixed,4.625%,4.650%,300000.0,20%,720+,New Purchase,Primary Residence,Principal + Interest,Bankrate.com
 2018-05-25,US,New York,CITIGROUP INC,C,USD,Bank,Mortgages,Mortgages,30YMF,30 Yr Fixed,,Offline,30.0,Fixed,4.875%,4.969%,300000.0,20%,720+,New Purchase,Primary Residence,Principal + Interest,Bankrate.com
 2018-05-25,US,New York,CITIGROUP INC,C,USD,Bank,Mortgages,Mortgages,20YMF,20 Yr Fixed,,Offline,20.0,Fixed,4.625%,4.752%,300000.0,20%,720+,New Purchase,Primary Residence,Principal + Interest,Bankrate.com
 2018-05-25,US,New York,CITIGROUP INC,C,USD,Bank,Mortgages,Mortgages,10YMF,10 Yr Fixed,,Offline,10.0,Fixed,4.500%,4.732%,300000.0,20%,720+,New Purchase,Primary Residence,Principal + Interest,Bankrate.com
 2018-05-25,US,New York,ALLY,ALLY,USD,Bank,Mortgages,Mortgages,15YMF,15 Yr Fixed,,Online,15.0,Fixed,4.125%,4.168%,300000.0,20%,720+,New Purchase,Primary Residence,Principal + Interest,Bankrate.com
 2018-05-25,US,New York,CITIGROUP INC,C,USD,Bank,Mortgages,Mortgages,15YMF,15 Yr Fixed,,Offline,15.0,Fixed,4.375%,4.536%,300000.0,20%,720+,New Purchase,Primary Residence,Principal + Interest,Bankrate.com
 2018-05-25,US,New York,CITIGROUP INC,C,USD,Bank,Mortgages,Mortgages,30YMV,10/1 ARM Adjustable,,Offline,30.0,Variable,4.500%,4.780%,300000.0,20%,720+,New Purchase,Primary Residence,Principal + Interest,Bankrate.com
 2018-05-25,US,New York,CITIGROUP INC,C,USD,Bank,Mortgages,Mortgages,30YMV,7/1 ARM Adjustable,,Offline,30.0,Variable,4.250%,4.734%,300000.0,20%,720+,New Purchase,Primary Residence,Principal + Interest,Bankrate.com
 2018-05-25,US,New York,CITIGROUP INC,C,USD,Bank,Mortgages,Mortgages,30YMV,5/1 ARM Adjustable,,Offline,30.0,Variable,4.250%,4.821%,300000.0,20%,720+,New Purchase,Primary Residence,Principal + Interest,Bankrate.com
 2018-05-25,US,New York,CITIGROUP INC,C,USD,Bank,Mortgages,Mortgages,30YMV,3/1 ARM Adjustable,,Offline,30.0,Variable,4.500%,4.982%,300000.0,20%,720+,New Purchase,Primary Residence,Principal + Interest,Bankrate.com
 2018-05-25,US,New York,ALLY,ALLY,USD,Bank,Mortgages,Mortgages,30YMF,30 Yr Fixed,,Online,30.0,Fixed,4.375%,4.390%,500000.0,20%,720+,New Purchase,Primary Residence,Principal + Interest,Bankrate.com
 2018-05-25,US,New York,CITIGROUP INC,C,USD,Bank,Mortgages,Mortgages,30YMF,30 Yr Fixed,,Offline,30.0,Fixed,4.375%,4.430%,500000.0,20%,720+,New Purchase,Primary Residence,Principal + Interest,Bankrate.com
 2018-05-25,US,New York,CITIGROUP INC,C,USD,Bank,Mortgages,Mortgages,30YMV,5/1 ARM Adjustable,,Offline,30.0,Variable,3.875%,4.648%,500000.0,20%,720+,New Purchase,Primary Residence,Principal + Interest,Bankrate.com
 2018-05-25,US,New York,ALLY,ALLY,USD,Bank,Mortgages,Mortgages,15YMF,15 Yr Fixed,,Online,15.0,Fixed,3.990%,4.016%,500000.0,20%,720+,New Purchase,Primary Residence,Principal + Interest,Bankrate.com
 2018-05-25,US,New York,CITIGROUP INC,C,USD,Bank,Mortgages,Mortgages,15YMF,15 Yr Fixed,,Offline,15.0,Fixed,4.375%,4.471%,500000.0,20%,720+,New Purchase,Primary Residence,Principal + Interest,Bankrate.com
 2018-05-25,US,New York,CITIGROUP INC,C,USD,Bank,Mortgages,Mortgages,30YMV,10/1 ARM Adjustable,,Offline,30.0,Variable,4.125%,4.510%,500000.0,20%,720+,New Purchase,Primary Residence,Principal + Interest,Bankrate.com
 2018-05-25,US,New York,CITIGROUP INC,C,USD,Bank,Mortgages,Mortgages,30YMV,7/1 ARM Adjustable,,Offline,30.0,Variable,3.875%,4.519%,500000.0,20%,720+,New Purchase,Primary Residence,Principal + Interest,Bankrate.com
 2018-05-25,US,New York,WELLS FARGO,WFC,USD,Bank,Mortgages,Mortgages,30YMF,30 Year Fixed,,Offline,30.0,Fixed,4.125%,4.131639913186282%,100000.0,20%,720+,New Purchase,Primary Residence,Principal + Interest,mybanktracker.com
 2018-05-25,US,New York,WELLS FARGO,WFC,USD,Bank,Mortgages,Mortgages,15YMF,15 Year Fixed,,Offline,15.0,Fixed,3.375%,3.3869041124730312%,100000.0,20%,720+,New Purchase,Primary Residence,Principal + Interest,mybanktracker.com
 2018-05-25,US,New York,CAPITAL ONE,COF,USD,Bank,Mortgages,Mortgages,15YMF,15 Year Fixed,,Offline,15.0,Fixed,3.125%,3.134323743118425%,100000.0,20%,720+,New Purchase,Primary Residence,Principal + Interest,mybanktracker.com
 2018-05-25,US,New York,WELLS FARGO,WFC,USD,Bank,Mortgages,Mortgages,30YMV,7/1 ARM,,Offline,30.0,Variable,3.25%,3.266706379540031%,100000.0,20%,720+,New Purchase,Primary Residence,Principal + Interest,mybanktracker.com
 2018-05-25,US,New York,WELLS FARGO,WFC,USD,Bank,Mortgages,Mortgages,30YMF,30 Year Fixed,,Offline,30.0,Fixed,4.125%,4.131639913186282%,300000.0,20%,720+,New Purchase,Primary Residence,Principal + Interest,mybanktracker.com
 2018-05-25,US,New York,WELLS FARGO,WFC,USD,Bank,Mortgages,Mortgages,15YMF,15 Year Fixed,,Offline,15.0,Fixed,3.375%,3.386904112473029%,300000.0,20%,720+,New Purchase,Primary Residence,Principal + Interest,mybanktracker.com
 2018-05-25,US,New York,CAPITAL ONE,COF,USD,Bank,Mortgages,Mortgages,15YMF,15 Year Fixed,,Offline,15.0,Fixed,3.125%,3.134323743118425%,300000.0,20%,720+,New Purchase,Primary Residence,Principal + Interest,mybanktracker.com
 2018-05-25,US,New York,WELLS FARGO,WFC,USD,Bank,Mortgages,Mortgages,30YMV,7/1 ARM,,Offline,30.0,Variable,3.25%,3.266706379540032%,300000.0,20%,720+,New Purchase,Primary Residence,Principal + Interest,mybanktracker.com
 2018-05-25,US,New York,WELLS FARGO,WFC,USD,Bank,Mortgages,Mortgages,30YMF,30 Year Fixed,,Offline,30.0,Fixed,4.125%,4.131639913186282%,500000.0,20%,720+,New Purchase,Primary Residence,Principal + Interest,mybanktracker.com
 2018-05-25,US,New York,WELLS FARGO,WFC,USD,Bank,Mortgages,Mortgages,15YMF,15 Year Fixed,,Offline,15.0,Fixed,3.375%,3.3869041124730317%,500000.0,20%,720+,New Purchase,Primary Residence,Principal + Interest,mybanktracker.com
 2018-05-25,US,New York,WELLS FARGO,WFC,USD,Bank,Mortgages,Mortgages,30YMV,7/1 ARM,,Offline,30.0,Variable,3.25%,3.266706379540032%,500000.0,20%,720+,New Purchase,Primary Residence,Principal + Interest,mybanktracker.com
 2018-05-25,US,New York,JP MORGAN CHASE & Co.,JPM,USD,Bank,Mortgages,Mortgages,15YMF,Chase 15 Year Fixed Mortgage,,Offline,15.0,Fixed,3.875%,4.061%,,20%,720+,New Purchase,Primary Residence,Principal + Interest,us.deposits.org
 2018-05-25,US,New York,SUNTRUST BANKS INC,STI,USD,Bank,Mortgages,Mortgages,15YMF,Suntrust Bank 15 Year Fixed Rate Home Loan,,Offline,15.0,Fixed,3.990%,4.1301%,,20%,720+,New Purchase,Primary Residence,Principal + Interest,us.deposits.org
 2018-05-25,US,New York,BANK OF AMERICA CORP,BAC,USD,Bank,Mortgages,Mortgages,15YMF,Bank of America 15 Year Fixed Mortgage,,Offline,15.0,Fixed,4.000%,4.356%,,20%,720+,New Purchase,Primary Residence,Principal + Interest,us.deposits.org
 2018-05-25,US,New York,WELLS FARGO,WFC,USD,Bank,Mortgages,Mortgages,15YMF,Wells Fargo 15 Year Fixed Home Loan,,Offline,15.0,Fixed,4.250%,4.352%,,20%,720+,New Purchase,Primary Residence,Principal + Interest,us.deposits.org
 2018-05-25,US,New York,BANK OF AMERICA CORP,BAC,USD,Bank,Mortgages,Mortgages,30YMF,Bank of America 30 Year Fixed Mortgage,,Offline,30.0,Fixed,4.50%,4.717%,,20%,720+,New Purchase,Primary Residence,Principal + Interest,us.deposits.org
 2018-05-25,US,New York,JP MORGAN CHASE & Co.,JPM,USD,Bank,Mortgages,Mortgages,30YMF,Chase 30 Year Fixed Mortgage,,Offline,30.0,Fixed,4.500%,4.575%,,20%,720+,New Purchase,Primary Residence,Principal + Interest,us.deposits.org
 2018-05-25,US,New York,CITIGROUP INC,C,USD,Bank,Mortgages,Mortgages,30YMF,Citibank 30 Year Fixed Mortgage,,Offline,30.0,Fixed,4.625%,4.868%,,20%,720+,New Purchase,Primary Residence,Principal + Interest,us.deposits.org
 2018-05-25,US,New York,SUNTRUST BANKS INC,STI,USD,Bank,Mortgages,Mortgages,30YMF,Suntrust Bank 30 Year Fixed Rate Home Loan,,Offline,30.0,Fixed,4.700%,4.7685%,,20%,720+,New Purchase,Primary Residence,Principal + Interest,us.deposits.org
 2018-05-25,US,New York,WELLS FARGO,WFC,USD,Bank,Mortgages,Mortgages,30YMF,Wells Fargo 30 Year Fixed Home Loan,,Offline,30.0,Fixed,4.750%,4.810%,,20%,720+,New Purchase,Primary Residence,Principal + Interest,us.deposits.org
 2018-05-25,US,New York,WELLS FARGO,WFC,USD,Bank,Mortgages,Mortgages,30YMF,Wells Fargo 30-Year Fixed-Rate Jumbo Home Loan,,Offline,30.0,Fixed,4.625%,4.636%,,20%,720+,New Purchase,Primary Residence,Principal + Interest,us.deposits.org
 2018-05-25,US,New York,WELLS FARGO,WFC,USD,Bank,Mortgages,Mortgages,30YMV,Wells Fargo 5/1 ARM Home Loan,,Offline,30.0,Variable,4.250%,4.791%,,20%,720+,New Purchase,Primary Residence,Principal + Interest,us.deposits.org
 2018-05-25,US,New York,WELLS FARGO,WFC,USD,Bank,Mortgages,Mortgages,30YMV,Wells Fargo 7/1 ARM Home Loan,,Offline,30.0,Variable,4.375%,4.755%,,20%,720+,New Purchase,Primary Residence,Principal + Interest,us.deposits.org
 2018-05-25,US,New York,WELLS FARGO,WFC,USD,Bank,Mortgages,Mortgages,15YMF,Wells Fargo 15-Year Fixed-Rate Jumbo Home Loan,,Offline,15.0,Fixed,4.375%,4.412%,,20%,720+,New Purchase,Primary Residence,Principal + Interest,us.deposits.org
