Date,Bank_Native_Country,State,Bank_Name,Ticker,Bank_Local_Currency,Bank_Type,Bank_Product,Bank_Product_Type,Bank_Product_Code,Bank_Product_Name,Min_Loan_Amount,Bank_Offer_Feature,Term_in_Year,Interest_Type,Interest,APR,Mortgage_Loan_Amt,Mortgage_Down_Payment,Credit_Score,Mortgage_Category,Mortgage_Reason,Mortgage_Pymt_Mode,Source
 2018-05-30,US,New York,ALLY,ALLY,USD,Bank,Mortgages,Mortgages,30YMV,Adjustable Rate Mortgage 5/1 ARM,,Online,30.0,Variable,4.375%,4.79152428177022%,300000,20%,720+,New Purchase,Primary Residence,Principal + Interest,Bank Website
 2018-05-30,US,New York,ALLY,ALLY,USD,Bank,Mortgages,Mortgages,30YMV,Adjustable Rate Mortgage 7/1 ARM,,Online,30.0,Variable,4.5%,4.78841314161525%,300000,20%,720+,New Purchase,Primary Residence,Principal + Interest,Bank Website
 2018-05-30,US,New York,ALLY,ALLY,USD,Bank,Mortgages,Mortgages,30YMV,Adjustable Rate Mortgage 10/1 ARM,,Online,30.0,Variable,4.5%,4.71562356003833%,300000,20%,720+,New Purchase,Primary Residence,Principal + Interest,Bank Website
 2018-05-30,US,New York,ALLY,ALLY,USD,Bank,Mortgages,Mortgages,20YMF,Fixed Rate Mortgage 20 Yr Fixed,,Online,20.0,Fixed,4.375%,4.37748785321178%,300000,20%,720+,New Purchase,Primary Residence,Principal + Interest,Bank Website
 2018-05-30,US,New York,ALLY,ALLY,USD,Bank,Mortgages,Mortgages,30YMF,Fixed Rate Mortgage 30 Yr Fixed,,Online,30.0,Fixed,4.5%,4.50377988737244%,300000,20%,720+,New Purchase,Primary Residence,Principal + Interest,Bank Website
 2018-05-30,US,New York,ALLY,ALLY,USD,Bank,Mortgages,Mortgages,15YMF,Fixed Rate Mortgage 15 Yr Fixed,,Online,15.0,Fixed,4.0%,4.03257310368168%,300000,20%,720+,New Purchase,Primary Residence,Principal + Interest,Bank Website
 2018-05-30,US,New York,ALLY,ALLY,USD,Bank,Mortgages,Mortgages,10YMF,Fixed Rate Mortgage 10 Yr Fixed,,Online,10.0,Fixed,4.0%,4.06411327869273%,300000,20%,720+,New Purchase,Primary Residence,Principal + Interest,Bank Website
 2018-05-30,US,New York,BANK OF AMERICA CORP,BAC,USD,Bank,Mortgages,Mortgages,30YMF,Fixed 30 Years,,Offline,30.0,Fixed,4.25%,4.58%,100000,20%,740+,New Purchase,Primary Residence,Principal + Interest,Bank Website
 2018-05-30,US,New York,BANK OF AMERICA CORP,BAC,USD,Bank,Mortgages,Mortgages,20YMF,Fixed 20 Years,,Offline,20.0,Fixed,4.125%,4.61%,100000,20%,740+,New Purchase,Primary Residence,Principal + Interest,Bank Website
 2018-05-30,US,New York,BANK OF AMERICA CORP,BAC,USD,Bank,Mortgages,Mortgages,15YMF,Fixed 15 Years,,Offline,15.0,Fixed,3.75%,4.386%,100000,20%,740+,New Purchase,Primary Residence,Principal + Interest,Bank Website
 2018-05-30,US,New York,BANK OF AMERICA CORP,BAC,USD,Bank,Mortgages,Mortgages,30YMV,10/1 ARM variable,,Offline,30.0,Variable,4.0%,4.742%,100000,20%,740+,New Purchase,Primary Residence,Principal + Interest,Bank Website
 2018-05-30,US,New York,BANK OF AMERICA CORP,BAC,USD,Bank,Mortgages,Mortgages,30YMV,7/1 ARM variable,,Offline,30.0,Variable,3.75%,4.766%,100000,20%,740+,New Purchase,Primary Residence,Principal + Interest,Bank Website
 2018-05-30,US,New York,BANK OF AMERICA CORP,BAC,USD,Bank,Mortgages,Mortgages,30YMV,5/1 ARM variable,,Offline,30.0,Variable,3.625%,4.858%,100000,20%,740+,New Purchase,Primary Residence,Principal + Interest,Bank Website
 2018-05-30,US,New York,BANK OF AMERICA CORP,BAC,USD,Bank,Mortgages,Mortgages,30YMF,Fixed 30 Years,,Offline,30.0,Fixed,4.125%,4.478%,300000,20%,740+,New Purchase,Primary Residence,Principal + Interest,Bank Website
 2018-05-30,US,New York,BANK OF AMERICA CORP,BAC,USD,Bank,Mortgages,Mortgages,20YMF,Fixed 20 Years,,Offline,20.0,Fixed,4.0%,4.497%,300000,20%,740+,New Purchase,Primary Residence,Principal + Interest,Bank Website
 2018-05-30,US,New York,BANK OF AMERICA CORP,BAC,USD,Bank,Mortgages,Mortgages,15YMF,Fixed 15 Years,,Offline,15.0,Fixed,3.75%,4.386%,300000,20%,740+,New Purchase,Primary Residence,Principal + Interest,Bank Website
 2018-05-30,US,New York,BANK OF AMERICA CORP,BAC,USD,Bank,Mortgages,Mortgages,30YMV,10/1 ARM variable,,Offline,30.0,Variable,3.875%,4.657%,300000,20%,740+,New Purchase,Primary Residence,Principal + Interest,Bank Website
 2018-05-30,US,New York,BANK OF AMERICA CORP,BAC,USD,Bank,Mortgages,Mortgages,30YMV,7/1 ARM variable,,Offline,30.0,Variable,3.625%,4.696%,300000,20%,740+,New Purchase,Primary Residence,Principal + Interest,Bank Website
 2018-05-30,US,New York,BANK OF AMERICA CORP,BAC,USD,Bank,Mortgages,Mortgages,30YMV,5/1 ARM variable,,Offline,30.0,Variable,3.5%,4.8%,300000,20%,740+,New Purchase,Primary Residence,Principal + Interest,Bank Website
 2018-05-30,US,New York,BANK OF AMERICA CORP,BAC,USD,Bank,Mortgages,Mortgages,30YMF,Fixed 30 Years,,Offline,30.0,Fixed,4.125%,4.478%,500000,20%,740+,New Purchase,Primary Residence,Principal + Interest,Bank Website
 2018-05-30,US,New York,BANK OF AMERICA CORP,BAC,USD,Bank,Mortgages,Mortgages,20YMF,Fixed 20 Years,,Offline,20.0,Fixed,4.0%,4.497%,500000,20%,740+,New Purchase,Primary Residence,Principal + Interest,Bank Website
 2018-05-30,US,New York,BANK OF AMERICA CORP,BAC,USD,Bank,Mortgages,Mortgages,15YMF,Fixed 15 Years,,Offline,15.0,Fixed,3.75%,4.386%,500000,20%,740+,New Purchase,Primary Residence,Principal + Interest,Bank Website
 2018-05-30,US,New York,BANK OF AMERICA CORP,BAC,USD,Bank,Mortgages,Mortgages,30YMV,10/1 ARM variable,,Offline,30.0,Variable,3.875%,4.657%,500000,20%,740+,New Purchase,Primary Residence,Principal + Interest,Bank Website
 2018-05-30,US,New York,BANK OF AMERICA CORP,BAC,USD,Bank,Mortgages,Mortgages,30YMV,7/1 ARM variable,,Offline,30.0,Variable,3.625%,4.696%,500000,20%,740+,New Purchase,Primary Residence,Principal + Interest,Bank Website
 2018-05-30,US,New York,BANK OF AMERICA CORP,BAC,USD,Bank,Mortgages,Mortgages,30YMV,5/1 ARM variable,,Offline,30.0,Variable,3.5%,4.8%,500000,20%,740+,New Purchase,Primary Residence,Principal + Interest,Bank Website
 2018-05-30,US,New York,CITIGROUP INC,C,USD,Bank,Mortgages,Mortgages,10YMF,10 Year Fixed,,Offline,10.0,Fixed,4.000%,4.752%,100000,20%,720+,New Purchase,Primary Residence,Principal + Interest,Bank Website
 2018-05-30,US,New York,CITIGROUP INC,C,USD,Bank,Mortgages,Mortgages,30YMF,30 Year Fixed,,Offline,30.0,Fixed,4.625%,4.944%,100000,20%,720+,New Purchase,Primary Residence,Principal + Interest,Bank Website
 2018-05-30,US,New York,CITIGROUP INC,C,USD,Bank,Mortgages,Mortgages,30YMV,3/1 Libor ARM,,Offline,30.0,Variable,4.125%,5.106%,100000,20%,720+,New Purchase,Primary Residence,Principal + Interest,Bank Website
 2018-05-30,US,New York,CITIGROUP INC,C,USD,Bank,Mortgages,Mortgages,30YMV,5/1 Libor ARM,,Offline,30.0,Variable,3.875%,4.904%,100000,20%,720+,New Purchase,Primary Residence,Principal + Interest,Bank Website
 2018-05-30,US,New York,CITIGROUP INC,C,USD,Bank,Mortgages,Mortgages,30YMV,10/1 Libor ARM,,Offline,30.0,Variable,4.125%,4.77%,100000,20%,720+,New Purchase,Primary Residence,Principal + Interest,Bank Website
 2018-05-30,US,New York,CITIGROUP INC,C,USD,Bank,Mortgages,Mortgages,20YMF,20 Year Fixed,,Offline,20.0,Fixed,4.500%,4.918%,100000,20%,720+,New Purchase,Primary Residence,Principal + Interest,Bank Website
 2018-05-30,US,New York,CITIGROUP INC,C,USD,Bank,Mortgages,Mortgages,30YMV,7/1 Libor ARM,,Offline,30.0,Variable,4.000%,4.824%,100000,20%,720+,New Purchase,Primary Residence,Principal + Interest,Bank Website
 2018-05-30,US,New York,CITIGROUP INC,C,USD,Bank,Mortgages,Mortgages,15YMF,15 Year Fixed,,Offline,15.0,Fixed,4.000%,4.544%,100000,20%,720+,New Purchase,Primary Residence,Principal + Interest,Bank Website
 2018-05-30,US,New York,CITIGROUP INC,C,USD,Bank,Mortgages,Mortgages,30YMV,5/1 Libor ARM,,Offline,30.0,Variable,3.875%,4.752%,300000,20%,720+,New Purchase,Primary Residence,Principal + Interest,Bank Website
 2018-05-30,US,New York,CITIGROUP INC,C,USD,Bank,Mortgages,Mortgages,30YMV,3/1 Libor ARM,,Offline,30.0,Variable,4.125%,4.95%,300000,20%,720+,New Purchase,Primary Residence,Principal + Interest,Bank Website
 2018-05-30,US,New York,CITIGROUP INC,C,USD,Bank,Mortgages,Mortgages,30YMF,30 Year Fixed,,Offline,30.0,Fixed,4.625%,4.787%,300000,20%,720+,New Purchase,Primary Residence,Principal + Interest,Bank Website
 2018-05-30,US,New York,CITIGROUP INC,C,USD,Bank,Mortgages,Mortgages,30YMV,7/1 Libor ARM,,Offline,30.0,Variable,4.000%,4.673%,300000,20%,720+,New Purchase,Primary Residence,Principal + Interest,Bank Website
 2018-05-30,US,New York,CITIGROUP INC,C,USD,Bank,Mortgages,Mortgages,20YMF,20 Year Fixed,,Offline,20.0,Fixed,4.500%,4.706%,300000,20%,720+,New Purchase,Primary Residence,Principal + Interest,Bank Website
 2018-05-30,US,New York,CITIGROUP INC,C,USD,Bank,Mortgages,Mortgages,10YMF,10 Year Fixed,,Offline,10.0,Fixed,4.000%,4.371%,300000,20%,720+,New Purchase,Primary Residence,Principal + Interest,Bank Website
 2018-05-30,US,New York,CITIGROUP INC,C,USD,Bank,Mortgages,Mortgages,30YMV,10/1 Libor ARM,,Offline,30.0,Variable,4.125%,4.618%,300000,20%,720+,New Purchase,Primary Residence,Principal + Interest,Bank Website
 2018-05-30,US,New York,CITIGROUP INC,C,USD,Bank,Mortgages,Mortgages,15YMF,15 Year Fixed,,Offline,15.0,Fixed,4.000%,4.277%,300000,20%,720+,New Purchase,Primary Residence,Principal + Interest,Bank Website
 2018-05-30,US,New York,CITIGROUP INC,C,USD,Bank,Mortgages,Mortgages,30YMV,7/1 Libor ARM,,Offline,30.0,Variable,3.750%,4.534%,500000,20%,720+,New Purchase,Primary Residence,Principal + Interest,Bank Website
 2018-05-30,US,New York,CITIGROUP INC,C,USD,Bank,Mortgages,Mortgages,30YMV,5/1 Libor ARM,,Offline,30.0,Variable,3.875%,4.722%,500000,20%,720+,New Purchase,Primary Residence,Principal + Interest,Bank Website
 2018-05-30,US,New York,CITIGROUP INC,C,USD,Bank,Mortgages,Mortgages,15YMF,15 Year Fixed,,Offline,15.0,Fixed,4.250%,4.477%,500000,20%,720+,New Purchase,Primary Residence,Principal + Interest,Bank Website
 2018-05-30,US,New York,CITIGROUP INC,C,USD,Bank,Mortgages,Mortgages,30YMF,30 Year Fixed,,Offline,30.0,Fixed,4.250%,4.379%,500000,20%,720+,New Purchase,Primary Residence,Principal + Interest,Bank Website
 2018-05-30,US,New York,CITIGROUP INC,C,USD,Bank,Mortgages,Mortgages,10YMF,10 Year Fixed,,Offline,10.0,Fixed,4.250%,4.548%,500000,20%,720+,New Purchase,Primary Residence,Principal + Interest,Bank Website
 2018-05-30,US,New York,CITIGROUP INC,C,USD,Bank,Mortgages,Mortgages,30YMV,3/1 Libor ARM,,Offline,30.0,Variable,3.750%,4.84%,500000,20%,720+,New Purchase,Primary Residence,Principal + Interest,Bank Website
 2018-05-30,US,New York,CITIGROUP INC,C,USD,Bank,Mortgages,Mortgages,30YMV,10/1 Libor ARM,,Offline,30.0,Variable,4.000%,4.51%,500000,20%,720+,New Purchase,Primary Residence,Principal + Interest,Bank Website
 2018-05-30,US,New York,CITIGROUP INC,C,USD,Bank,Mortgages,Mortgages,20YMF,20 Year Fixed,,Offline,20.0,Fixed,4.375%,4.524%,500000,20%,720+,New Purchase,Primary Residence,Principal + Interest,Bank Website
 2018-05-30,US,New York,JP MORGAN CHASE & Co.,JPM,USD,Bank,Mortgages,Mortgages,30YMF,Mortgage_30-yr,,Offline,30.0,Fixed,4.750%,5.026%,100000,20%,720+,New Purchase,Primary Residence,Principal + Interest,Bank Website
 2018-05-30,US,New York,JP MORGAN CHASE & Co.,JPM,USD,Bank,Mortgages,Mortgages,20YMF,Mortgage_20-yr,,Offline,20.0,Fixed,4.500%,4.889%,100000,20%,720+,New Purchase,Primary Residence,Principal + Interest,Bank Website
 2018-05-30,US,New York,JP MORGAN CHASE & Co.,JPM,USD,Bank,Mortgages,Mortgages,15YMF,Mortgage_15-yr,,Offline,15.0,Fixed,4.375%,4.851%,100000,20%,720+,New Purchase,Primary Residence,Principal + Interest,Bank Website
 2018-05-30,US,New York,JP MORGAN CHASE & Co.,JPM,USD,Bank,Mortgages,Mortgages,30YMV,Mortgage_7/1,,Offline,30.0,Variable,4.875%,5.229%,100000,20%,720+,New Purchase,Primary Residence,Principal + Interest,Bank Website
 2018-05-30,US,New York,JP MORGAN CHASE & Co.,JPM,USD,Bank,Mortgages,Mortgages,30YMV,Mortgage_5/1,,Offline,30.0,Variable,4.750%,5.196%,100000,20%,720+,New Purchase,Primary Residence,Principal + Interest,Bank Website
 2018-05-30,US,New York,JP MORGAN CHASE & Co.,JPM,USD,Bank,Mortgages,Mortgages,30YMF,Mortgage_30-yr,,Offline,30.0,Fixed,4.625%,4.697%,300000,20%,720+,New Purchase,Primary Residence,Principal + Interest,Bank Website
 2018-05-30,US,New York,JP MORGAN CHASE & Co.,JPM,USD,Bank,Mortgages,Mortgages,20YMF,Mortgage_20-yr,,Offline,20.0,Fixed,4.375%,4.502%,300000,20%,720+,New Purchase,Primary Residence,Principal + Interest,Bank Website
 2018-05-30,US,New York,JP MORGAN CHASE & Co.,JPM,USD,Bank,Mortgages,Mortgages,15YMF,Mortgage_15-yr,,Offline,15.0,Fixed,4.000%,4.161%,300000,20%,720+,New Purchase,Primary Residence,Principal + Interest,Bank Website
 2018-05-30,US,New York,JP MORGAN CHASE & Co.,JPM,USD,Bank,Mortgages,Mortgages,30YMV,Mortgage_7/1,,Offline,30.0,Variable,4.375%,4.801%,300000,20%,720+,New Purchase,Primary Residence,Principal + Interest,Bank Website
 2018-05-30,US,New York,JP MORGAN CHASE & Co.,JPM,USD,Bank,Mortgages,Mortgages,30YMV,Mortgage_5/1,,Offline,30.0,Variable,4.250%,4.827%,300000,20%,720+,New Purchase,Primary Residence,Principal + Interest,Bank Website
 2018-05-30,US,New York,JP MORGAN CHASE & Co.,JPM,USD,Bank,Mortgages,Mortgages,30YMF,Mortgage_30-yr,,Offline,30.0,Fixed,4.500%,4.577%,500000,20%,720+,New Purchase,Primary Residence,Principal + Interest,Bank Website
 2018-05-30,US,New York,JP MORGAN CHASE & Co.,JPM,USD,Bank,Mortgages,Mortgages,15YMF,Mortgage_15-yr,,Offline,15.0,Fixed,4.375%,4.472%,500000,20%,720+,New Purchase,Primary Residence,Principal + Interest,Bank Website
 2018-05-30,US,New York,JP MORGAN CHASE & Co.,JPM,USD,Bank,Mortgages,Mortgages,30YMV,Mortgage_7/1,,Offline,30.0,Variable,4.000%,4.569%,500000,20%,720+,New Purchase,Primary Residence,Principal + Interest,Bank Website
 2018-05-30,US,New York,JP MORGAN CHASE & Co.,JPM,USD,Bank,Mortgages,Mortgages,30YMV,Mortgage_5/1,,Offline,30.0,Variable,4.000%,4.683%,500000,20%,720+,New Purchase,Primary Residence,Principal + Interest,Bank Website
 2018-05-30,US,New York,JP MORGAN CHASE & Co.,JPM,USD,Bank,Mortgages,Mortgages,30YMV,Mortgage_10/1,,Offline,30.0,Variable,4.500%,4.728%,500000,20%,720+,New Purchase,Primary Residence,Principal + Interest,Bank Website
 2018-05-30,US,New York,PNC FINANCIAL SERVICES GROUP INC,PNC,USD,Bank,Mortgages,Mortgages,30YMF,FHA 30 Yr Fixed,,Offline,30.0,Fixed,4.375%,5.245%,100000,20%,720+,New Purchase,Primary Residence,Principal + Interest,Bank Website
 2018-05-30,US,New York,PNC FINANCIAL SERVICES GROUP INC,PNC,USD,Bank,Mortgages,Mortgages,15YMF,FHA 15 Yr Fixed,,Offline,15.0,Fixed,4.125%,5.216%,100000,20%,720+,New Purchase,Primary Residence,Principal + Interest,Bank Website
 2018-05-30,US,New York,PNC FINANCIAL SERVICES GROUP INC,PNC,USD,Bank,Mortgages,Mortgages,30YMF,FHA 30 Yr Fixed,,Offline,30.0,Fixed,4.25%,5.043%,300000,20%,720+,New Purchase,Primary Residence,Principal + Interest,Bank Website
 2018-05-30,US,New York,PNC FINANCIAL SERVICES GROUP INC,PNC,USD,Bank,Mortgages,Mortgages,15YMF,FHA 15 Yr Fixed,,Offline,15.0,Fixed,3.75%,4.804%,300000,20%,720+,New Purchase,Primary Residence,Principal + Interest,Bank Website
 2018-05-30,US,New York,PNC FINANCIAL SERVICES GROUP INC,PNC,USD,Bank,Mortgages,Mortgages,30YMF,FHA 30 YR FIXED,,Offline,30.0,Fixed,4.125%,4.949%,500000,20%,720+,New Purchase,Primary Residence,Principal + Interest,Bank Website
 2018-05-30,US,New York,PNC FINANCIAL SERVICES GROUP INC,PNC,USD,Bank,Mortgages,Mortgages,30YMV,FHA 5-1 ARM,,Offline,30.0,Variable,4.75%,5.38%,500000,20%,720+,New Purchase,Primary Residence,Principal + Interest,Bank Website
 2018-05-30,US,New York,PNC FINANCIAL SERVICES GROUP INC,PNC,USD,Bank,Mortgages,Mortgages,30YMF,VA 30 Yr Fixed,,Offline,30.0,Fixed,4.5%,4.809%,100000,20%,720+,New Purchase,Primary Residence,Principal + Interest,Bank Website
 2018-05-30,US,New York,PNC FINANCIAL SERVICES GROUP INC,PNC,USD,Bank,Mortgages,Mortgages,15YMF,VA 15 Yr Fixed,,Offline,15.0,Fixed,4.125%,4.717%,100000,20%,720+,New Purchase,Primary Residence,Principal + Interest,Bank Website
 2018-05-30,US,New York,PNC FINANCIAL SERVICES GROUP INC,PNC,USD,Bank,Mortgages,Mortgages,30YMF,VA 30 Yr Fixed,,Offline,30.0,Fixed,4.25%,4.521%,300000,20%,720+,New Purchase,Primary Residence,Principal + Interest,Bank Website
 2018-05-30,US,New York,PNC FINANCIAL SERVICES GROUP INC,PNC,USD,Bank,Mortgages,Mortgages,15YMF,VA 15 Yr Fixed,,Offline,15.0,Fixed,3.875%,4.366%,300000,20%,720+,New Purchase,Primary Residence,Principal + Interest,Bank Website
 2018-05-30,US,New York,PNC FINANCIAL SERVICES GROUP INC,PNC,USD,Bank,Mortgages,Mortgages,30YMF,VA 30 YR FIXED,,Offline,30.0,Fixed,4.125%,4.422%,500000,20%,720+,New Purchase,Primary Residence,Principal + Interest,Bank Website
 2018-05-30,US,New York,PNC FINANCIAL SERVICES GROUP INC,PNC,USD,Bank,Mortgages,Mortgages,30YMV,VA 5-1 ARM,,Offline,30.0,Variable,4.5%,4.787%,500000,20%,720+,New Purchase,Primary Residence,Principal + Interest,Bank Website
 2018-05-30,US,New York,PNC FINANCIAL SERVICES GROUP INC,PNC,USD,Bank,Mortgages,Mortgages,30YMV,3-1 ARM,,Offline,30.0,Variable,3.75%,5.037%,100000,20%,720+,New Purchase,Primary Residence,Principal + Interest,Bank Website
 2018-05-30,US,New York,PNC FINANCIAL SERVICES GROUP INC,PNC,USD,Bank,Mortgages,Mortgages,30YMV,5-1 ARM,,Offline,30.0,Variable,3.75%,4.899%,100000,20%,720+,New Purchase,Primary Residence,Principal + Interest,Bank Website
 2018-05-30,US,New York,PNC FINANCIAL SERVICES GROUP INC,PNC,USD,Bank,Mortgages,Mortgages,30YMV,7-1 ARM,,Offline,30.0,Variable,4.0%,4.843%,100000,20%,720+,New Purchase,Primary Residence,Principal + Interest,Bank Website
 2018-05-30,US,New York,PNC FINANCIAL SERVICES GROUP INC,PNC,USD,Bank,Mortgages,Mortgages,30YMV,10-1 ARM,,Offline,30.0,Variable,4.125%,4.785%,100000,20%,720+,New Purchase,Primary Residence,Principal + Interest,Bank Website
 2018-05-30,US,New York,PNC FINANCIAL SERVICES GROUP INC,PNC,USD,Bank,Mortgages,Mortgages,30YMV,3-1 ARM,,Offline,30.0,Variable,3.5%,4.913%,300000,20%,720+,New Purchase,Primary Residence,Principal + Interest,Bank Website
 2018-05-30,US,New York,PNC FINANCIAL SERVICES GROUP INC,PNC,USD,Bank,Mortgages,Mortgages,30YMV,5-1 ARM,,Offline,30.0,Variable,3.625%,4.784%,300000,20%,720+,New Purchase,Primary Residence,Principal + Interest,Bank Website
 2018-05-30,US,New York,PNC FINANCIAL SERVICES GROUP INC,PNC,USD,Bank,Mortgages,Mortgages,30YMV,7-1 ARM,,Offline,30.0,Variable,3.875%,4.716%,300000,20%,720+,New Purchase,Primary Residence,Principal + Interest,Bank Website
 2018-05-30,US,New York,PNC FINANCIAL SERVICES GROUP INC,PNC,USD,Bank,Mortgages,Mortgages,30YMV,10-1 ARM,,Offline,30.0,Variable,4.125%,4.673%,300000,20%,720+,New Purchase,Primary Residence,Principal + Interest,Bank Website
 2018-05-30,US,New York,PNC FINANCIAL SERVICES GROUP INC,PNC,USD,Bank,Mortgages,Mortgages,30YMV,5-1 YR ARM,,Offline,30.0,Variable,3.0%,4.773%,500000,20%,720+,New Purchase,Primary Residence,Principal + Interest,Bank Website
 2018-05-30,US,New York,PNC FINANCIAL SERVICES GROUP INC,PNC,USD,Bank,Mortgages,Mortgages,30YMV,7-1 YR ARM,,Offline,30.0,Variable,3.25%,4.616%,500000,20%,720+,New Purchase,Primary Residence,Principal + Interest,Bank Website
 2018-05-30,US,New York,PNC FINANCIAL SERVICES GROUP INC,PNC,USD,Bank,Mortgages,Mortgages,30YMV,10-1 YR ARM,,Offline,30.0,Variable,3.5%,4.484%,500000,20%,720+,New Purchase,Primary Residence,Principal + Interest,Bank Website
 2018-05-30,US,New York,PNC FINANCIAL SERVICES GROUP INC,PNC,USD,Bank,Mortgages,Mortgages,30YMF,30 Yr Fixed,,Offline,30.0,Fixed,4.625%,4.793%,100000,20%,720+,New Purchase,Primary Residence,Principal + Interest,Bank Website
 2018-05-30,US,New York,PNC FINANCIAL SERVICES GROUP INC,PNC,USD,Bank,Mortgages,Mortgages,20YMF,20 Yr Fixed,,Offline,20.0,Fixed,4.375%,4.632%,100000,20%,720+,New Purchase,Primary Residence,Principal + Interest,Bank Website
 2018-05-30,US,New York,PNC FINANCIAL SERVICES GROUP INC,PNC,USD,Bank,Mortgages,Mortgages,15YMF,15 Yr Fixed,,Offline,15.0,Fixed,4.0%,4.38%,100000,20%,720+,New Purchase,Primary Residence,Principal + Interest,Bank Website
 2018-05-30,US,New York,PNC FINANCIAL SERVICES GROUP INC,PNC,USD,Bank,Mortgages,Mortgages,10YMF,10 Yr Fixed,,Offline,10.0,Fixed,3.875%,4.421%,100000,20%,720+,New Purchase,Primary Residence,Principal + Interest,Bank Website
 2018-05-30,US,New York,PNC FINANCIAL SERVICES GROUP INC,PNC,USD,Bank,Mortgages,Mortgages,30YMF,30 Yr Fixed,,Offline,30.0,Fixed,4.375%,4.495%,300000,20%,720+,New Purchase,Primary Residence,Principal + Interest,Bank Website
 2018-05-30,US,New York,PNC FINANCIAL SERVICES GROUP INC,PNC,USD,Bank,Mortgages,Mortgages,20YMF,20 Yr Fixed,,Offline,20.0,Fixed,4.125%,4.258%,300000,20%,720+,New Purchase,Primary Residence,Principal + Interest,Bank Website
 2018-05-30,US,New York,PNC FINANCIAL SERVICES GROUP INC,PNC,USD,Bank,Mortgages,Mortgages,15YMF,15 Yr Fixed,,Offline,15.0,Fixed,3.75%,3.991%,300000,20%,720+,New Purchase,Primary Residence,Principal + Interest,Bank Website
 2018-05-30,US,New York,PNC FINANCIAL SERVICES GROUP INC,PNC,USD,Bank,Mortgages,Mortgages,10YMF,10 Yr Fixed,,Offline,10.0,Fixed,3.625%,3.944%,300000,20%,720+,New Purchase,Primary Residence,Principal + Interest,Bank Website
 2018-05-30,US,New York,PNC FINANCIAL SERVICES GROUP INC,PNC,USD,Bank,Mortgages,Mortgages,30YMF,30 YR FIXED,,Offline,30.0,Fixed,4.125%,4.186%,500000,20%,720+,New Purchase,Primary Residence,Principal + Interest,Bank Website
 2018-05-30,US,New York,PNC FINANCIAL SERVICES GROUP INC,PNC,USD,Bank,Mortgages,Mortgages,15YMF,15 YR FIXED,,Offline,15.0,Fixed,3.75%,3.966%,500000,20%,720+,New Purchase,Primary Residence,Principal + Interest,Bank Website
 2018-05-30,US,New York,SUNTRUST BANKS INC,STI,USD,Bank,Mortgages,Mortgages,30YMF,Agency 30 Year Fixed,,Offline,30.0,Fixed,4.625%,4.7058%,200000,20%,720,New Purchase,Primary Residence,Principal + Interest,Bank Website
 2018-05-30,US,New York,SUNTRUST BANKS INC,STI,USD,Bank,Mortgages,Mortgages,15YMF,Agency 15 Year Fixed,,Offline,15.0,Fixed,3.990%,4.1204%,200000,20%,720,New Purchase,Primary Residence,Principal + Interest,Bank Website
 2018-05-30,US,New York,SUNTRUST BANKS INC,STI,USD,Bank,Mortgages,Mortgages,30YMF,Jumbo 30 Year Fixed,,Offline,30.0,Fixed,4.675%,4.7141%,500000,25%,720,New Purchase,Primary Residence,Principal + Interest,Bank Website
 2018-05-30,US,New York,SUNTRUST BANKS INC,STI,USD,Bank,Mortgages,Mortgages,30YMV,Agency 30 Year 5/1 ARM,,Offline,30.0,Variable,4.300%,4.8172%,200000,20%,720,New Purchase,Primary Residence,Principal + Interest,Bank Website
 2018-05-30,US,New York,SUNTRUST BANKS INC,STI,USD,Bank,Mortgages,Mortgages,30YMV,Agency 30 Year 7/1 ARM,,Offline,30.0,Variable,4.125%,4.6594%,200000,20%,720,New Purchase,Primary Residence,Principal + Interest,Bank Website
 2018-05-30,US,New York,SUNTRUST BANKS INC,STI,USD,Bank,Mortgages,Mortgages,30YMF,FHA 30 Year Fixed,,Offline,30.0,Fixed,4.400%,5.4925%,200000,5%,660,New Purchase,Primary Residence,Principal + Interest,Bank Website
 2018-05-30,US,New York,SUNTRUST BANKS INC,STI,USD,Bank,Mortgages,Mortgages,30YMF,VA 30 Year Fixed,,Offline,30.0,Fixed,4.400%,4.6615%,200000,0%,720,New Purchase,Primary Residence,Principal + Interest,Bank Website
 2018-05-30,US,New York,SUNTRUST BANKS INC,STI,USD,Bank,Mortgages,Mortgages,15YMF,VA 15 Year Fixed,,Offline,15.0,Fixed,4.000%,4.4724%,200000,0%,720,New Purchase,Primary Residence,Principal + Interest,Bank Website
 2018-05-30,US,New York,SUNTRUST BANKS INC,STI,USD,Bank,Mortgages,Mortgages,30YMV,VA 30 Year 5/1 ARM,,Offline,30.0,Variable,4.990%,5.0159%,200000,0%,720,New Purchase,Primary Residence,Principal + Interest,Bank Website
 2018-05-30,US,New York,WELLS FARGO,WFC,USD,Bank,Mortgages,Mortgages,30YMF,30-Year Fixed Rate,,Offline,30.0,Fixed,4.625%,4.674%,200000,25.0%,740,New Purchase,Primary Residence,Principal + Interest,Bank Website
 2018-05-30,US,New York,WELLS FARGO,WFC,USD,Bank,Mortgages,Mortgages,30YMF,30-Year Fixed-Rate VA,,Offline,30.0,Fixed,4.5%,4.808%,200000,0.0%,740,New Purchase,Primary Residence,Principal + Interest,Bank Website
 2018-05-30,US,New York,WELLS FARGO,WFC,USD,Bank,Mortgages,Mortgages,20YMF,20-Year Fixed Rate,,Offline,20.0,Fixed,4.375%,4.47%,200000,25.0%,740,New Purchase,Primary Residence,Principal + Interest,Bank Website
 2018-05-30,US,New York,WELLS FARGO,WFC,USD,Bank,Mortgages,Mortgages,15YMF,15-Year Fixed Rate,,Offline,15.0,Fixed,4.125%,4.264%,200000,25.0%,740,New Purchase,Primary Residence,Principal + Interest,Bank Website
 2018-05-30,US,New York,WELLS FARGO,WFC,USD,Bank,Mortgages,Mortgages,30YMV,7/1 ARM,,Offline,30.0,Variable,4.125%,4.656%,200000,25.0%,740,New Purchase,Primary Residence,Principal + Interest,Bank Website
 2018-05-30,US,New York,WELLS FARGO,WFC,USD,Bank,Mortgages,Mortgages,30YMV,5/1 ARM,,Offline,30.0,Variable,4.125%,4.735%,200000,25.0%,740,New Purchase,Primary Residence,Principal + Interest,Bank Website
 2018-05-30,US,New York,WELLS FARGO,WFC,USD,Bank,Mortgages,Mortgages,30YMF,30-Year Fixed-Rate Jumbo,,Offline,30.0,Fixed,4.5%,4.511%,750000,25.0%,740,New Purchase,Primary Residence,Principal + Interest,Bank Website
 2018-05-30,US,New York,WELLS FARGO,WFC,USD,Bank,Mortgages,Mortgages,15YMF,15-Year Fixed-Rate Jumbo,,Offline,15.0,Fixed,4.25%,4.287%,750000,25.0%,740,New Purchase,Primary Residence,Principal + Interest,Bank Website
 2018-05-30,US,New York,WELLS FARGO,WFC,USD,Bank,Mortgages,Mortgages,30YMV,7/1 ARM Jumbo,,Offline,30.0,Variable,4.0%,4.528%,750000,25.0%,740,New Purchase,Primary Residence,Principal + Interest,Bank Website
 2018-05-30,US,New York,WELLS FARGO,WFC,USD,Bank,Mortgages,Mortgages,30YMV,10/1 ARM Jumbo,,Offline,30.0,Variable,4.25%,4.537%,750000,25.0%,740,New Purchase,Primary Residence,Principal + Interest,Bank Website
 2018-05-30,US,New York,WELLS FARGO,WFC,USD,Bank,Mortgages,Mortgages,30YMF,30-Year Fixed Rate,,Offline,30.0,Fixed,4.75%,4.777%,200000,25.0%,740,New Purchase,Primary Residence,Principal + Interest,Bank Website
 2018-05-30,US,New York,WELLS FARGO,WFC,USD,Bank,Mortgages,Mortgages,30YMF,30-Year Fixed-Rate VA,,Offline,30.0,Fixed,4.5%,4.791%,200000,0.0%,740,New Purchase,Primary Residence,Principal + Interest,Bank Website
 2018-05-30,US,New York,WELLS FARGO,WFC,USD,Bank,Mortgages,Mortgages,20YMF,20-Year Fixed Rate,,Offline,20.0,Fixed,4.49%,4.512%,200000,25.0%,740,New Purchase,Primary Residence,Principal + Interest,Bank Website
 2018-05-30,US,New York,WELLS FARGO,WFC,USD,Bank,Mortgages,Mortgages,15YMF,15-Year Fixed Rate,,Offline,15.0,Fixed,4.25%,4.334%,200000,25.0%,740,New Purchase,Primary Residence,Principal + Interest,Bank Website
 2018-05-30,US,New York,WELLS FARGO,WFC,USD,Bank,Mortgages,Mortgages,30YMV,7/1 ARM,,Offline,30.0,Variable,4.25%,4.684%,200000,25.0%,740,New Purchase,Primary Residence,Principal + Interest,Bank Website
 2018-05-30,US,New York,WELLS FARGO,WFC,USD,Bank,Mortgages,Mortgages,30YMV,5/1 ARM,,Offline,30.0,Variable,4.125%,4.735%,200000,25.0%,740,New Purchase,Primary Residence,Principal + Interest,Bank Website
 2018-05-30,US,New York,WELLS FARGO,WFC,USD,Bank,Mortgages,Mortgages,30YMF,30-Year Fixed-Rate Jumbo,,Offline,30.0,Fixed,4.625%,4.628%,750000,25.0%,740,New Purchase,Primary Residence,Principal + Interest,Bank Website
 2018-05-30,US,New York,WELLS FARGO,WFC,USD,Bank,Mortgages,Mortgages,15YMF,15-Year Fixed-Rate Jumbo,,Offline,15.0,Fixed,4.375%,4.381%,750000,25.0%,740,New Purchase,Primary Residence,Principal + Interest,Bank Website
 2018-05-30,US,New York,WELLS FARGO,WFC,USD,Bank,Mortgages,Mortgages,30YMV,7/1 ARM Jumbo,,Offline,30.0,Variable,4.125%,4.58%,750000,25.0%,740,New Purchase,Primary Residence,Principal + Interest,Bank Website
 2018-05-30,US,New York,WELLS FARGO,WFC,USD,Bank,Mortgages,Mortgages,30YMV,10/1 ARM Jumbo,,Offline,30.0,Variable,4.25%,4.544%,750000,25.0%,740,New Purchase,Primary Residence,Principal + Interest,Bank Website
