Count,State
4409,Alabama
704,Alaska
4280,Arizona
1194,Arkansas
19804,California
11432,Colorado
486,Connecticut
442,Delaware
26999,Florida
3963,Georgia
8528,Hawaii
1421,Idaho
1879,Illinois
1142,Indiana
813,Iowa
262,Kansas
1005,Kentucky
1772,Louisiana
1387,Maine
49,Maryland
2906,Massachusetts
2670,Michigan
1270,Minnesota
801,Mississippi
2220,Missouri
1167,Montana
421,Nebraska
152,Nevada
992,New Hampshire
1531,New Jersey
1771,New Mexico
1289,New York
297,North Dakota
7418,North Carolina
1831,Ohio
1129,Oklahoma
4985,Oregon
2550,Pennsylvania
848,Rhodes Island
8041,South Carolina
591,South Dakota
5057,Tennessee
11196,Texas
3937,Utah
1386,Vermont
2812,Virginia
552,Washington
552,"Washington,Dc"
658,West Virginia
1652,Wisconsin
79,Wyoming
181,Ethiopia
741,Tanzania
994,Kenya
482,Uganda
196,Mozambique
155,Madagascar
55,Malawi
159,Zambia
192,Zimbabwe
0,Somalia
165,Rwanda
27,Burundi
2,Eritrea
589,Mauritius
6,Djibouti
6,Comoros
3,Mayotte
255,Seychelles
389,Reunion
15,Congo
74,Angola
103,Cameroon
4,Chad
12,Democratic Republic of Congo
0,Central African Republic
14,Gabon
8,Equatorial Guinea
17,Sao Tome & Principe
255,Egypt
148,Algeria
516,Sudan
3367,Morocco
669,Tunisia
0,Libya
19,Western Sahara
6590,South Africa
344,Namibia
240,Botswana
34,Lesotho
34,Swaziland
939,Nigeria
389,Ghana
99,Ivory Coast
7,Niger
11,Burkina Faso
195,Mali
190,Senegal
12,Guinea
22,Benin
33,Togo
28,Sierra Leone
199,Liberia
10,Mauritania
7,Guinea-Bissau
183,Cape Verde
31,Saint Helena
61,Gambia
11166,Mexico
423,Guatemala
530,Honduras
1,El Salvador
476,Nicaragua
2716,Costa Rica
612,Panama
498,Belize
174976,United States
13089,Canada
34,Bermuda
8,Greenland
64,Saint Pierre & Miquelon
12002,Brazil
3433,Colombia
2970,Argentina
2461,Peru
192,Venezuela
2247,Chile
1061,Ecuador
199,Bolivia
120,Paraguay
547,Uruguay
16,Guyana
43,Suriname
13,French Guiana
0,Falkland Islands
816,Cuba
152,Haiti
1421,Dominican Republic
579,Puerto Rico
1036,Jamaica
92,Trinidad & Tobago
558,Guadeloupe
566,Bahamas
347,Martinique
523,Barbados
225,Saint Lucia
257,Curacao
169,Saint Vincent & Grenadines
182,Grenada
327,US Virgin Islands
416,Aruba
167,Antigua & Barbuda
59,Dominica
40,Cayman Islands
49,Saint Kitts & Nevis
243,Turks & Caicos Islands
62,British Virgin Islands
32,Anguilla
197,Monserrat
98,Saint Barts
192,Saint Martin
108,St Maarten
130,"Bonaire, Saint Eustatius & Saba"
110,Uzbekistan
199,Kazakhstan
13,Tajikistan
0,Kyrgystan
0,Turkmenistan
20522,China
12808,Japan
7360,South Korea
4722,Taiwan
641,Hong Kong
45,Mongolia
3,Macau
9994,Indonesia
4170,Philippines
5473,Vietnam
19750,Thailand
705,Myanmar
5079,Malaysia
1356,Cambodia
450,Laos
516,Singapore
34,Brunei
0,East Timor
14682,India
232,Pakistan
240,Bangladesh
19,Iran
155,Afghanistan
1011,Nepal
3349,Sri Lanka
85,Bhutan
553,Maldives
10625,Turkey
26,Iraq
1736,Saudi Arabia
175,Yemen
41,Syria
275,Azerbaijan
427,Jordan
1428,United Arab Emirates
1342,Israel
302,Lebanon
31,Palestine
232,Oman
99,Kuwait
3963,Georgia
205,Armenia
138,Qatar
187,Bahrain
1634,Cyprus
4875,Russia
899,Ukraine
83,Poland
1083,Romania
35,Czechia
1479,Hungary
123,Belarus
1582,Bulgaria
591,Slovakia
77,Moldova
747,Crimea
26042,United Kingdom
2072,Sweden
1252,Denmark
1633,Finland
1040,Norway
2144,Ireland
246,Lithuania
252,Latvia
207,Estonia
715,Iceland
26,Isle of Man
13,Faroe Islands
20,Aland Islands
6,Svalbard & Jan Mayen Islands
56357,Italy
39969,Spain
13022,Greece
9264,Portugal
361,Serbia
8584,Croatia
119,Bosnia & Herzegovina
2,Albania
198,Republic of Macedonia
470,Slovenia
565,Montenegro
541,Malta
12,Andorra
8,Gibraltar
19,San Marino
4,Kosovo
15064,Germany
37200,France
4479,Netherlands
3018,Belgium
5507,Austria
3095,Switzerland
154,Luxembourg
17,Monaco
14,Liechtenstein
14888,Australia
3451,New Zealand
32,Papua New Guinea
208,Fiji
13,Solomon Islands
31,New Caledonia
106,Vanuatu
44,Guam
0,Kiribati
46,Northern Mariana Islands
0,Marshall Islands
198,Palau
0,Nauru
6,Micronesia
115,French Polynesia
63,Samoa
38,Tonga
3,American Samoa
90,Cook Islands
0,Tuvalu
4,Niue
0,Tokelau
0,Pitcairn
799,Mumbai
1415,Delhi
829,Bangalore
377,Hyderabad
205,Ahmedabad
491,Chennai
377,Kolkata
204,Surat
437,Pune
465,Jaipur
141,Lucknow
35,Kanpur
51,Nagpur
73,Visakhapatnam
93,Indore
127,Thane
56,Bhopal
113,Pimpri-Chinchwad
66,Patna
59,Vadodara
107,Ghaziabad
38,Ludhiana
73,Coimbatore
166,Agra
45,Madurai
46,Nashik
114,Faridabad
7,Meerut
28,Rajkot
98,Kalyan-Dombivali
125,Vasai-Virar
109,Varanasi
122,Srinagar
50,Aurangabad
0,Dhanbad
138,Amritsar
134,Navi Mumbai
20,Allahabad
31,Ranchi
110,Howrah
16,Jabalpur
25,Gwalior
34,Vijayawada
121,Jodhpur
57,Raipur
28,Kota
77,Guwahati
224,Chandigarh
161,Thiruvananthapuram
1,Solapur
