State,Order,Count
"Connecticut, USA",Home > United States > Connecticut,"1,291 "
"Maine, USA",Home > United States > Maine,"7,935 "
"Massachusetts, USA",Home > United States > Massachusetts,"12,592 "
"New Hampshire, USA",Home > United States > New Hampshire,"3,884 "
"Rhode Island, USA",Home > United States > Rhode Island,"1,997 "
"Vermont, USA",Home > United States > Vermont,"4,508 "
"New Jersey, USA",Home > United States > New Jersey,"7,493 "
"New York, USA",Home > United States > New York,"16,056 "
"Pennsylvania, USA",Home > United States > Pennsylvania,"5,260 "
"Illinois, USA",Home > United States > Illinois,"1,817 "
"Indiana, USA",Home > United States > Indiana,"1,204 "
"Michigan, USA",Home > United States > Michigan,"9,137 "
"Ohio, USA",Home > United States > Ohio,"1,864 "
"Wisconsin, USA",Home > United States > Wisconsin,"4,407 "
"Iowa, USA",Home > United States > Iowa,504 
"Kansas, USA",Home > United States > Kansas,257 
"Minnesota, USA",Home > United States > Minnesota,"3,188 "
"Missouri, USA",Home > United States > Missouri,"4,309 "
"Nebraska, USA",Home > United States > Nebraska,170 
"North Dakota, USA",Home > United States > North Dakota,44 
"South Dakota, USA",Home > United States > South Dakota,984 
"Delaware, USA",Home > United States > Delaware,"2,987 "
"Florida, USA",Home > United States > Florida,"113,786 "
"Georgia, USA",Home > United States > Georgia,"8,221 "
"Maryland, USA",Home > United States > Maryland,"5,927 "
"North Carolina, USA",Home > United States > North Carolina,"20,675 "
"South Carolina, USA",Home > United States > South Carolina,"20,797 "
"Virginia, USA",Home > United States > Virginia,"5,383 "
"Washington, DC, USA",Home > United States > Washington,"1,808 "
"West Virginia, USA",Home > United States > West Virginia,"1,341 "
"Alabama, USA",Home > United States > Alabama,"11,891 "
"Kentucky, USA",Home > United States > Kentucky,"1,611 "
"Mississippi, USA",Home > United States > Mississippi,"1,494 "
"Tennessee, USA",Home > United States > Tennessee,"9,918 "
"Arkansas, USA",Home > United States > Arkansas,"2,063 "
"Louisiana, USA",Home > United States > Louisiana,"3,031 "
"Oklahoma, USA",Home > United States > Oklahoma,"1,167 "
"Texas, USA",Home > United States > Texas,"17,564 "
"Arizona, USA",Home > United States > Arizona,"12,343 "
"Colorado, USA",Home > United States > Colorado,"24,057 "
"Idaho, USA",Home > United States > Idaho,"3,572 "
"Nevada, USA",Home > United States > Nevada,"3,326 "
"New Mexico, USA",Home > United States > New Mexico,"3,671 "
"Montana, USA",Home > United States > Montana,"4,127 "
"Utah, USA",Home > United States > Utah,"8,705 "
"Wyoming, USA",Home > United States > Wyoming,"1,521 "
"Alaska, USA",Home > United States > Alaska,"1,681 "
"California, USA",Home > United States > California,"47,723 "
"Hawaii, USA",Home > United States > Hawaii,"22,564 "
"Oregon, USA",Home > United States > Oregon,"8,983 "
"Washington, USA",Home > United States > Washington,"8,314 "
Ethiopia,Home > Ethiopia,7 
Tanzania,Home > Tanzania,140 
Kenya,Home > Kenya,330 
Uganda,Home > Uganda,40 
Mozambique,Home > Mozambique,17 
Madagascar,Home > Madagascar,148 
Malawi,Home > Malawi,3 
"Copperbelt, Zambia",Home > Zambia > Copperbelt,1 
Zimbabwe,Home > Zimbabwe,38 
Somalia,NaN,0
Rwanda,Home > Rwanda,11 
Burundi,NaN,0
Eritrea,NaN,0
Mauritius,Home > Mauritius,"1,092 "
Djibouti,NaN,0
Comoros,NaN,0
Mayotte,Home > Mayotte,1 
Seychelles,Home > Seychelles,130 
Reunion,Home > Reunion,"1,174 "
Republic of the Congo,Home > Republic of the Congo,6 
Angola,Home > Angola,5 
Cameroon,Home > Cameroon,36 
Chad,NaN,0
Democratic Republic of the Congo,Home > Democratic Republic of the Congo,5 
Central African Republic,NaN,0
Gabon,Home > Gabon,3 
Equatorial Guinea,NaN,0
São Tomé and Príncipe,Home > São Tomé and Príncipe,1 
Egypt,Home > Egypt,373 
Algeria,Home > Algeria,118 
Sudan,NaN,0
Morocco,Home > Morocco,"3,003 "
Tunisia,Home > Tunisia,482 
Libya,NaN,0
Western Sahara,NaN,0
South Africa,Home > South Africa,"2,242 "
Namibia,Home > Namibia,14 
"Muriwai, New Zealand",Home > New Zealand > Auckland > Muriwai,181 
Lesotho,Home > Lesotho,1 
Swaziland,Home > Swaziland,2 
Nigeria,Home > Nigeria,22 
Ghana,Home > Ghana,84 
Côte d'Ivoire,Home > Côte d'Ivoire,26 
Niger,NaN,0
Burkina Faso,Home > Burkina Faso,1 
Mali,Home > Mali,5 
Senegal,Home > Senegal,480 
Guinea,Home > Guinea,2 
Benin,Home > Benin,24 
Togo,Home > Togo,2 
Sierra Leone,Home > Sierra Leone,4 
Liberia,NaN,0
Mauritania,NaN,0
Guinea-Bissau,Home > Guinea-Bissau,1 
Cape Verde,Home > Cape Verde,326 
Saint Helena,NaN,0
The Gambia,Home > The Gambia,26 
Mexico,Home > Mexico,"20,873 "
Guatemala,Home > Guatemala,268 
Honduras,Home > Honduras,559 
El Salvador,Home > El Salvador,139 
Nicaragua,Home > Nicaragua,716 
Costa Rica,Home > Costa Rica,"5,466 "
Panama,Home > Panama,661 
Belize,Home > Belize,"1,089 "
United States,Home > United States,"467,699 "
Canada,Home > Canada,"22,607 "
Bermuda,Home > Bermuda,148 
Greenland,Home > Greenland,184 
"Saint-Pierre, Martinique",Home > Martinique > Saint-Pierre,112 
Brazil,Home > Brazil,"22,228 "
Colombia,Home > Colombia,"2,645 "
Argentina,Home > Argentina,"1,798 "
Peru,Home > Peru,659 
Venezuela,Home > Venezuela,34 
Chile,Home > Chile,"1,392 "
Ecuador,Home > Ecuador,594 
Bolivia,Home > Bolivia,50 
Paraguay,Home > Paraguay,16 
Uruguay,Home > Uruguay,437 
Guyana,Home > Guyana,4 
Suriname,Home > Suriname,15 
French Guiana,Home > French Guiana,22 
Falkland Islands,NaN,0
Cuba,NaN,0
Haiti,Home > Haiti,93 
Dominican Republic,Home > Dominican Republic,"3,872 "
Puerto Rico,Home > Puerto Rico,"2,858 "
Jamaica,Home > Jamaica,"2,212 "
Trinidad and Tobago,Home > Trinidad and Tobago,237 
Guadeloupe,Home > Guadeloupe,"2,835 "
The Bahamas,Home > The Bahamas,"2,115 "
Martinique,Home > Martinique,"2,163 "
Barbados,Home > Barbados,"2,431 "
Saint Lucia,Home > Saint Lucia,598 
Curaçao,Home > Curaçao,600 
Saint Vincent and the Grenadines,Home > Saint Vincent and the Grenadines,427 
Grenada,Home > Grenada,233 
U.S. Virgin Islands,Home > U.S. Virgin Islands,"1,927 "
Aruba,Home > Aruba,"1,109 "
Antigua and Barbuda,Home > Antigua and Barbuda,347 
Dominica,Home > Dominica,48 
Cayman Islands,Home > Cayman Islands,714 
Saint Kitts and Nevis,Home > Saint Kitts and Nevis,155 
Turks and Caicos Islands,Home > Turks and Caicos Islands,866 
British Virgin Islands,Home > British Virgin Islands,232 
Anguilla,Home > Anguilla,332 
"Monserrat, Valencia, Spain",Home > Spain > Valencian Community > Valencia > Ribera Alta > Monserrat,122 
"Saint-Barthélemy, France",Home > France > Nouvelle-Aquitaine > Landes > Saint-Barthélemy,"1,459 "
Saint Martin,Home > Saint Martin,"1,237 "
Sint Maarten,Home > Sint Maarten,770 
"Bonaire, Caribbean Netherlands",Home > Caribbean Netherlands > Bonaire,367 
Uzbekistan,NaN,0
Kazakhstan,Home > Kazakhstan,66 
Tajikistan,Home > Tajikistan,13 
Kyrgyzstan,Home > Kyrgyzstan,13 
Turkmenistan,Home > Turkmenistan,1 
China,Home > China,430 
Japan,Home > Japan,"4,490 "
South Korea,Home > South Korea,"1,193 "
Taiwan,Home > Taiwan,"1,182 "
Hong Kong SAR,Home > Hong Kong,551 
Mongolia,Home > Mongolia,21 
Macau SAR,Home > Macau,1 
Indonesia,Home > Indonesia,"5,973 "
Philippines,Home > Philippines,"2,581 "
Vietnam,Home > Vietnam,"1,466 "
Thailand,Home > Thailand,"8,693 "
Myanmar (Burma),Home > Myanmar (Burma),30 
Malaysia,Home > Malaysia,"3,281 "
Cambodia,Home > Cambodia,199 
Laos,Home > Laos,12 
Singapore,Home > Singapore,670 
Brunei,Home > Brunei,2 
HomeAway,NaN,0
India,Home > India,"2,392 "
Pakistan,Home > Pakistan,6 
Bangladesh,Home > Bangladesh,8 
Iran,NaN,0
Afghanistan,NaN,0
Nepal,Home > Nepal,42 
Sri Lanka,Home > Sri Lanka,"1,033 "
Bhutan,Home > Bhutan,3 
Maldives,Home > Maldives,58 
Turkey,Home > Turkey,"9,724 "
Iraq,NaN,0
Saudi Arabia,Home > Saudi Arabia,3 
Yemen,NaN,0
Syria,NaN,0
Azerbaijan,Home > Azerbaijan,68 
Jordan,Home > Jordan,80 
United Arab Emirates,Home > United Arab Emirates,"1,418 "
Israel,Home > Israel,"1,599 "
Lebanon,Home > Lebanon,50 
"Palestine, TX, USA",Home > United States > Texas > Anderson County > Palestine,23 
Oman,Home > Oman,30 
Kuwait,Home > Kuwait,3 
Georgia,Home > Georgia,466 
Armenia,Home > Armenia,137 
Qatar,Home > Qatar,1 
"Seef, Bahrain",Home > Bahrain > Capital Governorate > Seef,10 
Cyprus,Home > Cyprus,"5,264 "
Russia,Home > Russia,"2,035 "
Ukraine,Home > Ukraine,930 
Poland,Home > Poland,"3,995 "
Romania,Home > Romania,723 
Czechia,Home > Czechia,"2,767 "
Hungary,Home > Hungary,"3,363 "
Belarus,Home > Belarus,109 
Bulgaria,Home > Bulgaria,"1,213 "
Slovakia,Home > Slovakia,208 
Moldova,Home > Moldova,60 
"Crimea, Ukraine",NaN,0
United Kingdom,Home > United Kingdom,"70,342 "
Sweden,Home > Sweden,"3,370 "
Denmark,Home > Denmark,"16,344 "
Finland,Home > Finland,"3,991 "
Norway,Home > Norway,"2,065 "
Ireland,Home > Ireland,"4,507 "
Lithuania,Home > Lithuania,126 
Latvia,Home > Latvia,185 
Estonia,Home > Estonia,88 
Iceland,Home > Iceland,661 
Isle of Man,Home > Isle of Man,15 
Faroe Islands,Home > Faroe Islands,8 
"Åland Islands, Finland",NaN,0
Svalbard and Jan Mayen,NaN,0
Italy,Home > Italy,"140,768 "
Spain,Home > Spain,"125,976 "
Greece,Home > Greece,"22,543 "
"Cefalù, Palermo, Italy",Home > Italy > Sicily > Province of Palermo > Cefalù,"1,004 "
Serbia,Home > Serbia,353 
Croatia,Home > Croatia,"83,746 "
Bosnia and Herzegovina,Home > Bosnia and Herzegovina,243 
Albania,Home > Albania,81 
Macedonia (FYROM),Home > Macedonia (FYROM),95 
Slovenia,Home > Slovenia,970 
Montenegro,Home > Montenegro,"1,176 "
Malta,Home > Malta,"1,720 "
Andorra,Home > Andorra,252 
Gibraltar,Home > Gibraltar,16 
San Marino,Home > San Marino,3 
Kosovo,NaN,0
Germany,Home > Germany,"73,939 "
France,Home > France,"199,114 "
Netherlands,Home > Netherlands,"7,569 "
Belgium,Home > Belgium,"3,968 "
Austria,Home > Austria,"15,784 "
Switzerland,Home > Switzerland,"9,649 "
Luxembourg,Home > Luxembourg,90 
Monaco,Home > Monaco,20 
Liechtenstein,Home > Liechtenstein,2 
Australia,Home > Australia,"49,358 "
New Zealand,Home > New Zealand,"11,847 "
Papua New Guinea,Home > Papua New Guinea,1 
Fiji,Home > Fiji,83 
Solomon Islands,NaN,0
New Caledonia,Home > New Caledonia,18 
Vanuatu,Home > Vanuatu,23 
Guam,Home > Guam,30 
Kiribati,Home > Kiribati,1 
"North Field, Northern Mariana Islands",Home > Northern Mariana Islands > North Field,2 
Marshall Islands,NaN,0
Palau,NaN,0
Nauru,NaN,0
Federated States of Micronesia,NaN,0
French Polynesia,Home > French Polynesia,259 
Samoa,Home > Samoa,9 
Tonga,Home > Tonga,2 
American Samoa,Home > American Samoa,1 
Cook Islands,Home > Cook Islands,224 
Tuvalu,NaN,0
Niue,Home > Niue,1 
Tokelau,NaN,0
"Pitcairn, PA, USA",Home > United States > Pennsylvania > Allegheny County > Pitcairn,33 
"Mumbai, Maharashtra, India",Home > India > Maharashtra > Mumbai,156 
"Delhi, India",Home > India > Delhi,126 
"Bengaluru, Karnataka, India",Home > India > Karnataka > Bengaluru,118 
"Hyderabad, India",Home > India > Telangana > Hyderabad,25 
"Ahmadabad, India",Home > India > Gujarat > Ahmadabad,7 
"Chennai, Tamil Nadu, India",Home > India > Tamil Nadu > Tiruvallur > Chennai,39 
"Kolkata, West Bengal, India",Home > India > West Bengal > North 24 Parganas > Kolkata,59 
"Surat, India",NaN,0
"Pune, India",Home > India > Maharashtra > Pune,72 
"Jaipur, India",Home > India > Rajasthan > Jaipur,77 
"Lucknow, India",Home > India > Uttar Pradesh > Lucknow,12 
"Kanpur, Uttar Pradesh, India",NaN,0
"Nagpur, India",Home > India > Maharashtra > Nagpur,1 
"Vishakhapatnam, Andhra Pradesh, India",Home > India > Andhra Pradesh > Vishakhapatnam,5 
"Indore, India",Home > India > Madhya Pradesh > Indore,1 
"Thane, Maharashtra, India",Home > India > Maharashtra > Mumbai Suburban > Thane,115 
"Pimpri-Chinchwad, Maharashtra, India",Home > India > Maharashtra > Pune > Pimpri-Chinchwad,39 
"Patna, India",Home > India > Bihar > Patna,2 
"Vadodara, India",Home > India > Gujarat > Vadodara,7 
"Ghaziabad, India",Home > India > Uttar Pradesh > Ghaziabad,6 
"Ludhiana, Punjab, India",NaN,0
"Coimbatore, Tamil Nadu, India",Home > India > Tamil Nadu > Coimbatore,52 
"Agra, India",Home > India > Uttar Pradesh > Agra,7 
"Madurai, Tamil Nadu, India",Home > India > Tamil Nadu > Madurai,19 
"Nashik, India",Home > India > Maharashtra > Nashik,8 
"Faridabad, India",Home > India > Haryana > Faridabad,1 
"Meerut, Uttar Pradesh, India",NaN,0
"Rajkot, India",Home > India > Gujarat > Rajkot,1 
"Rajkot, India",Home > India > Gujarat > Rajkot,1 
"Dombivli, Maharashtra, India",Home > India > Maharashtra > Dombivli,9 
"Vasai, Maharashtra, India",Home > India > Maharashtra > Palghar > Vasai,23 
"Varanasi, Uttar Pradesh, India",Home > India > Uttar Pradesh > Varanasi,4 
"Srinagar, India",NaN,0
"Aurangabad, India",NaN,0
"Dhanbad, India",NaN,0
"Amritsar, India",Home > India > Punjab > Amritsar,6 
"Mumbai, Maharashtra, India",Home > India > Maharashtra > Mumbai,156 
"Allahabad, India",NaN,0
"Ranchi, India",NaN,0
"Howrah, West Bengal, India",Home > India > West Bengal > South 24 Parganas > Howrah,58 
"Jabalpur, India",NaN,0
"Gwalior, India",Home > India > Madhya Pradesh > Gwalior,3 
"Vijayawada, Andhra Pradesh, India",Home > India > Andhra Pradesh > Krishna > Vijayawada,1 
"Jodhpur, Rajasthan, India",Home > India > Rajasthan > Jodhpur > Jodhpur,5 
"Raipur, India",NaN,0
"Kota, India",NaN,0
"Guwahati, Assam, India",Home > India > Assam > Kamrup > Guwahati,2 
"Chandigarh, India",Home > India > Chandigarh,47 
"Thiruvananthapuram, Kerala, India",Home > India > Kerala > Thiruvananthapuram,38 
"Solapur, India",NaN,0
