Alabama,,7327
Alaska,,1963
Arizona,,8079
Arkansas,,3397
California,,45215
Colorado,,20434
Connecticut,,1328
Delaware,,1152
Florida,,64579
Georgia,,7996
Hawaii,,10519
Idaho,,2839
Illinois,,4338
Indiana,,398
Iowa,,2306
Kansas,,212
Kentucky,,1872
Maine,,2481
Maryland,,4502
Massachusetts,,4920
Michigan,,5588
Minnesota,,2987
Mississippi,,1608
Missouri,,3884
Montana,,2406
Nebraska,,758
Nevada,,3182
New Hampshire,,1873
New Jersey,,355
New Mexico,,1597
New York,,6860
North Dakota,,233
North Carolina,,2753
Ohio,,3111
Oklahoma,,1801
Oregon,,7700
Pennsylvania,,4568
Rhodes Island,,2406
South Carolina,,6835
South Dakota,,279
Tennessee,,9091
Texas,,16579
Utah,,6095
Vermont,,2002
Virginia,,4580
Washington,,0
"Washington,Dc",,1570
West Virginia,,143
Wisconsin,,2913
Wyoming,,1416
Ethiopia,,1289
Tanzania,,3595
Kenya,,5219
Uganda,,1805
Mozambique,,644
Madagascar,,796
Malawi,,516
Zambia,,823
Zimbabwe,,548
Somalia,,4
Rwanda,,623
Burundi,,150
Eritrea,,28
Mauritius,,2556
Djibouti,,26
Djibouti,,26
Comoros,,35
Mayotte,,36
Seychelles,,878
Reunion,,956
Congo,,552
Angola,,242
Cameroon,,1156
Chad,,115
Democratic Republic of Congo,,552
Central African Republic,,6
Gabon,,227
Equatorial Guinea,,79
Sao Tome & Principe,,91
Egypt,,4461
Algeria,,736
Sudan,,66
Morocco,,11568
Tunisia,,2336
Libya,,65
Western Sahara,,88
South Africa,,4096
Namibia,,1270
Botswana,,782
Lesotho,,83
Swaziland,,110
Nigeria,,9231
Ghana,,2703
Ivory Coast,,969
Niger,,9231
Burkina Faso,,251
Mali,,622
Senegal,,1470
Guinea,,-
Benin,,325
Togo,,286
Sierra Leone,,101
Liberia,,156
Mauritania,,129
Guinea-Bissau,,43
Cape Verde,,571
Saint Helena,,58
Gambia,,288
Mexico,,1592
Guatemala,,755
Honduras,,1180
El Salvador,,326
Nicaragua,,1857
Costa Rica,,8523
Panama,,2056
Belize,,1247
United States,,338555
Canada,,28322
Bermuda,,163
Greenland,,71
Saint Pierre & Miquelon,,11
Brazil,,76648
Colombia,,18205
Argentina,,24927
Peru,,10219
Venezuela,,1003
Chile,,21518
Ecuador,,4963
Bolivia,,1446
Paraguay,,561
Uruguay,,4160
Suriname,,213
French Guiana,,112
Falkland Islands,,13
Cuba,,3520
Haiti,,298
Dominican Republic,,4824
Puerto Rico,,2035
Jamaica,,3401
Jamaica,,42
Trinidad & Tobago,,620
Guadeloupe,,2099
Bahamas,,1265
Martinique,,1135
Barbados,,1062
Saint Lucia,,580
Curacao,,907
Saint Vincent & Grenadines,,171
Grenada,,240
US Virgin Islands,,731
Aruba,,1007
Antigua & Barbuda,,310
Dominica,,4824
Cayman Islands,,472
Saint Kitts & Nevis,,114
Turks & Caicos Islands,,408
British Virgin Islands,,202
Anguilla,,213
Monserrat,,5
Saint Martin,,643
St Maarten,,26
"Bonaire, Saint Eustatius & Saba",,9
Uzbekistan,,568
Kazakhstan,,3199
Tajikistan,,171
Kyrgystan,,1087
Turkmenistan,,33
China,,561510
Japan,,53938
South Korea,,5398
Taiwan,,20755
Hong Kong,,2305
Mongolia,,372
Macau,,270
Indonesia,,37542
Philippines,,14560
Vietnam,,22047
Thailand,,53261
Myanmar,,2291
Malaysia,,19599
Cambodia,,4646
Laos,,2630
Singapore,,1157
Brunei,,97
East Timor,,51
India,,0
Pakistan,,1865
Bangladesh,,878
Iran,,433
Afghanistan,,19
Nepal,,2376
Sri Lanka,,17172
Bhutan,,220
Maldives,,1283
Turkey,,36195
Iraq,,229
Saudi Arabia,,2082
Yemen,,39
Syria,,225
Azerbaijan,,2259
Jordan,,1223
United Arab Emirates,,4696
Israel,,7199
Lebanon,,83
Palestine,,21
Oman,,705
Kuwait,,286
Georgia,,7996
Armenia,,2513
Qatar,,280
Bahrain,,487
Cyprus,,8318
Russia,,84333
Ukraine,,14193
Poland,,60626
Romania,,18554
Czechia,,21081
Hungary,,24862
Belarus,,4480
Bulgaria,,17349
Slovakia,,6015
Moldova,,787
United Kingdom,,17362
Sweden,,10165
Denmark,,25304
Finland,,6972
Norway,,5623
Ireland,,9098
Ireland,,3511
Lithuania,,4944
Latvia,,3931
Estonia,,3897
Iceland,,2654
Isle of Man,,128
Faroe Islands,,77
Aland Islands,,0
Svalbard & Jan Mayen Islands,,25
Italy,,269654
Spain,,180729
Greece,,55931
Portugal,,43072
Serbia,,7887
Croatia,,106224
Bosnia & Herzegovina,,5587
Albania,,4215
Republic of Macedonia,,2466
Slovenia,,5288
Montenegro,,10177
Malta,,3161
Andorra,,1026
Gibraltar,,44
San Marino,,71
Kosovo,,353
Germany,,119588
Germany,,41419
France,,177802
Netherlands,,19359
Belgium,,13353
Austria,,59784
Switzerland,,29537
Luxembourg,,556
Monaco,,100
Liechtenstein,,107
Australia,,39863
New Zealand,,1830
Papua New Guinea,,127
Fiji,,631
Solomon Islands,,51
New Caledonia,,140
Vanuatu,,289
Guam,,110
Kiribati,,1
Northern Mariana Islands,,162
Marshall Islands,,11
Palau,,260
Micronesia,,19
French Polynesia,,623
Samoa,,167
Tonga,,109
American Samoa,,12
Cook Islands,,322
Niue,,18
Tokelau,,3
Alabama,Alaska,Arizona,Arkansas,California,Colorado,Connecticut,Delaware,Florida,Georgia,Hawaii,Idaho,Illinois,Indiana,Iowa,Kansas,Kentucky,Louisiana,Maine,Maryland,Massachusetts,Michigan,Minnesota,Mississippi,Missouri,Montana,Nebraska,Nevada,New Hampshire,New Jersey,New Mexico,New York,North Dakota,North Carolina,Ohio,Oklahoma,Oregon,Pennsylvania,Rhodes Island,South Carolina,South Dakota,Tennessee,Texas,Utah,District of Columbia,Vermont,Virginia,Washington,"Washington,Dc",West Virginia,Wisconsin,Wyoming,Ethiopia,Tanzania,Kenya,Uganda,Mozambique,Madagascar,Malawi,Zambia,Zimbabwe,Somalia,Rwanda,Burundi,Eritrea,Mauritius,Djibouti,Comoros,Mayotte,Seychelles,Reunion,Congo,Angola,Cameroon,Chad,Democratic Republic of Congo,Central African Republic,Gabon,Equatorial Guinea,Sao Tome & Principe,Egypt,Algeria,Sudan,Morocco,Tunisia,Libya,Western Sahara,South Africa,Namibia,Botswana,Lesotho,Swaziland,Nigeria,Ghana,Ivory Coast,Niger,Burkina Faso,Mali,Senegal,Guinea,Benin,Togo,Sierra Leone,Liberia,Mauritania,Guinea-Bissau,Cape Verde,Saint Helena,Gambia,Mexico,Guatemala,Honduras,El Salvador,Nicaragua,Costa Rica,Panama,Belize,United States,Canada,Bermuda,Greenland,Saint Pierre & Miquelon,Brazil,Colombia,Argentina,Peru,Venezuela,Chile,Ecuador,Bolivia,Paraguay,Uruguay,Guyana,Suriname,French Guiana,Falkland Islands,Cuba,Haiti,Dominican Republic,Puerto Rico,Jamaica,Trinidad & Tobago,Guadeloupe,Bahamas,Martinique,Barbados,Saint Lucia,Curacao,Saint Vincent & Grenadines,Grenada,US Virgin Islands,Aruba,Antigua & Barbuda,Dominica,Cayman Islands,Saint Kitts & Nevis,Turks & Caicos Islands,British Virgin Islands,Anguilla,Monserrat,Saint Barts,Saint Martin,St Maarten,"Bonaire, Saint Eustatius & Saba",Uzbekistan,Kazakhstan,Tajikistan,Kyrgystan,Turkmenistan,China,Japan,South Korea,Taiwan,Hong Kong,Mongolia,Macau,Indonesia,Philippines,Vietnam,Thailand,Myanmar,Malaysia,Cambodia,Laos,Singapore,Brunei,East Timor,India,Pakistan,Bangladesh,Iran,Afghanistan,Nepal,Sri Lanka,Bhutan,Maldives,Turkey,Iraq,Saudi Arabia,Yemen,Syria,Azerbaijan,Jordan,United Arab Emirates,Israel,Lebanon,Palestine,Oman,Kuwait,Georgia,Armenia,Qatar,Bahrain,Cyprus,Russia,Ukraine,Poland,Romania,Czechia,Hungary,Belarus,Bulgaria,Slovakia,Moldova,Crimea,United Kingdom,Sweden,Denmark,Finland,Norway,Ireland,Lithuania,Latvia,Estonia,Iceland,Isle of Man,Faroe Islands,Aland Islands,Svalbard & Jan Mayen Islands,Italy,Spain,Greece,Portugal,Serbia,Croatia,Bosnia & Herzegovina,Albania,Republic of Macedonia,Slovenia,Montenegro,Malta,Andorra,Gibraltar,San Marino,Kosovo,Germany,France,Netherlands,Belgium,Austria,Switzerland,Luxembourg,Monaco,Liechtenstein,Australia,New Zealand,Papua New Guinea,Fiji,Solomon Islands,New Caledonia,Vanuatu,Guam,Kiribati,Northern Mariana Islands,Marshall Islands,Palau,Nauru,Micronesia,French Polynesia,Samoa,Tonga,American Samoa,Cook Islands,Tuvalu,Niue,Tokelau,Pitcairn
Alabama,Alaska,Arizona,Arkansas,Arkansas,California,California,California,Colorado,Colorado,Colorado,Connecticut,Delaware,Delaware,Delaware,Delaware,Delaware,Florida,Florida,Florida,Georgia,Hawaii,Hawaii,Hawaii,Idaho,Idaho,Idaho,Illinois,Illinois,Indiana,Indiana,Iowa,Iowa,Iowa,Iowa,Kansas,Kansas,Kansas,Kansas,Kansas,Kentucky,Louisiana,Louisiana,Louisiana,Maine,Maine,Maryland,Maryland,Maryland,Massachusetts,Michigan,Michigan,Minnesota,Minnesota,Mississippi,Missouri,Missouri,Missouri,Montana,Montana,Nebraska,Nebraska,Nevada,Nevada,Nevada,New Hampshire,New Hampshire,New Hampshire,New Hampshire,New Hampshire,New Hampshire,New Jersey,New Jersey,New Jersey,New Jersey,New Jersey,New Mexico,New Mexico,New Mexico,New Mexico,New Mexico,New York,New York,New York,New York,New York,North Dakota,North Dakota,North Dakota,North Dakota,North Dakota,North Carolina,North Carolina,North Carolina,North Carolina,North Carolina,Ohio,Oklahoma,Oklahoma,Oklahoma,Oklahoma,Oklahoma,Oregon,Oregon,Oregon,Pennsylvania,Rhodes Island,Rhodes Island,Rhodes Island,Rhodes Island,South Carolina,South Carolina,South Carolina,South Carolina,South Carolina,South Carolina,South Dakota,South Dakota,South Dakota,South Dakota,South Dakota,Tennessee,Texas,Texas,Utah,Utah,Utah,Utah,Utah,Vermont,Virginia,Virginia,Washington,Washington,Washington,"Washington,Dc","Washington,Dc","Washington,Dc",West Virginia,West Virginia,West Virginia,West Virginia,West Virginia,West Virginia,Wisconsin,Wisconsin,Wisconsin,Wyoming,Wyoming,Ethiopia,Ethiopia,Tanzania,Kenya,Kenya,Uganda,Mozambique,Madagascar,Malawi,Zambia,Zimbabwe,Somalia,Rwanda,Rwanda,Burundi,Eritrea,Mauritius,Djibouti,Djibouti,Comoros,Mayotte,Seychelles,Seychelles,Seychelles,Reunion,Congo,Congo,Congo,Angola,Angola,Angola,Cameroon,Chad,Chad,Chad,Democratic Republic of Congo,Democratic Republic of Congo,Democratic Republic of Congo,Democratic Republic of Congo,Central African Republic,Central African Republic,Central African Republic,Central African Republic,Gabon,Equatorial Guinea,Equatorial Guinea,Sao Tome & Principe,Sao Tome & Principe,Egypt,Egypt,Egypt,Algeria,Algeria,Algeria,Algeria,Sudan,Sudan,Sudan,Morocco,Tunisia,Libya,Western Sahara,South Africa,South Africa,South Africa,South Africa,South Africa,Namibia,Botswana,Lesotho,Swaziland,Nigeria,Ghana,Ivory Coast,Ivory Coast,Ivory Coast,Ivory Coast,Ivory Coast,Niger,Niger,Burkina Faso,Burkina Faso,Burkina Faso,Mali,Mali,Mali,Senegal,Guinea,Guinea,Guinea,Benin,Benin,Benin,Togo,Sierra Leone,Sierra Leone,Liberia,Mauritania,Guinea-Bissau,Cape Verde,Cape Verde,Cape Verde,Saint Helena,Saint Helena,Saint Helena,Gambia,Mexico,Mexico,Mexico,Mexico,Mexico,Mexico,Guatemala,Guatemala,Guatemala,Honduras,El Salvador,El Salvador,El Salvador,El Salvador,Nicaragua,Costa Rica,Costa Rica,Costa Rica,Costa Rica,Costa Rica,Panama,Panama,Panama,Panama,Panama,Panama,Belize,Belize,Belize,Belize,United States,Canada,Canada,Bermuda,Bermuda,Greenland,Greenland,Saint Pierre & Miquelon,Saint Pierre & Miquelon,Brazil,Brazil,Colombia,Colombia,Argentina,Peru,Peru,Peru,Peru,Peru,Venezuela,Chile,Chile,Chile,Ecuador,Bolivia,Bolivia,Paraguay,Paraguay,Uruguay,Uruguay,Guyana,Suriname,French Guiana,French Guiana,French Guiana,French Guiana,Falkland Islands,Falkland Islands,Falkland Islands,Falkland Islands,Cuba,Cuba,Cuba,Cuba,Haiti,Haiti,Haiti,Dominican Republic,Dominican Republic,Dominican Republic,Dominican Republic,Dominican Republic,Puerto Rico,Puerto Rico,Puerto Rico,Puerto Rico,Puerto Rico,Jamaica,Jamaica,Jamaica,Jamaica,Trinidad & Tobago,Trinidad & Tobago,Trinidad & Tobago,Trinidad & Tobago,Trinidad & Tobago,Guadeloupe,Bahamas,Martinique,Barbados,Saint Lucia,Saint Lucia,Saint Lucia,Saint Lucia,Curacao,Saint Vincent & Grenadines,Saint Vincent & Grenadines,Saint Vincent & Grenadines,Saint Vincent & Grenadines,Saint Vincent & Grenadines,Grenada,Grenada,US Virgin Islands,US Virgin Islands,US Virgin Islands,US Virgin Islands,Aruba,Antigua & Barbuda,Antigua & Barbuda,Antigua & Barbuda,Dominica,Dominica,Dominica,Cayman Islands,Cayman Islands,Cayman Islands,Saint Kitts & Nevis,Saint Kitts & Nevis,Saint Kitts & Nevis,Saint Kitts & Nevis,Turks & Caicos Islands,Turks & Caicos Islands,British Virgin Islands,British Virgin Islands,British Virgin Islands,British Virgin Islands,British Virgin Islands,British Virgin Islands,Anguilla,Anguilla,Monserrat,Saint Martin,Saint Martin,Saint Martin,Saint Martin,St Maarten,"Bonaire, Saint Eustatius & Saba",Uzbekistan,Kazakhstan,Tajikistan,Kyrgystan,Turkmenistan,China,China,China,China,China,China,Japan,Japan,South Korea,South Korea,South Korea,South Korea,Taiwan,Taiwan,Hong Kong,Hong Kong,Mongolia,Macau,Macau,Indonesia,Philippines,Vietnam,Vietnam,Thailand,Myanmar,Malaysia,Cambodia,Laos,Singapore,Brunei,Brunei,East Timor,India,India,India,India,Pakistan,Bangladesh,Iran,Afghanistan,Nepal,Sri Lanka,Sri Lanka,Sri Lanka,Sri Lanka,Sri Lanka,Sri Lanka,Bhutan,Maldives,Turkey,Iraq,Saudi Arabia,Saudi Arabia,Saudi Arabia,Saudi Arabia,Yemen,Syria,Syria,Azerbaijan,Jordan,Jordan,Jordan,Jordan,Jordan,United Arab Emirates,United Arab Emirates,United Arab Emirates,Israel,Lebanon,Lebanon,Lebanon,Lebanon,Lebanon,Lebanon,Palestine,Palestine,Oman,Kuwait,Georgia,Armenia,Armenia,Qatar,Bahrain,Cyprus,Russia,Russia,Ukraine,Ukraine,Poland,Poland,Poland,Romania,Czechia,Hungary,Hungary,Belarus,Bulgaria,Slovakia,Moldova,Moldova,United Kingdom,United Kingdom,United Kingdom,Sweden,Denmark,Denmark,Denmark,Denmark,Finland,Norway,Norway,Norway,Ireland,Ireland,Ireland,Lithuania,Latvia,Estonia,Iceland,Isle of Man,Isle of Man,Faroe Islands,Faroe Islands,Faroe Islands,Faroe Islands,Aland Islands,Aland Islands,Aland Islands,Aland Islands,Aland Islands,Svalbard & Jan Mayen Islands,Italy,Italy,Italy,Italy,Spain,Spain,Greece,Greece,Greece,Portugal,Portugal,Portugal,Portugal,Portugal,Serbia,Serbia,Serbia,Croatia,Croatia,Bosnia & Herzegovina,Bosnia & Herzegovina,Bosnia & Herzegovina,Bosnia & Herzegovina,Albania,Republic of Macedonia,Republic of Macedonia,Republic of Macedonia,Republic of Macedonia,Slovenia,Slovenia,Montenegro,Montenegro,Montenegro,Malta,Malta,Malta,Malta,Andorra,Andorra,Gibraltar,Gibraltar,San Marino,San Marino,San Marino,Kosovo,Kosovo,Kosovo,Germany,Germany,Germany,France,France,France,Netherlands,Netherlands,Belgium,Belgium,Austria,Austria,Switzerland,Switzerland,Switzerland,Switzerland,Switzerland,Luxembourg,Luxembourg,Luxembourg,Luxembourg,Monaco,Monaco,Liechtenstein,Australia,Australia,New Zealand,New Zealand,New Zealand,New Zealand,New Zealand,Papua New Guinea,Papua New Guinea,Papua New Guinea,Papua New Guinea,Fiji,Solomon Islands,Solomon Islands,New Caledonia,New Caledonia,Vanuatu,Guam,Guam,Kiribati,Northern Mariana Islands,Northern Mariana Islands,Northern Mariana Islands,Marshall Islands,Marshall Islands,Marshall Islands,Palau,Palau,Micronesia,French Polynesia,French Polynesia,French Polynesia,French Polynesia,French Polynesia,Samoa,Samoa,Tonga,Tonga,Tonga,American Samoa,American Samoa,American Samoa,American Samoa,Cook Islands,Cook Islands,Cook Islands,Niue,Tokelau
7468,1989,8273,3441,11,45951,1879,7,647,23856,9,1346,1210,10,4,2,13,1679,67515,221,8173,11144,4614,42,62,38,2882,4331,0,411,0,23,2346,3,4,213,81,0,0,0,1887,3271,0,9,2520,49,1605,4544,37,4994,143,5700,3023,2,1618,3956,6,7,2450,455,9,757,3244,38,10,82,37,33,1904,155,94,133,364,190,60,164,397,590,30,78,525,5602,6929,0,393,128,61,39,36,38,29,1534,361,549,178,178,3133,346,0,1808,0,0,7778,4,4,4619,2505,731,331,216,1993,545,1534,3211,160,123,117,78,65,20,28,9177,34,16772,6242,0,0,0,0,2036,826,4637,717,1596,0,717,1596,0,37,40,27,24,15,27,203,2938,12,7,1425,1294,0,3631,5291,0,1834,657,806,521,829,554,5,1,636,150,28,2596,27,27,35,36,885,877,0,974,555,5,14,7,4,248,1163,4,11,115,296,555,92,6,6,6,2,6,227,81,16,91,1,4529,356,1,744,39,335,4,67,4,73,11744,2368,65,92,4183,894,783,193,0,1279,788,84,112,9286,2742,972,22,60,3,5,9286,36,152,254,29,167,229,629,1485,128,81,43,143,328,0,288,103,103,161,128,43,165,261,149,45,1,13,290,1469,154,0,0,0,0,485,280,3,1200,175,142,17,23,1901,8655,397,2773,799,2738,2999,548,216,2081,0,0,114,1271,0,627,349818,30284,2,170,39,71,1,136,11,77372,5,18475,25,25102,10364,18,715,5,169,1008,4084,21692,12,5010,1466,3,570,13,4187,47,94,216,54,113,2,1,14,8,13,1,3683,148,0,6,302,39,0,874,4953,408,618,169,543,2466,120,39,68,3474,0,42,0,632,22,115,386,24,2833,1284,1719,1388,602,226,155,79,920,204,73,71,1,10,271,20,311,185,785,144,1028,485,320,312,4953,267,1,450,574,62,60,40,118,0,525,33,109,211,28,25,53,4,226,72,5,741,8,133,5,26,9,580,3280,172,1103,33,0,563436,41,0,0,0,54202,0,5449,0,26735,1972,20929,0,2325,0,379,271,0,37967,14854,22390,0,53796,2319,19918,4687,2658,1160,98,85,52,411,0,387,112,1886,888,445,19,2402,1834,17460,1854,1098,1045,486,223,1302,36515,231,600,2115,871,1047,39,225,1,2288,58,8,15,1253,11,4487,270,0,7313,28,9,14,14,7,12,18,2,713,289,8173,169,2587,282,494,9281,86160,0,14500,9465,61015,7,8,18729,21259,25034,9228,4568,17523,6060,803,37,17549,2764,0,10227,25533,3,71,2297,7182,5668,1,1,9169,1806,3548,5011,3974,3920,2685,129,70,77,31,4,3,525,450,59,311,1520,24,272335,0,0,92144,182849,147,57902,5,2440,43657,5036,7947,13834,3541,7990,2228,765,108402,90901,5664,0,0,0,4271,1171,773,2481,73,5373,940,10423,141,8,2027,3189,11,2,150,1037,44,44,73,3,43,360,22,37,120153,41690,35450,179917,630,0,19480,1817,13427,3,59986,3004,29749,7,1264,1691,892,176,0,558,0,100,0,107,40586,3688,1873,637,0,736,274,50,128,62,414,633,51,29,66,141,292,110,3,1,159,159,165,11,11,11,269,83,20,59,208,166,69,630,170,12,70,110,2,12,10,1,11,274,40,324,18,3
Alabama,Alaska,Arizona,Arkansas,California,Colorado,Connecticut,Delaware,Florida,Georgia,Hawaii,Idaho,Illinois,Indiana,Iowa,Kansas,Kentucky,Louisiana,Maine,Maryland,Massachusetts,Michigan,Minnesota,Mississippi,Missouri,Montana,Nebraska,Nevada,New Hampshire,New Jersey,New Mexico,New York,North Dakota,North Carolina,Ohio,Oklahoma,Oregon,Pennsylvania,Rhodes Island,South Carolina,South Dakota,Tennessee,Texas,Utah,District of Columbia,Vermont,Virginia,Washington,"Washington,Dc",West Virginia,Wisconsin,Wyoming,Ethiopia,Tanzania,Kenya,Uganda,Mozambique,Madagascar,Malawi,Zambia,Zimbabwe,Somalia,Rwanda,Burundi,Eritrea,Mauritius,Djibouti,Comoros,Mayotte,Seychelles,Reunion,Congo,Angola,Cameroon,Chad,Democratic Republic of Congo,Central African Republic,Gabon,Equatorial Guinea,Sao Tome & Principe,Egypt,Algeria,Sudan,Morocco,Tunisia,Libya,Western Sahara,South Africa,Namibia,Botswana,Lesotho,Swaziland,Nigeria,Ghana,Ivory Coast,Niger,Burkina Faso,Mali,Senegal,Guinea,Benin,Togo,Sierra Leone,Liberia,Mauritania,Guinea-Bissau,Cape Verde,Saint Helena,Gambia,Mexico,Guatemala,Honduras,El Salvador,Nicaragua,Costa Rica,Panama,Belize,United States,Canada,Bermuda,Greenland,Saint Pierre & Miquelon,Brazil,Colombia,Argentina,Peru,Venezuela,Chile,Ecuador,Bolivia,Paraguay,Uruguay,Guyana,Suriname,French Guiana,Falkland Islands,Cuba,Haiti,Dominican Republic,Puerto Rico,Jamaica,Trinidad & Tobago,Guadeloupe,Bahamas,Martinique,Barbados,Saint Lucia,Curacao,Saint Vincent & Grenadines,Grenada,US Virgin Islands,Aruba,Antigua & Barbuda,Dominica,Cayman Islands,Saint Kitts & Nevis,Turks & Caicos Islands,British Virgin Islands,Anguilla,Monserrat,Saint Barts,Saint Martin,St Maarten,"Bonaire, Saint Eustatius & Saba",Uzbekistan,Kazakhstan,Tajikistan,Kyrgystan,Turkmenistan,China,Japan,South Korea,Taiwan,Hong Kong,Mongolia,Macau,Indonesia,Philippines,Vietnam,Thailand,Myanmar,Malaysia,Cambodia,Laos,Singapore,Brunei,East Timor,India,Pakistan,Bangladesh,Iran,Afghanistan,Nepal,Sri Lanka,Bhutan,Maldives,Turkey,Iraq,Saudi Arabia,Yemen,Syria,Azerbaijan,Jordan,United Arab Emirates,Israel,Lebanon,Palestine,Oman,Kuwait,Georgia,Armenia,Qatar,Bahrain,Cyprus,Russia,Ukraine,Poland,Romania,Czechia,Hungary,Belarus,Bulgaria,Slovakia,Moldova,Crimea,United Kingdom,Sweden,Denmark,Finland,Norway,Ireland,Lithuania,Latvia,Estonia,Iceland,Isle of Man,Faroe Islands,Aland Islands,Svalbard & Jan Mayen Islands,Italy,Spain,Greece,Portugal,Serbia,Croatia,Bosnia & Herzegovina,Albania,Republic of Macedonia,Slovenia,Montenegro,Malta,Andorra,Gibraltar,San Marino,Kosovo,Germany,France,Netherlands,Belgium,Austria,Switzerland,Luxembourg,Monaco,Liechtenstein,Australia,New Zealand,Papua New Guinea,Fiji,Solomon Islands,New Caledonia,Vanuatu,Guam,Kiribati,Northern Mariana Islands,Marshall Islands,Palau,Nauru,Micronesia,French Polynesia,Samoa,Tonga,American Samoa,Cook Islands,Tuvalu,Niue,Tokelau,Pitcairn
Alabama,Alaska,Arizona,Arkansas,Arkansas,California,California,California,Colorado,Colorado,Colorado,Connecticut,Delaware,Delaware,Delaware,Delaware,Delaware,Florida,Florida,Florida,Georgia,Hawaii,Hawaii,Hawaii,Idaho,Idaho,Idaho,Illinois,Illinois,Indiana,Indiana,Iowa,Iowa,Iowa,Iowa,Kansas,Kansas,Kansas,Kansas,Kansas,Kentucky,Louisiana,Louisiana,Louisiana,Maine,Maine,Maryland,Maryland,Maryland,Massachusetts,Michigan,Michigan,Minnesota,Minnesota,Mississippi,Missouri,Missouri,Missouri,Montana,Montana,Nebraska,Nebraska,Nevada,Nevada,Nevada,Nevada,New Hampshire,New Hampshire,New Hampshire,New Hampshire,New Hampshire,New Jersey,New Jersey,New Jersey,New Jersey,New Jersey,New Mexico,New Mexico,New Mexico,New Mexico,New Mexico,New Mexico,New York,New York,New York,New York,New York,North Dakota,North Dakota,North Dakota,North Dakota,North Dakota,North Carolina,North Carolina,North Carolina,North Carolina,North Carolina,North Carolina,Ohio,Oklahoma,Oklahoma,Oklahoma,Oklahoma,Oklahoma,Oregon,Oregon,Oregon,Pennsylvania,Rhodes Island,Rhodes Island,Rhodes Island,Rhodes Island,South Carolina,South Carolina,South Carolina,South Carolina,South Carolina,South Dakota,South Dakota,South Dakota,South Dakota,Tennessee,Texas,Texas,Utah,Utah,Utah,Utah,Utah,Vermont,Virginia,Virginia,Washington,Washington,Washington,"Washington,Dc","Washington,Dc","Washington,Dc",West Virginia,West Virginia,West Virginia,West Virginia,West Virginia,West Virginia,Wisconsin,Wisconsin,Wisconsin,Wyoming,Wyoming,Ethiopia,Ethiopia,Tanzania,Kenya,Kenya,Uganda,Mozambique,Madagascar,Malawi,Zambia,Zimbabwe,Somalia,Rwanda,Rwanda,Burundi,Eritrea,Mauritius,Djibouti,Djibouti,Comoros,Mayotte,Seychelles,Seychelles,Seychelles,Reunion,Congo,Congo,Congo,Angola,Angola,Angola,Cameroon,Chad,Chad,Chad,Democratic Republic of Congo,Democratic Republic of Congo,Democratic Republic of Congo,Democratic Republic of Congo,Central African Republic,Central African Republic,Central African Republic,Central African Republic,Gabon,Equatorial Guinea,Equatorial Guinea,Sao Tome & Principe,Sao Tome & Principe,Egypt,Egypt,Egypt,Algeria,Algeria,Algeria,Algeria,Sudan,Sudan,Sudan,Morocco,Tunisia,Libya,Western Sahara,South Africa,South Africa,South Africa,South Africa,Namibia,Botswana,Lesotho,Swaziland,Nigeria,Ghana,Ivory Coast,Ivory Coast,Ivory Coast,Ivory Coast,Ivory Coast,Niger,Niger,Burkina Faso,Burkina Faso,Burkina Faso,Mali,Mali,Mali,Senegal,Guinea,Guinea,Guinea,Benin,Benin,Benin,Togo,Sierra Leone,Sierra Leone,Liberia,Mauritania,Guinea-Bissau,Cape Verde,Cape Verde,Cape Verde,Saint Helena,Saint Helena,Saint Helena,Gambia,Mexico,Mexico,Mexico,Mexico,Mexico,Guatemala,Guatemala,Guatemala,Honduras,El Salvador,El Salvador,El Salvador,El Salvador,Nicaragua,Costa Rica,Costa Rica,Costa Rica,Costa Rica,Costa Rica,Panama,Panama,Panama,Panama,Panama,Belize,Belize,Belize,Belize,Belize,United States,Canada,Canada,Bermuda,Bermuda,Greenland,Greenland,Saint Pierre & Miquelon,Saint Pierre & Miquelon,Brazil,Brazil,Colombia,Colombia,Argentina,Peru,Peru,Peru,Peru,Venezuela,Chile,Chile,Chile,Ecuador,Bolivia,Bolivia,Paraguay,Paraguay,Uruguay,Uruguay,Guyana,Suriname,French Guiana,French Guiana,French Guiana,French Guiana,Falkland Islands,Falkland Islands,Falkland Islands,Cuba,Cuba,Cuba,Cuba,Haiti,Haiti,Haiti,Dominican Republic,Dominican Republic,Dominican Republic,Dominican Republic,Puerto Rico,Puerto Rico,Puerto Rico,Puerto Rico,Jamaica,Jamaica,Jamaica,Jamaica,Trinidad & Tobago,Trinidad & Tobago,Trinidad & Tobago,Trinidad & Tobago,Trinidad & Tobago,Guadeloupe,Bahamas,Bahamas,Martinique,Barbados,Saint Lucia,Saint Lucia,Saint Lucia,Saint Lucia,Curacao,Saint Vincent & Grenadines,Saint Vincent & Grenadines,Saint Vincent & Grenadines,Saint Vincent & Grenadines,Saint Vincent & Grenadines,Saint Vincent & Grenadines,Grenada,Grenada,US Virgin Islands,US Virgin Islands,US Virgin Islands,US Virgin Islands,Aruba,Antigua & Barbuda,Antigua & Barbuda,Antigua & Barbuda,Dominica,Dominica,Dominica,Cayman Islands,Cayman Islands,Cayman Islands,Saint Kitts & Nevis,Saint Kitts & Nevis,Saint Kitts & Nevis,Saint Kitts & Nevis,Turks & Caicos Islands,Turks & Caicos Islands,British Virgin Islands,British Virgin Islands,British Virgin Islands,British Virgin Islands,British Virgin Islands,British Virgin Islands,Anguilla,Anguilla,Monserrat,Saint Martin,Saint Martin,Saint Martin,St Maarten,"Bonaire, Saint Eustatius & Saba",Uzbekistan,Kazakhstan,Tajikistan,Kyrgystan,Turkmenistan,China,China,China,China,China,China,Japan,Japan,South Korea,South Korea,South Korea,South Korea,Taiwan,Taiwan,Taiwan,Hong Kong,Hong Kong,Mongolia,Macau,Macau,Indonesia,Philippines,Vietnam,Vietnam,Thailand,Myanmar,Malaysia,Cambodia,Laos,Singapore,Brunei,Brunei,East Timor,India,India,India,India,India,Pakistan,Bangladesh,Iran,Afghanistan,Nepal,Sri Lanka,Sri Lanka,Sri Lanka,Sri Lanka,Sri Lanka,Sri Lanka,Bhutan,Maldives,Turkey,Iraq,Saudi Arabia,Saudi Arabia,Saudi Arabia,Yemen,Syria,Syria,Azerbaijan,Jordan,Jordan,Jordan,Jordan,Jordan,United Arab Emirates,United Arab Emirates,United Arab Emirates,Israel,Lebanon,Lebanon,Lebanon,Lebanon,Lebanon,Palestine,Palestine,Oman,Kuwait,Georgia,Armenia,Armenia,Qatar,Bahrain,Cyprus,Russia,Russia,Ukraine,Ukraine,Poland,Poland,Poland,Romania,Czechia,Hungary,Hungary,Belarus,Bulgaria,Slovakia,Moldova,Moldova,United Kingdom,United Kingdom,United Kingdom,Sweden,Denmark,Denmark,Denmark,Denmark,Finland,Norway,Norway,Norway,Ireland,Ireland,Ireland,Lithuania,Latvia,Estonia,Iceland,Isle of Man,Isle of Man,Faroe Islands,Faroe Islands,Faroe Islands,Faroe Islands,Aland Islands,Aland Islands,Aland Islands,Aland Islands,Aland Islands,Svalbard & Jan Mayen Islands,Italy,Italy,Italy,Italy,Spain,Spain,Greece,Greece,Greece,Greece,Portugal,Portugal,Portugal,Portugal,Portugal,Serbia,Serbia,Serbia,Croatia,Croatia,Bosnia & Herzegovina,Bosnia & Herzegovina,Bosnia & Herzegovina,Bosnia & Herzegovina,Bosnia & Herzegovina,Albania,Republic of Macedonia,Republic of Macedonia,Republic of Macedonia,Republic of Macedonia,Republic of Macedonia,Slovenia,Slovenia,Montenegro,Montenegro,Montenegro,Malta,Malta,Malta,Malta,Andorra,Andorra,Gibraltar,Gibraltar,San Marino,San Marino,Kosovo,Kosovo,Germany,Germany,Germany,France,France,France,Netherlands,Netherlands,Belgium,Belgium,Austria,Austria,Switzerland,Switzerland,Switzerland,Switzerland,Switzerland,Luxembourg,Luxembourg,Luxembourg,Luxembourg,Monaco,Monaco,Liechtenstein,Australia,Australia,New Zealand,New Zealand,New Zealand,New Zealand,New Zealand,Papua New Guinea,Papua New Guinea,Papua New Guinea,Papua New Guinea,Fiji,Solomon Islands,Solomon Islands,New Caledonia,New Caledonia,Vanuatu,Guam,Guam,Kiribati,Northern Mariana Islands,Northern Mariana Islands,Marshall Islands,Marshall Islands,Marshall Islands,Palau,Palau,Micronesia,French Polynesia,French Polynesia,French Polynesia,French Polynesia,French Polynesia,French Polynesia,Samoa,Samoa,Tonga,Tonga,Tonga,American Samoa,American Samoa,American Samoa,American Samoa,Cook Islands,Cook Islands,Cook Islands,Niue,Tokelau
7468,1989,8273,3441,11,45951,1879,7,647,23856,9,1346,1210,10,4,2,13,1679,67515,221,8173,11144,4614,42,62,38,2882,4331,0,411,0,23,2346,3,4,213,81,0,0,0,1887,3271,0,9,2520,49,1605,4544,37,4994,143,5700,3023,2,1618,3956,6,7,2450,455,9,757,3244,38,10,5,82,37,33,1904,155,133,364,190,60,164,397,590,30,78,525,207,5602,6929,0,393,128,61,39,36,38,29,1534,361,549,178,178,368,3133,346,0,1808,0,0,7778,4,4,4619,2505,731,331,216,1993,545,1534,3211,160,117,78,65,20,9177,34,16772,6242,0,0,0,0,2036,826,4637,717,1596,0,717,1596,0,37,40,27,24,15,27,203,2938,12,7,1425,1294,0,3631,5291,0,1834,657,806,521,829,554,5,1,636,150,28,2596,27,27,35,36,885,877,0,974,555,5,14,7,4,248,1163,4,11,115,296,555,92,6,6,6,2,6,227,81,16,91,1,4529,356,1,744,39,335,4,67,4,73,11744,2368,65,92,4183,894,783,193,1279,788,84,112,9286,2742,972,22,60,3,5,9286,36,152,254,29,167,229,629,1485,128,81,43,143,328,0,288,103,103,161,128,43,165,261,149,45,1,13,290,1469,154,0,0,0,485,280,3,1200,175,142,17,23,1901,8655,397,2773,799,2738,2999,548,216,2081,0,114,1271,0,627,0,349818,30284,2,170,39,71,1,136,11,77372,5,18475,25,25102,10364,18,715,5,1008,4084,21692,12,5010,1466,3,570,13,4187,47,94,216,54,113,2,1,14,8,13,3683,148,0,6,302,39,0,874,4953,408,618,543,2466,120,39,3474,0,42,0,632,22,115,386,24,2833,1284,0,1719,1388,602,226,155,79,920,204,73,71,1,10,2,271,20,311,185,785,144,1028,485,320,312,4953,267,1,450,574,62,60,40,118,0,525,33,109,211,28,25,53,4,226,72,5,741,8,133,26,9,580,3280,172,1103,33,0,563436,41,0,0,0,54202,0,5449,0,26735,1972,20929,0,0,2325,0,379,271,0,37967,14854,22390,0,53796,2319,19918,4687,2658,1160,98,85,52,411,0,387,112,280,1886,888,445,19,2402,1834,17460,1854,1098,1045,486,223,1302,36515,231,600,2115,871,39,225,1,2288,58,8,15,1253,11,4487,270,0,7313,28,9,14,14,7,18,2,713,289,8173,169,2587,282,494,9281,86160,0,14500,9465,61015,7,8,18729,21259,25034,9228,4568,17523,6060,803,37,17549,2764,0,10227,25533,3,71,2297,7182,5668,1,1,9169,1806,3548,5011,3974,3920,2685,129,70,77,31,4,3,525,450,59,311,1520,24,272335,0,0,92144,182849,147,57902,5,2440,1329,43657,5036,7947,13834,3541,7990,2228,765,108402,90901,5664,0,0,0,0,4271,1171,773,2481,73,83,5373,940,10423,141,8,2027,3189,11,2,150,1037,44,44,73,3,360,22,120153,41690,35450,179917,630,0,19480,1817,13427,3,59986,3004,29749,7,1264,1691,892,176,0,558,0,100,0,107,40586,3688,1873,637,0,736,274,50,128,62,414,633,51,29,66,141,292,110,3,1,159,159,11,11,11,269,83,20,59,208,166,69,630,68,170,12,70,110,2,12,10,1,11,274,40,324,18,3
