Mumbai,Delhi,Bangalore,Hyderabad,Ahmedabad,Chennai,Kolkata,Surat,Pune,Jaipur,Lucknow,Kanpur,Nagpur,Visakhapatnam,Indore,Thane,Bhopal,Pimpri-Chinchwad,Patna,Vadodara,Ghaziabad,Ludhiana,Coimbatore,Agra,Madurai,Nashik,Faridabad,Meerut,Rajkot,Kalyan-Dombivali,Vasai-Virar,Varanasi,Srinagar,Aurangabad,Dhanbad,Amritsar,Navi Mumbai,Allahabad,Ranchi,Howrah,Jabalpur,Gwalior,Vijayawada,Jodhpur,Raipur,Kota,Guwahati,Chandigarh,Thiruvananthapuram,Solapur
Mumbai,Mumbai,Mumbai,Delhi,Bangalore,Hyderabad,Ahmedabad,Chennai,Chennai,Kolkata,Surat,Pune,Jaipur,Lucknow,Kanpur,Nagpur,Visakhapatnam,Indore,Thane,Thane,Bhopal,Pimpri-Chinchwad,Patna,Vadodara,Ghaziabad,Ludhiana,Coimbatore,Agra,Madurai,Nashik,Faridabad,Meerut,Rajkot,Kalyan-Dombivali,Vasai-Virar,Varanasi,Srinagar,Aurangabad,Dhanbad,Amritsar,Navi Mumbai,Allahabad,Ranchi,Howrah,Jabalpur,Gwalior,Vijayawada,Jodhpur,Raipur,Kota,Kota,Guwahati,Chandigarh,Thiruvananthapuram,Solapur
4192,0,0,6859,5628,2803,1804,3789,0,3479,340,2840,2893,985,334,643,748,675,307,2,780,24,713,400,531,437,903,1213,360,570,197,169,334,21,28,1143,2156,498,128,866,183,266,390,62,275,287,387,995,442,298,1023,820,1040,827,185
Mumbai,Delhi,Bangalore,Hyderabad,Ahmedabad,Chennai,Kolkata,Surat,Pune,Jaipur,Lucknow,Kanpur,Nagpur,Visakhapatnam,Indore,Thane,Bhopal,Pimpri-Chinchwad,Patna,Vadodara,Ghaziabad,Ludhiana,Coimbatore,Agra,Madurai,Nashik,Faridabad,Meerut,Rajkot,Kalyan-Dombivali,Vasai-Virar,Varanasi,Srinagar,Aurangabad,Dhanbad,Amritsar,Navi Mumbai,Allahabad,Ranchi,Howrah,Jabalpur,Gwalior,Vijayawada,Jodhpur,Raipur,Kota,Guwahati,Chandigarh,Thiruvananthapuram,Solapur
Mumbai,Mumbai,Mumbai,Mumbai,Delhi,Bangalore,Hyderabad,Ahmedabad,Chennai,Chennai,Kolkata,Surat,Pune,Jaipur,Lucknow,Kanpur,Nagpur,Visakhapatnam,Indore,Thane,Thane,Bhopal,Pimpri-Chinchwad,Patna,Vadodara,Ghaziabad,Ludhiana,Coimbatore,Agra,Madurai,Nashik,Faridabad,Meerut,Rajkot,Kalyan-Dombivali,Vasai-Virar,Varanasi,Srinagar,Aurangabad,Dhanbad,Amritsar,Navi Mumbai,Allahabad,Ranchi,Howrah,Jabalpur,Gwalior,Vijayawada,Jodhpur,Raipur,Kota,Kota,Guwahati,Chandigarh,Thiruvananthapuram,Solapur
4192,0,0,183,6859,5628,2803,1804,3789,0,3479,340,2840,2893,985,334,643,748,675,307,2,780,24,713,400,531,437,903,1213,360,570,197,169,334,21,28,1143,2156,498,128,866,183,266,390,62,275,287,387,995,442,298,1023,820,1040,827,185
