Site,Day,Month,Year,State,Number of Rentals
Flipkey.com,26,April,2018,Alabama,3508
Flipkey.com,26,April,2018,Alaska,559
Flipkey.com,26,April,2018,Arizona,3280
Flipkey.com,26,April,2018,Arkansas,458
Flipkey.com,26,April,2018,California,16263
Flipkey.com,26,April,2018,Colorado,9322
Flipkey.com,26,April,2018,Connecticut,159
Flipkey.com,26,April,2018,Delaware,952
Flipkey.com,26,April,2018,Florida,43481
Flipkey.com,26,April,2018,Georgia,2161
Flipkey.com,26,April,2018,Hawaii,8447
Flipkey.com,26,April,2018,Idaho,1145
Flipkey.com,26,April,2018,Illinois,184
Flipkey.com,26,April,2018,Indiana,298
Flipkey.com,26,April,2018,Iowa,57
Flipkey.com,26,April,2018,Kansas,322
Flipkey.com,26,April,2018,Kentucky,319
Flipkey.com,26,April,2018,Louisiana,1007
Flipkey.com,26,April,2018,Maine,2368
Flipkey.com,26,April,2018,Maryland,1552
Flipkey.com,26,April,2018,Massachusetts,6294
Flipkey.com,26,April,2018,Michigan,1417
Flipkey.com,26,April,2018,Minnesota,415
Flipkey.com,26,April,2018,Mississippi,486
Flipkey.com,26,April,2018,Missouri,1439
Flipkey.com,26,April,2018,Montana,1034
Flipkey.com,26,April,2018,Nebraska,32
Flipkey.com,26,April,2018,Nevada,1105
Flipkey.com,26,April,2018,New-Hampshire,946
Flipkey.com,26,April,2018,New-Jersey,3675
Flipkey.com,26,April,2018,New-Mexico,1268
Flipkey.com,26,April,2018,New-York,4392
Flipkey.com,26,April,2018,North-Carolina,6051
Flipkey.com,26,April,2018,Ohio,657
Flipkey.com,26,April,2018,Oklahoma,309
Flipkey.com,26,April,2018,Oregon,3959
Flipkey.com,26,April,2018,Pennsylvania,1406
Flipkey.com,26,April,2018,Rhode-Island,229
Flipkey.com,26,April,2018,South-Carolina,6177
Flipkey.com,26,April,2018,South-Dakota,327
Flipkey.com,26,April,2018,Tennessee,4707
Flipkey.com,26,April,2018,Texas,6304
Flipkey.com,26,April,2018,Utah,3090
Flipkey.com,26,April,2018,Vermont,1013
Flipkey.com,26,April,2018,Virginia,1721
Flipkey.com,26,April,2018,Washington,2448
Flipkey.com,26,April,2018,Alabama,3508
Flipkey.com,26,April,2018,Alaska,559
Flipkey.com,26,April,2018,Arizona,3280
Flipkey.com,26,April,2018,Arkansas,458
Flipkey.com,26,April,2018,California,16263
Flipkey.com,26,April,2018,Colorado,9322
Flipkey.com,26,April,2018,Connecticut,159
Flipkey.com,26,April,2018,Delaware,952
Flipkey.com,26,April,2018,Florida,43481
Flipkey.com,26,April,2018,Georgia,2161
Flipkey.com,26,April,2018,Hawaii,8447
Flipkey.com,26,April,2018,Idaho,1145
Flipkey.com,26,April,2018,Illinois,184
Flipkey.com,26,April,2018,Indiana,298
Flipkey.com,26,April,2018,Iowa,57
Flipkey.com,26,April,2018,Kansas,322
Flipkey.com,26,April,2018,Kentucky,319
Flipkey.com,26,April,2018,Louisiana,1007
Flipkey.com,26,April,2018,Maine,2368
Flipkey.com,26,April,2018,Maryland,1552
Flipkey.com,26,April,2018,Massachusetts,6294
Flipkey.com,26,April,2018,Michigan,1417
Flipkey.com,26,April,2018,Minnesota,415
Flipkey.com,26,April,2018,Mississippi,486
Flipkey.com,26,April,2018,Missouri,1439
Flipkey.com,26,April,2018,Montana,1034
Flipkey.com,26,April,2018,Nebraska,32
Flipkey.com,26,April,2018,Nevada,1105
Flipkey.com,26,April,2018,New-Hampshire,946
Flipkey.com,26,April,2018,New-Jersey,3675
Flipkey.com,26,April,2018,New-Mexico,1268
Flipkey.com,26,April,2018,New-York,4392
Flipkey.com,26,April,2018,North-Carolina,6051
Flipkey.com,26,April,2018,Ohio,657
Flipkey.com,26,April,2018,Oklahoma,309
Flipkey.com,26,April,2018,Oregon,3959
Flipkey.com,26,April,2018,Pennsylvania,1406
Flipkey.com,26,April,2018,Rhode-Island,229
Flipkey.com,26,April,2018,South-Carolina,6177
Flipkey.com,26,April,2018,South-Dakota,327
Flipkey.com,26,April,2018,Tennessee,4707
Flipkey.com,26,April,2018,Texas,6304
Flipkey.com,26,April,2018,Utah,3090
Flipkey.com,26,April,2018,Vermont,1013
Flipkey.com,26,April,2018,Virginia,1721
Flipkey.com,26,April,2018,Washington,2448
Flipkey.com,26,April,2018,West-Virginia,639
Flipkey.com,26,April,2018,Wisconsin,884
Flipkey.com,26,April,2018,Wyoming,678
