Site,Day,Month,Year,State,Number of Rentals
Flipkey.com,26,April,2018,Ethiopia,74
Flipkey.com,26,April,2018,Tanzania,301
Flipkey.com,26,April,2018,Kenya,879
Flipkey.com,26,April,2018,Uganda,130
Flipkey.com,26,April,2018,Mozambique,115
Flipkey.com,26,April,2018,Madagascar,166
Flipkey.com,26,April,2018,Malawi,17
Flipkey.com,26,April,2018,Zambia,35
Flipkey.com,26,April,2018,Zimbabwe,155
Flipkey.com,26,April,2018,Somalia,2
Flipkey.com,26,April,2018,Rwanda,35
Flipkey.com,26,April,2018,Burundi,5
Flipkey.com,26,April,2018,Eritrea,1
Flipkey.com,26,April,2018,Mauritius,1174
Flipkey.com,26,April,2018,Djibouti, 
Flipkey.com,26,April,2018,Comoros,3
Flipkey.com,26,April,2018,Mayotte,7
Flipkey.com,26,April,2018,Seychelles,206
Flipkey.com,26,April,2018,Reunion,17173
Flipkey.com,26,April,2018,Congo,36
Flipkey.com,26,April,2018,Angola,81
Flipkey.com,26,April,2018,Cameroon,117
Flipkey.com,26,April,2018,Chad,322
Flipkey.com,26,April,2018,Democratic Republic of Congo, 
Flipkey.com,26,April,2018,Central African Republic,1
Flipkey.com,26,April,2018,Gabon,6
Flipkey.com,26,April,2018,Equatorial Guinea, 
Flipkey.com,26,April,2018,Sao Tome & Principe,12
Flipkey.com,26,April,2018,Egypt,647
Flipkey.com,26,April,2018,Algeria,56
Flipkey.com,26,April,2018,Sudan, 
Flipkey.com,26,April,2018,Morocco,2664
Flipkey.com,26,April,2018,Tunisia,34
Flipkey.com,26,April,2018,Libya, 
Flipkey.com,26,April,2018,Western Sahara,6
Flipkey.com,26,April,2018,South Africa,4476
Flipkey.com,26,April,2018,Namibia,47
Flipkey.com,26,April,2018,Botswana,34
Flipkey.com,26,April,2018,Lesotho,2
Flipkey.com,26,April,2018,Swaziland,7
Flipkey.com,26,April,2018,Nigeria,174
Flipkey.com,26,April,2018,Ghana,220
Flipkey.com,26,April,2018,Ivory Coast,57
Flipkey.com,26,April,2018,Niger,174
Flipkey.com,26,April,2018,Burkina Faso,9
Flipkey.com,26,April,2018,Mali,4409
Flipkey.com,26,April,2018,Senegal,247
Flipkey.com,26,April,2018,Guinea,6
Flipkey.com,26,April,2018,Benin,31
Flipkey.com,26,April,2018,Togo,41
Flipkey.com,26,April,2018,Sierra Leone,5
Flipkey.com,26,April,2018,Liberia,370
Flipkey.com,26,April,2018,Mauritania, 
Flipkey.com,26,April,2018,Guinea-Bissau,6
Flipkey.com,26,April,2018,Cape Verde,363
Flipkey.com,26,April,2018,Saint Helena,1276
Flipkey.com,26,April,2018,Gambia,131
Flipkey.com,26,April,2018,Mexico,12282
Flipkey.com,26,April,2018,Guatemala,234
Flipkey.com,26,April,2018,Honduras,415
Flipkey.com,26,April,2018,El Salvador,76
Flipkey.com,26,April,2018,Nicaragua,397
Flipkey.com,26,April,2018,Costa Rica,3850
Flipkey.com,26,April,2018,Panama,2827
Flipkey.com,26,April,2018,Belize,820
Flipkey.com,26,April,2018,United States,159429
Flipkey.com,26,April,2018,Canada,9820
Flipkey.com,26,April,2018,Bermuda,58
Flipkey.com,26,April,2018,Greenland,1
Flipkey.com,26,April,2018,Saint Pierre & Miquelon,6
Flipkey.com,26,April,2018,Brazil,6943
Flipkey.com,26,April,2018,Colombia,1434
Flipkey.com,26,April,2018,Argentina,939
Flipkey.com,26,April,2018,Peru,3033
Flipkey.com,26,April,2018,Venezuela,56
Flipkey.com,26,April,2018,Chile,689
Flipkey.com,26,April,2018,Ecuador,681
Flipkey.com,26,April,2018,Bolivia,37
Flipkey.com,26,April,2018,Paraguay,6
Flipkey.com,26,April,2018,Uruguay,303
Flipkey.com,26,April,2018,Guyana,25
Flipkey.com,26,April,2018,Suriname,26
Flipkey.com,26,April,2018,French Guiana,33
Flipkey.com,26,April,2018,Falkland Islands,707
Flipkey.com,26,April,2018,Cuba,14
Flipkey.com,26,April,2018,Haiti,53
Flipkey.com,26,April,2018,Dominican Republic,3543
Flipkey.com,26,April,2018,Puerto Rico,1731
Flipkey.com,26,April,2018,Jamaica,2500
Flipkey.com,26,April,2018,Trinidad & Tobago,351
Flipkey.com,26,April,2018,Guadeloupe,1182
Flipkey.com,26,April,2018,Bahamas,924
Flipkey.com,26,April,2018,Martinique,643
Flipkey.com,26,April,2018,Barbados,1834
Flipkey.com,26,April,2018,Saint Lucia,4155
Flipkey.com,26,April,2018,Curacao,377
Flipkey.com,26,April,2018,Saint Vincent & Grenadines,310
Flipkey.com,26,April,2018,Grenada,236
Flipkey.com,26,April,2018,US Virgin Islands,24371
Flipkey.com,26,April,2018,Aruba,755
Flipkey.com,26,April,2018,Antigua & Barbuda,321
Flipkey.com,26,April,2018,Dominica,3543
Flipkey.com,26,April,2018,Cayman Islands,358
Flipkey.com,26,April,2018,Saint Kitts & Nevis,101
Flipkey.com,26,April,2018,Turks & Caicos Islands,485
Flipkey.com,26,April,2018,British Virgin Islands,117
Flipkey.com,26,April,2018,Anguilla,1678
Flipkey.com,26,April,2018,Monserrat,627
Flipkey.com,26,April,2018,Saint Barts,4155
Flipkey.com,26,April,2018,Saint Martin,4155
Flipkey.com,26,April,2018,St Maarten,4155
Flipkey.com,26,April,2018,"Bonaire, Saint Eustatius & Saba",175
Flipkey.com,26,April,2018,Uzbekistan,27
Flipkey.com,26,April,2018,Kazakhstan,119
Flipkey.com,26,April,2018,Tajikistan,10
Flipkey.com,26,April,2018,Kyrgystan, 
Flipkey.com,26,April,2018,Turkmenistan, 
Flipkey.com,26,April,2018,China,734
Flipkey.com,26,April,2018,Japan,1466
Flipkey.com,26,April,2018,South Korea,387
Flipkey.com,26,April,2018,Taiwan,297
Flipkey.com,26,April,2018,Hong Kong,488
Flipkey.com,26,April,2018,Mongolia,54
Flipkey.com,26,April,2018,Macau,501
Flipkey.com,26,April,2018,Indonesia,9538
Flipkey.com,26,April,2018,Philippines,3526
Flipkey.com,26,April,2018,Vietnam,2151
Flipkey.com,26,April,2018,Thailand,10004
Flipkey.com,26,April,2018,Myanmar,6
Flipkey.com,26,April,2018,Malaysia,2333
Flipkey.com,26,April,2018,Cambodia,247
Flipkey.com,26,April,2018,Laos,17
Flipkey.com,26,April,2018,Singapore,276
Flipkey.com,26,April,2018,Brunei,1
Flipkey.com,26,April,2018,East Timor,2
Flipkey.com,26,April,2018,India,9721
Flipkey.com,26,April,2018,Pakistan,51
Flipkey.com,26,April,2018,Bangladesh,17
Flipkey.com,26,April,2018,Iran,172
Flipkey.com,26,April,2018,Afghanistan, 
Flipkey.com,26,April,2018,Nepal,224
Flipkey.com,26,April,2018,Sri Lanka,2297
Flipkey.com,26,April,2018,Bhutan,1
Flipkey.com,26,April,2018,Maldives,155
Flipkey.com,26,April,2018,Turkey,5676
Flipkey.com,26,April,2018,Iraq,58
Flipkey.com,26,April,2018,Saudi Arabia,25
Flipkey.com,26,April,2018,Yemen,2
Flipkey.com,26,April,2018,Syria,172
Flipkey.com,26,April,2018,Azerbaijan,60
Flipkey.com,26,April,2018,Jordan,136
Flipkey.com,26,April,2018,United Arab Emirates,666
Flipkey.com,26,April,2018,Israel,2014
Flipkey.com,26,April,2018,Lebanon,54
Flipkey.com,26,April,2018,Palestine,4
Flipkey.com,26,April,2018,Oman,48
Flipkey.com,26,April,2018,Kuwait,2
Flipkey.com,26,April,2018,Georgia,2161
Flipkey.com,26,April,2018,Armenia,196
Flipkey.com,26,April,2018,Qatar,12
Flipkey.com,26,April,2018,Bahrain,7
Flipkey.com,26,April,2018,Cyprus,5404
Flipkey.com,26,April,2018,Russia,1535
Flipkey.com,26,April,2018,Ukraine,97
Flipkey.com,26,April,2018,Poland,2302
Flipkey.com,26,April,2018,Romania,1261
Flipkey.com,26,April,2018,Czechia, 
Flipkey.com,26,April,2018,Hungary,1702
Flipkey.com,26,April,2018,Belarus,201
Flipkey.com,26,April,2018,Bulgaria,1966
Flipkey.com,26,April,2018,Slovakia,272
Flipkey.com,26,April,2018,Moldova,76
Flipkey.com,26,April,2018,Crimea, 
Flipkey.com,26,April,2018,United Kingdom,53838
Flipkey.com,26,April,2018,Sweden,418
Flipkey.com,26,April,2018,Denmark,241
Flipkey.com,26,April,2018,Finland,298
Flipkey.com,26,April,2018,Norway,434
Flipkey.com,26,April,2018,Ireland,5131
Flipkey.com,26,April,2018,Lithuania,353
Flipkey.com,26,April,2018,Latvia,7
Flipkey.com,26,April,2018,Estonia,251
Flipkey.com,26,April,2018,Iceland,865
Flipkey.com,26,April,2018,Isle of Man,144
Flipkey.com,26,April,2018,Faroe Islands,12
Flipkey.com,26,April,2018,Aland Islands,1453
Flipkey.com,26,April,2018,Svalbard & Jan Mayen Islands,1
Flipkey.com,26,April,2018,Italy,102226
Flipkey.com,26,April,2018,Spain,54481
Flipkey.com,26,April,2018,Greece,19344
Flipkey.com,26,April,2018,Portugal,19163
Flipkey.com,26,April,2018,Serbia,647
Flipkey.com,26,April,2018,Croatia,51756
Flipkey.com,26,April,2018,Bosnia & Herzegovina,633
Flipkey.com,26,April,2018,Albania,448
Flipkey.com,26,April,2018,Republic of Macedonia,164
Flipkey.com,26,April,2018,Slovenia,1141
Flipkey.com,26,April,2018,Montenegro,1339
Flipkey.com,26,April,2018,Malta,2192
Flipkey.com,26,April,2018,Andorra,75
Flipkey.com,26,April,2018,Gibraltar,697
Flipkey.com,26,April,2018,San Marino,618
Flipkey.com,26,April,2018,Kosovo,33
Flipkey.com,26,April,2018,Germany,4907
Flipkey.com,26,April,2018,France,63795
Flipkey.com,26,April,2018,Netherlands,2457
Flipkey.com,26,April,2018,Belgium,1572
Flipkey.com,26,April,2018,Austria,3791
Flipkey.com,26,April,2018,Switzerland,6597
Flipkey.com,26,April,2018,Luxembourg,210
Flipkey.com,26,April,2018,Monaco,3824
Flipkey.com,26,April,2018,Liechtenstein,157
Flipkey.com,26,April,2018,Australia,14958
Flipkey.com,26,April,2018,New Zealand,1453
Flipkey.com,26,April,2018,Papua New Guinea,3
Flipkey.com,26,April,2018,Fiji,110
Flipkey.com,26,April,2018,Solomon Islands,1
Flipkey.com,26,April,2018,New Caledonia,29
Flipkey.com,26,April,2018,Vanuatu,81
Flipkey.com,26,April,2018,Guam,29
Flipkey.com,26,April,2018,Kiribati,4
Flipkey.com,26,April,2018,Northern Mariana Islands,9
Flipkey.com,26,April,2018,Marshall Islands,283
Flipkey.com,26,April,2018,Palau,1492
Flipkey.com,26,April,2018,Nauru, 
Flipkey.com,26,April,2018,Micronesia, 
Flipkey.com,26,April,2018,French Polynesia,196
Flipkey.com,26,April,2018,Samoa,8
Flipkey.com,26,April,2018,Tonga,9
Flipkey.com,26,April,2018,American Samoa,75
Flipkey.com,26,April,2018,Cook Islands,68
Flipkey.com,26,April,2018,Tuvalu,2
Flipkey.com,26,April,2018,Niue,1
Flipkey.com,26,April,2018,Tokelau, 
Flipkey.com,26,April,2018,Pitcairn, 
Flipkey.com,26,April,2018,Mumbai,228
Flipkey.com,26,April,2018,Delhi,512
Flipkey.com,26,April,2018,Bangalore,510
Flipkey.com,26,April,2018,Hyderabad,92
Flipkey.com,26,April,2018,Ahmedabad,14
Flipkey.com,26,April,2018,Chennai,132
Flipkey.com,26,April,2018,Kolkata,93
Flipkey.com,26,April,2018,Surat,2272
Flipkey.com,26,April,2018,Pune,326
Flipkey.com,26,April,2018,Jaipur,235
Flipkey.com,26,April,2018,Lucknow,14
Flipkey.com,26,April,2018,Kanpur,1
Flipkey.com,26,April,2018,Nagpur,8
Flipkey.com,26,April,2018,Visakhapatnam,5
Flipkey.com,26,April,2018,Indore,7
Flipkey.com,26,April,2018,Thane,528
Flipkey.com,26,April,2018,Bhopal,6
Flipkey.com,26,April,2018,Pimpri-Chinchwad,107
Flipkey.com,26,April,2018,Patna,6
Flipkey.com,26,April,2018,Vadodara,8
Flipkey.com,26,April,2018,Ghaziabad,350
Flipkey.com,26,April,2018,Ludhiana,1
Flipkey.com,26,April,2018,Coimbatore,23
Flipkey.com,26,April,2018,Agra,36
Flipkey.com,26,April,2018,Madurai,36
Flipkey.com,26,April,2018,Nashik,24
Flipkey.com,26,April,2018,Faridabad,408
Flipkey.com,26,April,2018,Meerut,1
Flipkey.com,26,April,2018,Rajkot,2
Flipkey.com,26,April,2018,Kalyan-Dombivali,135
Flipkey.com,26,April,2018,Vasai-Virar,99
Flipkey.com,26,April,2018,Varanasi,39
Flipkey.com,26,April,2018,Srinagar,107
Flipkey.com,26,April,2018,Aurangabad,10
Flipkey.com,26,April,2018,Dhanbad, 
Flipkey.com,26,April,2018,Amritsar,26
Flipkey.com,26,April,2018,Navi Mumbai,188
Flipkey.com,26,April,2018,Allahabad,3
Flipkey.com,26,April,2018,Ranchi,12
Flipkey.com,26,April,2018,Howrah,40
Flipkey.com,26,April,2018,Jabalpur,1
Flipkey.com,26,April,2018,Gwalior,3
Flipkey.com,26,April,2018,Vijayawada,1
Flipkey.com,26,April,2018,Jodhpur,26
Flipkey.com,26,April,2018,Raipur,3
Flipkey.com,26,April,2018,Kota,5944
Flipkey.com,26,April,2018,Guwahati,25
Flipkey.com,26,April,2018,Chandigarh,48
Flipkey.com,26,April,2018,Thiruvananthapuram,124
Flipkey.com,26,April,2018,Solapur, 
