Date,Bank_Native_Country,State,Bank_Name,Bank_Local_Currency,Bank_Type,Bank_Product,Bank_Product_Type,Bank_Product_Code,Bank_Product_Name,Balance,Bank_Offer_Feature,Term_in_Months,Interest_Type,Interest,APY,Source
 2018-05-30,US,New York,CAPITAL ONE,USD,Bank,Deposits,Savings,,Savings,"10,000",Online,,Fixed,,1.60%,Bankrate.com
 2018-05-30,US,New York,SYNCHRONY,USD,Bank,Deposits,Savings,,Savings,0,Online,,Fixed,,1.65%,Bankrate.com
 2018-05-30,US,New York,CAPITAL ONE,USD,Bank,Deposits,CD,,CD,0,Online,60,Fixed,,2.80%,Bankrate.com
 2018-05-30,US,New York,CAPITAL ONE,USD,Bank,Deposits,CD,,CD,0,Online,36,Fixed,,2.40%,Bankrate.com
 2018-05-30,US,New York,CAPITAL ONE,USD,Bank,Deposits,CD,,CD,0,Online,24,Fixed,,2.35%,Bankrate.com
 2018-05-30,US,New York,CAPITAL ONE,USD,Bank,Deposits,CD,,CD,0,Online,18,Fixed,,2.30%,Bankrate.com
 2018-05-30,US,New York,ALLY,USD,Bank,Deposits,CD,,CD,"25,000",Online,18,Fixed,,2.30%,Bankrate.com
 2018-05-30,US,New York,CAPITAL ONE,USD,Bank,Deposits,CD,,CD,0,Online,12,Fixed,,2.25%,Bankrate.com
 2018-05-30,US,New York,ALLY,USD,Bank,Deposits,CD,,CD,"25,000",Online,12,Fixed,,2.25%,Bankrate.com
 2018-05-30,US,New York,JP MORGAN CHASE & Co.,USD,Bank,Deposits,Checking,,Checking,,Offline,,Fixed,,0.01%,Bankrate.com
 2018-05-30,US,New York,CITIGROUP INC,USD,Bank,Deposits,Checking,,Checking,,Offline,,Fixed,,0.01%,Bankrate.com
 2018-05-30,US,New York,BANK OF AMERICA CORP,USD,Bank,Deposits,Checking,,Checking,,Offline,,Fixed,,0.01%,Bankrate.com
