Date,Bank_Native_Country,State,Bank_Name,Bank_Local_Currency,Bank_Type,Bank_Product,Bank_Product_Type,Bank_Product_Code,Bank_Product_Name,Min_Loan_Amount,Bank_Offer_Feature,Term (Y),Interest_Type,Interest,APR,Mortgage_Loan_Amt,Mortgage_Down_Payment,Mortgage_Category,Mortgage_Reason,Mortgage_Pymt_Mode,Source
 2018-05-30,US,New York,JP MORGAN CHASE & Co.,USD,Bank,Mortgages,Mortgages,,Chase 15 Year Fixed Mortgage,,Offline,15,Fixed,3.875%,4.061%,,20%,New Purchase,Primary Residence,Principal + Interest,us.deposits.org
 2018-05-30,US,New York,SUNTRUST BANKS INC,USD,Bank,Mortgages,Mortgages,,Suntrust Bank 15 Year Fixed Rate Home Loan,,Offline,15,Fixed,3.990%,4.1301%,,20%,New Purchase,Primary Residence,Principal + Interest,us.deposits.org
 2018-05-30,US,New York,BANK OF AMERICA CORP,USD,Bank,Mortgages,Mortgages,,Bank of America 15 Year Fixed Mortgage,,Offline,15,Fixed,4.000%,4.356%,,20%,New Purchase,Primary Residence,Principal + Interest,us.deposits.org
 2018-05-30,US,New York,WELLS FARGO,USD,Bank,Mortgages,Mortgages,,Wells Fargo 15 Year Fixed Home Loan,,Offline,15,Fixed,4.250%,4.352%,,20%,New Purchase,Primary Residence,Principal + Interest,us.deposits.org
 2018-05-30,US,New York,BANK OF AMERICA CORP,USD,Bank,Mortgages,Mortgages,,Bank of America 30 Year Fixed Mortgage,,Offline,30,Fixed,4.50%,4.717%,,20%,New Purchase,Primary Residence,Principal + Interest,us.deposits.org
 2018-05-30,US,New York,JP MORGAN CHASE & Co.,USD,Bank,Mortgages,Mortgages,,Chase 30 Year Fixed Mortgage,,Offline,30,Fixed,4.500%,4.575%,,20%,New Purchase,Primary Residence,Principal + Interest,us.deposits.org
 2018-05-30,US,New York,CITIGROUP INC,USD,Bank,Mortgages,Mortgages,,Citibank 30 Year Fixed Mortgage,,Offline,30,Fixed,4.625%,4.868%,,20%,New Purchase,Primary Residence,Principal + Interest,us.deposits.org
 2018-05-30,US,New York,SUNTRUST BANKS INC,USD,Bank,Mortgages,Mortgages,,Suntrust Bank 30 Year Fixed Rate Home Loan,,Offline,30,Fixed,4.700%,4.7685%,,20%,New Purchase,Primary Residence,Principal + Interest,us.deposits.org
 2018-05-30,US,New York,WELLS FARGO,USD,Bank,Mortgages,Mortgages,,Wells Fargo 30 Year Fixed Home Loan,,Offline,30,Fixed,4.750%,4.810%,,20%,New Purchase,Primary Residence,Principal + Interest,us.deposits.org
 2018-05-30,US,New York,WELLS FARGO,USD,Bank,Mortgages,Mortgages,,Wells Fargo 30-Year Fixed-Rate Jumbo Home Loan,,Offline,30,Variable,4.625%,4.636%,,20%,New Purchase,Primary Residence,Principal + Interest,us.deposits.org
 2018-05-30,US,New York,WELLS FARGO,USD,Bank,Mortgages,Mortgages,,Wells Fargo 5/1 ARM Home Loan,,Offline,30,Variable,4.250%,4.791%,,20%,New Purchase,Primary Residence,Principal + Interest,us.deposits.org
 2018-05-30,US,New York,WELLS FARGO,USD,Bank,Mortgages,Mortgages,,Wells Fargo 7/1 ARM Home Loan,,Offline,30,Variable,4.375%,4.755%,,20%,New Purchase,Primary Residence,Principal + Interest,us.deposits.org
 2018-05-30,US,New York,WELLS FARGO,USD,Bank,Mortgages,Mortgages,,Wells Fargo 15-Year Fixed-Rate Jumbo Home Loan,,Offline,15,Variable,4.375%,4.412%,,20%,New Purchase,Primary Residence,Principal + Interest,us.deposits.org
