Date,Bank_Native_Country,State,Bank_Name,Bank_Local_Currency,Bank_Type,Bank_Product,Bank_Product_Type,Bank_Product_Code,Bank_Product_Name,Balance,Bank_Offer_Feature,Term_in_Months,Interest_Type,Interest,APY,Source
 2018-05-25,US,New York,CAPITAL ONE,USD,Bank,Deposits,Savings,,Savings,"10,000",Online,,Fixed,,1.60%,Bankrate.com
 2018-05-25,US,New York,SYNCHRONY,USD,Bank,Deposits,Savings,,Savings,0,Online,,Fixed,,1.65%,Bankrate.com
 2018-05-25,US,New York,ALLY,USD,Bank,Deposits,Savings,,Savings,0,Online,,Fixed,,1.60%,Bankrate.com
 2018-05-25,US,New York,CITIGROUP INC,USD,Bank,Deposits,Savings,,Moneymarket,100,Offline,,Fixed,,0.04%,Bankrate.com
 2018-05-25,US,New York,BANK OF AMERICA CORP,USD,Bank,Deposits,Savings,,Savings,100,Offline,,Fixed,,0.03%,Bankrate.com
 2018-05-25,US,New York,JP MORGAN CHASE & Co.,USD,Bank,Deposits,Savings,,Savings,25,Offline,,Fixed,,0.01%,Bankrate.com
 2018-05-25,US,New York,SYNCHRONY,USD,Bank,Deposits,CD,,CD,"2,000",Online,60,Fixed,,2.85%,Bankrate.com
 2018-05-25,US,New York,CAPITAL ONE,USD,Bank,Deposits,CD,,CD,0,Online,60,Fixed,,2.80%,Bankrate.com
 2018-05-25,US,New York,SYNCHRONY,USD,Bank,Deposits,CD,,CD,"2,000",Online,48,Fixed,,2.65%,Bankrate.com
 2018-05-25,US,New York,SYNCHRONY,USD,Bank,Deposits,CD,,CD,"2,000",Online,36,Fixed,,2.55%,Bankrate.com
 2018-05-25,US,New York,ALLY,USD,Bank,Deposits,CD,,CD,"25,000",Online,36,Fixed,,2.50%,Bankrate.com
 2018-05-25,US,New York,SYNCHRONY,USD,Bank,Deposits,CD,,CD,"2,000",Online,24,Fixed,,2.45%,Bankrate.com
 2018-05-25,US,New York,CAPITAL ONE,USD,Bank,Deposits,CD,,CD,0,Online,36,Fixed,,2.40%,Bankrate.com
 2018-05-25,US,New York,ALLY,USD,Bank,Deposits,CD,,CD,0,Online,24,Fixed,,2.35%,Bankrate.com
 2018-05-25,US,New York,CAPITAL ONE,USD,Bank,Deposits,CD,,CD,0,Online,24,Fixed,,2.35%,Bankrate.com
 2018-05-25,US,New York,ALLY,USD,Bank,Deposits,CD,,CD,0,Online,48,Fixed,,2.35%,Bankrate.com
 2018-05-25,US,New York,SYNCHRONY,USD,Bank,Deposits,CD,,CD,"2,000",Online,14,Fixed,,2.35%,Bankrate.com
 2018-05-25,US,New York,CAPITAL ONE,USD,Bank,Deposits,CD,,CD,0,Online,18,Fixed,,2.30%,Bankrate.com
 2018-05-25,US,New York,ALLY,USD,Bank,Deposits,CD,,CD,"25,000",Online,18,Fixed,,2.30%,Bankrate.com
 2018-05-25,US,New York,CAPITAL ONE,USD,Bank,Deposits,CD,,CD,0,Online,12,Fixed,,2.25%,Bankrate.com
 2018-05-25,US,New York,SYNCHRONY,USD,Bank,Deposits,CD,,CD,"2,000",Online,12,Fixed,,2.25%,Bankrate.com
 2018-05-25,US,New York,ALLY,USD,Bank,Deposits,CD,,CD,"25,000",Online,12,Fixed,,2.25%,Bankrate.com
 2018-05-25,US,New York,SYNCHRONY,USD,Bank,Deposits,CD,,CD,"2,000",Online,18,Fixed,,2.15%,Bankrate.com
 2018-05-25,US,New York,BANK OF AMERICA CORP,USD,Bank,Deposits,CD,,CD,"1,000",Offline,60,Fixed,,1.00%,Bankrate.com
 2018-05-25,US,New York,CITIGROUP INC,USD,Bank,Deposits,CD,,CD,500,Offline,60,Fixed,,0.80%,Bankrate.com
 2018-05-25,US,New York,CITIGROUP INC,USD,Bank,Deposits,CD,,CD,500,Offline,48,Fixed,,0.75%,Bankrate.com
 2018-05-25,US,New York,CITIGROUP INC,USD,Bank,Deposits,CD,,CD,500,Offline,36,Fixed,,0.70%,Bankrate.com
 2018-05-25,US,New York,BANK OF AMERICA CORP,USD,Bank,Deposits,CD,,CD,"1,000",Offline,48,Fixed,,0.65%,Bankrate.com
 2018-05-25,US,New York,BANK OF AMERICA CORP,USD,Bank,Deposits,CD,,CD,"1,000",Offline,36,Fixed,,0.55%,Bankrate.com
 2018-05-25,US,New York,CITIGROUP INC,USD,Bank,Deposits,CD,,CD,500,Offline,24,Fixed,,0.50%,Bankrate.com
 2018-05-25,US,New York,CITIGROUP INC,USD,Bank,Deposits,CD,,CD,500,Offline,29,Fixed,,0.25%,Bankrate.com
 2018-05-25,US,New York,CITIGROUP INC,USD,Bank,Deposits,CD,,CD,500,Offline,12,Fixed,,0.25%,Bankrate.com
 2018-05-25,US,New York,JP MORGAN CHASE & Co.,USD,Bank,Deposits,CD,,CD,"1,000",Offline,60,Fixed,,0.25%,Bankrate.com
 2018-05-25,US,New York,JP MORGAN CHASE & Co.,USD,Bank,Deposits,CD,,CD,"1,000",Offline,48,Fixed,,0.10%,Bankrate.com
 2018-05-25,US,New York,BANK OF AMERICA CORP,USD,Bank,Deposits,CD,,CD,"1,000",Offline,29,Fixed,,0.10%,Bankrate.com
 2018-05-25,US,New York,BANK OF AMERICA CORP,USD,Bank,Deposits,CD,,CD,"1,000",Offline,24,Fixed,,0.10%,Bankrate.com
 2018-05-25,US,New York,CITIGROUP INC,USD,Bank,Deposits,CD,,CD,500,Offline,6,Fixed,,0.07%,Bankrate.com
 2018-05-25,US,New York,CITIGROUP INC,USD,Bank,Deposits,CD,,CD,500,Offline,3,Fixed,,0.05%,Bankrate.com
 2018-05-25,US,New York,BANK OF AMERICA CORP,USD,Bank,Deposits,CD,,CD,"1,000",Offline,12,Fixed,,0.05%,Bankrate.com
 2018-05-25,US,New York,JP MORGAN CHASE & Co.,USD,Bank,Deposits,CD,,CD,"1,000",Offline,36,Fixed,,0.05%,Bankrate.com
 2018-05-25,US,New York,JP MORGAN CHASE & Co.,USD,Bank,Deposits,CD,,CD,"1,000",Offline,29,Fixed,,0.05%,Bankrate.com
 2018-05-25,US,New York,JP MORGAN CHASE & Co.,USD,Bank,Deposits,CD,,CD,"1,000",Offline,24,Fixed,,0.05%,Bankrate.com
 2018-05-25,US,New York,BANK OF AMERICA CORP,USD,Bank,Deposits,CD,,CD,"1,000",Offline,2,Fixed,,0.03%,Bankrate.com
 2018-05-25,US,New York,BANK OF AMERICA CORP,USD,Bank,Deposits,CD,,CD,"1,000",Offline,1,Fixed,,0.03%,Bankrate.com
 2018-05-25,US,New York,BANK OF AMERICA CORP,USD,Bank,Deposits,CD,,CD,"1,000",Offline,6,Fixed,,0.03%,Bankrate.com
 2018-05-25,US,New York,BANK OF AMERICA CORP,USD,Bank,Deposits,CD,,CD,"1,000",Offline,3,Fixed,,0.03%,Bankrate.com
 2018-05-25,US,New York,JP MORGAN CHASE & Co.,USD,Bank,Deposits,CD,,CD,"1,000",Offline,2,Fixed,,0.01%,Bankrate.com
 2018-05-25,US,New York,JP MORGAN CHASE & Co.,USD,Bank,Deposits,CD,,CD,"1,000",Offline,6,Fixed,,0.01%,Bankrate.com
 2018-05-25,US,New York,JP MORGAN CHASE & Co.,USD,Bank,Deposits,CD,,CD,"1,000",Offline,3,Fixed,,0.01%,Bankrate.com
 2018-05-25,US,New York,JP MORGAN CHASE & Co.,USD,Bank,Deposits,CD,,CD,"1,000",Offline,12,Fixed,,0.01%,Bankrate.com
 2018-05-25,US,New York,JP MORGAN CHASE & Co.,USD,Bank,Deposits,CD,,CD,"1,000",Offline,1,Fixed,,0.01%,Bankrate.com
 2018-05-25,US,New York,BANK OF AMERICA CORP,USD,Bank,Deposits,Checking,,Checking,,Offline,,Fixed,,0.01%,Bankrate.com
 2018-05-25,US,New York,CITIGROUP INC,USD,Bank,Deposits,Checking,,Checking,,Offline,,Fixed,,0.01%,Bankrate.com
 2018-05-25,US,New York,JP MORGAN CHASE & Co.,USD,Bank,Deposits,Checking,,Checking,,Offline,,Fixed,,0.01%,Bankrate.com
