Date,Bank_Native_Country,State,Bank_Name,Bank_Local_Currency,Bank_Type,Bank_Product,Bank_Product_Type,Bank_Product_Code,Bank_Product_Name,Balance,Bank_Offer_Feature,Term_in_Months,Interest_Type,Interest,APY,Source
 2018-05-30,US,New York,JP MORGAN CHASE & Co.,USD,Bank,Deposits,Savings,,Chase Savings,25,Offline,,Fixed,,0.01%,mybanktracker.com
 2018-05-30,US,New York,BANK OF AMERICA CORP,USD,Bank,Deposits,Savings,,Rewards Savings,0,Offline,,Fixed,,0.03%,mybanktracker.com
 2018-05-30,US,New York,CITIGROUP INC,USD,Bank,Deposits,Savings,,Citi Savings Account,0,Offline,,Fixed,,0.04%,mybanktracker.com
 2018-05-30,US,New York,CITIGROUP INC,USD,Bank,Deposits,Savings,,Citi Savings Account,25000,Offline,,Fixed,,0.06%,mybanktracker.com
 2018-05-30,US,New York,WELLS FARGO,USD,Bank,Deposits,Savings,,Way2Save,0,Offline,,Fixed,,0.01%,mybanktracker.com
 2018-05-30,US,New York,PNC FINANCIAL SERVICES GROUP INC,USD,Bank,Deposits,Savings,,Standard Savings,1,Offline,,Fixed,,0.01%,mybanktracker.com
 2018-05-30,US,New York,SYNCHRONY,USD,Bank,Deposits,Savings,,High Yield Savings,0,Online,,Fixed,,1.6500000000000001%,mybanktracker.com
 2018-05-30,US,New York,CAPITAL ONE,USD,Bank,Deposits,Savings,,360 Money Market,10000,Online,,Fixed,,1.6%,mybanktracker.com
 2018-05-30,US,New York,CAPITAL ONE,USD,Bank,Deposits,Checking,,360 Checking,0,Online,,Fixed,,0.2%,mybanktracker.com
 2018-05-30,US,New York,CAPITAL ONE,USD,Bank,Deposits,Checking,,360 Checking,50000,Online,,Fixed,,0.75%,mybanktracker.com
 2018-05-30,US,New York,CAPITAL ONE,USD,Bank,Deposits,Checking,,360 Checking,100000,Online,,Fixed,,1.0%,mybanktracker.com
 2018-05-30,US,New York,ALLY,USD,Bank,Deposits,Checking,,Interest Checking,0,Online,,Fixed,,0.1%,mybanktracker.com
 2018-05-30,US,New York,ALLY,USD,Bank,Deposits,Checking,,Interest Checking,15000,Online,,Fixed,,0.6%,mybanktracker.com
 2018-05-30,US,New York,CITIGROUP INC,USD,Bank,Deposits,Checking,,Interest Checking Account,1,Offline,,Fixed,,0.01%,mybanktracker.com
 2018-05-30,US,New York,WELLS FARGO,USD,Bank,Deposits,Checking,,Preferred Package,500,Offline,,Fixed,,0.01%,mybanktracker.com
 2018-05-30,US,New York,BANK OF AMERICA CORP,USD,Bank,Deposits,Checking,,Advantage with Tiered Interest Checking,0,Offline,,Fixed,,0.01%,mybanktracker.com
 2018-05-30,US,New York,BANK OF AMERICA CORP,USD,Bank,Deposits,Checking,,Advantage with Tiered Interest Checking,1000,Offline,,Fixed,,0.02%,mybanktracker.com
 2018-05-30,US,New York,BANK OF AMERICA CORP,USD,Bank,Deposits,Checking,,Advantage with Tiered Interest Checking,10000,Offline,,Fixed,,0.02%,mybanktracker.com
 2018-05-30,US,New York,SYNCHRONY,USD,Bank,Deposits,CD,,12 Month CD for RT,2000,Online,12.0,Fixed,,2.25%,mybanktracker.com
 2018-05-30,US,New York,SYNCHRONY,USD,Bank,Deposits,CD,,36 Month CD for RT,2000,Online,36.0,Fixed,,2.55%,mybanktracker.com
 2018-05-30,US,New York,BANK OF AMERICA CORP,USD,Bank,Deposits,CD,,Bank of America CDs RT Organic,1,Offline,6.0,Fixed,,0.03%,mybanktracker.com
 2018-05-30,US,New York,BANK OF AMERICA CORP,USD,Bank,Deposits,CD,,Bank of America CDs RT Organic,1,Offline,12.0,Fixed,,0.05%,mybanktracker.com
 2018-05-30,US,New York,BANK OF AMERICA CORP,USD,Bank,Deposits,CD,,Bank of America CDs RT Organic,1,Offline,36.0,Fixed,,0.5499999999999999%,mybanktracker.com
 2018-05-30,US,New York,BANK OF AMERICA CORP,USD,Bank,Deposits,CD,,Bank of America CDs RT Organic,10000,Offline,6.0,Fixed,,0.03%,mybanktracker.com
 2018-05-30,US,New York,BANK OF AMERICA CORP,USD,Bank,Deposits,CD,,Bank of America CDs RT Organic,10000,Offline,12.0,Fixed,,0.05%,mybanktracker.com
 2018-05-30,US,New York,BANK OF AMERICA CORP,USD,Bank,Deposits,CD,,Bank of America CDs RT Organic,10000,Offline,36.0,Fixed,,0.5499999999999999%,mybanktracker.com
 2018-05-30,US,New York,BANK OF AMERICA CORP,USD,Bank,Deposits,CD,,Bank of America CDs RT Organic,25000,Offline,6.0,Fixed,,0.03%,mybanktracker.com
 2018-05-30,US,New York,BANK OF AMERICA CORP,USD,Bank,Deposits,CD,,Bank of America CDs RT Organic,25000,Offline,12.0,Fixed,,0.05%,mybanktracker.com
 2018-05-30,US,New York,BANK OF AMERICA CORP,USD,Bank,Deposits,CD,,Bank of America CDs RT Organic,25000,Offline,36.0,Fixed,,0.5499999999999999%,mybanktracker.com
 2018-05-30,US,New York,BANK OF AMERICA CORP,USD,Bank,Deposits,CD,,Bank of America CDs RT Organic,50000,Offline,6.0,Fixed,,0.03%,mybanktracker.com
 2018-05-30,US,New York,BANK OF AMERICA CORP,USD,Bank,Deposits,CD,,Bank of America CDs RT Organic,50000,Offline,12.0,Fixed,,0.05%,mybanktracker.com
 2018-05-30,US,New York,BANK OF AMERICA CORP,USD,Bank,Deposits,CD,,Bank of America CDs RT Organic,50000,Offline,36.0,Fixed,,0.5499999999999999%,mybanktracker.com
 2018-05-30,US,New York,BANK OF AMERICA CORP,USD,Bank,Deposits,CD,,Bank of America CDs RT Organic,100000,Offline,6.0,Fixed,,0.03%,mybanktracker.com
 2018-05-30,US,New York,BANK OF AMERICA CORP,USD,Bank,Deposits,CD,,Bank of America CDs RT Organic,100000,Offline,12.0,Fixed,,0.05%,mybanktracker.com
 2018-05-30,US,New York,BANK OF AMERICA CORP,USD,Bank,Deposits,CD,,Bank of America CDs RT Organic,100000,Offline,36.0,Fixed,,0.5499999999999999%,mybanktracker.com
 2018-05-30,US,New York,BANK OF AMERICA CORP,USD,Bank,Deposits,CD,,Bank of America CDs RT Organic,500000,Offline,6.0,Fixed,,0.03%,mybanktracker.com
 2018-05-30,US,New York,BANK OF AMERICA CORP,USD,Bank,Deposits,CD,,Bank of America CDs RT Organic,500000,Offline,12.0,Fixed,,0.05%,mybanktracker.com
 2018-05-30,US,New York,BANK OF AMERICA CORP,USD,Bank,Deposits,CD,,Bank of America CDs RT Organic,500000,Offline,36.0,Fixed,,0.5499999999999999%,mybanktracker.com
 2018-05-30,US,New York,CITIGROUP INC,USD,Bank,Deposits,CD,,Citibank CDs RT Organic,1,Offline,6.0,Fixed,,0.06999999999999999%,mybanktracker.com
 2018-05-30,US,New York,CITIGROUP INC,USD,Bank,Deposits,CD,,Citibank CDs RT Organic,1,Offline,12.0,Fixed,,0.15%,mybanktracker.com
 2018-05-30,US,New York,CITIGROUP INC,USD,Bank,Deposits,CD,,Citibank CDs RT Organic,1,Offline,36.0,Fixed,,0.5%,mybanktracker.com
 2018-05-30,US,New York,WELLS FARGO,USD,Bank,Deposits,CD,,Wells Fargo CDs RT Organic,1,Offline,6.0,Fixed,,0.05%,mybanktracker.com
 2018-05-30,US,New York,WELLS FARGO,USD,Bank,Deposits,CD,,Wells Fargo CDs RT Organic,1,Offline,12.0,Fixed,,0.1%,mybanktracker.com
 2018-05-30,US,New York,PNC FINANCIAL SERVICES GROUP INC,USD,Bank,Deposits,CD,,PNC CDs RT Organic,1,Offline,6.0,Fixed,,0.04%,mybanktracker.com
 2018-05-30,US,New York,PNC FINANCIAL SERVICES GROUP INC,USD,Bank,Deposits,CD,,PNC CDs RT Organic,1000,Offline,6.0,Fixed,,0.06%,mybanktracker.com
 2018-05-30,US,New York,PNC FINANCIAL SERVICES GROUP INC,USD,Bank,Deposits,CD,,PNC CDs RT Organic,10000,Offline,6.0,Fixed,,0.08%,mybanktracker.com
 2018-05-30,US,New York,PNC FINANCIAL SERVICES GROUP INC,USD,Bank,Deposits,CD,,PNC CDs RT Organic,25000,Offline,6.0,Fixed,,0.1%,mybanktracker.com
 2018-05-30,US,New York,PNC FINANCIAL SERVICES GROUP INC,USD,Bank,Deposits,CD,,PNC CDs RT Organic,100000,Offline,6.0,Fixed,,0.12%,mybanktracker.com
 2018-05-30,US,New York,PNC FINANCIAL SERVICES GROUP INC,USD,Bank,Deposits,CD,,PNC CDs RT Organic,500000,Offline,6.0,Fixed,,0.13999999999999999%,mybanktracker.com
 2018-05-30,US,New York,PNC FINANCIAL SERVICES GROUP INC,USD,Bank,Deposits,CD,,PNC CDs RT Organic,1,Offline,12.0,Fixed,,0.04%,mybanktracker.com
 2018-05-30,US,New York,PNC FINANCIAL SERVICES GROUP INC,USD,Bank,Deposits,CD,,PNC CDs RT Organic,1000,Offline,12.0,Fixed,,0.15%,mybanktracker.com
 2018-05-30,US,New York,PNC FINANCIAL SERVICES GROUP INC,USD,Bank,Deposits,CD,,PNC CDs RT Organic,10000,Offline,12.0,Fixed,,0.18%,mybanktracker.com
 2018-05-30,US,New York,PNC FINANCIAL SERVICES GROUP INC,USD,Bank,Deposits,CD,,PNC CDs RT Organic,25000,Offline,12.0,Fixed,,0.2%,mybanktracker.com
 2018-05-30,US,New York,PNC FINANCIAL SERVICES GROUP INC,USD,Bank,Deposits,CD,,PNC CDs RT Organic,100000,Offline,12.0,Fixed,,0.22%,mybanktracker.com
 2018-05-30,US,New York,PNC FINANCIAL SERVICES GROUP INC,USD,Bank,Deposits,CD,,PNC CDs RT Organic,500000,Offline,12.0,Fixed,,0.24%,mybanktracker.com
 2018-05-30,US,New York,PNC FINANCIAL SERVICES GROUP INC,USD,Bank,Deposits,CD,,PNC CDs RT Organic,1,Offline,36.0,Fixed,,0.04%,mybanktracker.com
 2018-05-30,US,New York,PNC FINANCIAL SERVICES GROUP INC,USD,Bank,Deposits,CD,,PNC CDs RT Organic,1000,Offline,36.0,Fixed,,0.3%,mybanktracker.com
 2018-05-30,US,New York,PNC FINANCIAL SERVICES GROUP INC,USD,Bank,Deposits,CD,,PNC CDs RT Organic,10000,Offline,36.0,Fixed,,0.35000000000000003%,mybanktracker.com
 2018-05-30,US,New York,PNC FINANCIAL SERVICES GROUP INC,USD,Bank,Deposits,CD,,PNC CDs RT Organic,25000,Offline,36.0,Fixed,,0.4%,mybanktracker.com
 2018-05-30,US,New York,PNC FINANCIAL SERVICES GROUP INC,USD,Bank,Deposits,CD,,PNC CDs RT Organic,100000,Offline,36.0,Fixed,,0.44999999999999996%,mybanktracker.com
 2018-05-30,US,New York,PNC FINANCIAL SERVICES GROUP INC,USD,Bank,Deposits,CD,,PNC CDs RT Organic,500000,Offline,36.0,Fixed,,0.5%,mybanktracker.com
 2018-05-30,US,New York,JP MORGAN CHASE & Co.,USD,Bank,Deposits,CD,,Chase CDs RT Organic,1000,Offline,6.0,Fixed,,0.01%,mybanktracker.com
 2018-05-30,US,New York,JP MORGAN CHASE & Co.,USD,Bank,Deposits,CD,,Chase CDs RT Organic,1000,Offline,12.0,Fixed,,0.01%,mybanktracker.com
