Date,Bank_Native_Country,State,Bank_Name,Bank_Local_Currency,Bank_Type,Bank_Product,Bank_Product_Type,Bank_Product_Code,Bank_Product_Name,Min_Loan_Amount,Bank_Offer_Feature,Term (Y),Interest_Type,Interest,APR,Mortgage_Loan_Amt,Mortgage_Down_Payment,Mortgage_Category,Mortgage_Reason,Mortgage_Pymt_Mode,Source
 2018-05-30,US,New York,WELLS FARGO,USD,Bank,Mortgages,Mortgages,,30 Year Fixed,,Offline,30,Fixed,4.125%,4.131639913186282%,100000,20%,New Purchase,Primary Residence,Principal + Interest,mybanktracker.com
 2018-05-30,US,New York,WELLS FARGO,USD,Bank,Mortgages,Mortgages,,15 Year Fixed,,Offline,15,Fixed,3.375%,3.3869041124730312%,100000,20%,New Purchase,Primary Residence,Principal + Interest,mybanktracker.com
 2018-05-30,US,New York,CAPITAL ONE,USD,Bank,Mortgages,Mortgages,,15 Year Fixed,,Offline,15,Fixed,3.125%,3.134323743118425%,100000,20%,New Purchase,Primary Residence,Principal + Interest,mybanktracker.com
 2018-05-30,US,New York,WELLS FARGO,USD,Bank,Mortgages,Mortgages,,7/1 ARM,,Offline,30,Variable,3.25%,3.266706379540031%,100000,20%,New Purchase,Primary Residence,Principal + Interest,mybanktracker.com
 2018-05-30,US,New York,WELLS FARGO,USD,Bank,Mortgages,Mortgages,,30 Year Fixed,,Offline,30,Fixed,4.125%,4.131639913186282%,300000,20%,New Purchase,Primary Residence,Principal + Interest,mybanktracker.com
 2018-05-30,US,New York,WELLS FARGO,USD,Bank,Mortgages,Mortgages,,15 Year Fixed,,Offline,15,Fixed,3.375%,3.386904112473029%,300000,20%,New Purchase,Primary Residence,Principal + Interest,mybanktracker.com
 2018-05-30,US,New York,CAPITAL ONE,USD,Bank,Mortgages,Mortgages,,15 Year Fixed,,Offline,15,Fixed,3.125%,3.134323743118425%,300000,20%,New Purchase,Primary Residence,Principal + Interest,mybanktracker.com
 2018-05-30,US,New York,WELLS FARGO,USD,Bank,Mortgages,Mortgages,,7/1 ARM,,Offline,30,Variable,3.25%,3.266706379540032%,300000,20%,New Purchase,Primary Residence,Principal + Interest,mybanktracker.com
 2018-05-30,US,New York,WELLS FARGO,USD,Bank,Mortgages,Mortgages,,30 Year Fixed,,Offline,30,Fixed,4.125%,4.131639913186282%,500000,20%,New Purchase,Primary Residence,Principal + Interest,mybanktracker.com
 2018-05-30,US,New York,WELLS FARGO,USD,Bank,Mortgages,Mortgages,,15 Year Fixed,,Offline,15,Fixed,3.375%,3.3869041124730317%,500000,20%,New Purchase,Primary Residence,Principal + Interest,mybanktracker.com
 2018-05-30,US,New York,WELLS FARGO,USD,Bank,Mortgages,Mortgages,,7/1 ARM,,Offline,30,Variable,3.25%,3.266706379540032%,500000,20%,New Purchase,Primary Residence,Principal + Interest,mybanktracker.com
