Date,Bank_Native_Country,State,Bank_Name,Bank_Local_Currency,Bank_Type,Bank_Product,Bank_Product_Type,Bank_Product_Code,Bank_Product_Name,Balance,Bank_Offer_Feature,Term_in_Months,Interest_Type,Interest,APY,Source
05-30-2018,US,New York,SYNCHRONY,USD,Bank,Deposits,CD,,Certificate of Deposit,2000.0,Online,48,Fixed,,2.65%,nerdwallet.com
05-30-2018,US,New York,ALLY,USD,Bank,Deposits,CD,,High Yield CD,25000.0,Online,60,Fixed,,2.6%,nerdwallet.com
05-30-2018,US,New York,SYNCHRONY,USD,Bank,Deposits,CD,,Certificate of Deposit,2000.0,Online,36,Fixed,,2.55%,nerdwallet.com
05-30-2018,US,New York,SYNCHRONY,USD,Bank,Deposits,CD,,Certificate of Deposit,2000.0,Online,24,Fixed,,2.45%,nerdwallet.com
05-30-2018,US,New York,SYNCHRONY,USD,Bank,Deposits,CD,,Certificate of Deposit,2000.0,Online,,Fixed,,2.35%,nerdwallet.com
05-30-2018,US,New York,CAPITAL ONE,USD,Bank,Deposits,CD,,360 CD,1.0,Offline,12,Fixed,,2.25%,nerdwallet.com
05-30-2018,US,New York,SYNCHRONY,USD,Bank,Deposits,CD,,Certificate of Deposit,2000.0,Online,12,Fixed,,2.25%,nerdwallet.com
05-30-2018,US,New York,ALLY,USD,Bank,Deposits,CD,,High Yield CD,25000.0,Online,6,Fixed,,1.75%,nerdwallet.com
05-30-2018,US,New York,ALLY,USD,Bank,Deposits,CD,,High Yield CD,5000.0,Online,6,Fixed,,1.6%,nerdwallet.com
05-30-2018,US,New York,ALLY,USD,Bank,Deposits,CD,,High Yield CD,1.0,Online,6,Fixed,,1.5%,nerdwallet.com
05-30-2018,US,New York,ALLY,USD,Bank,Deposits,Checking,,Interest Checking Account,,Online,,Fixed,,,nerdwallet.com
05-30-2018,US,New York,CITIGROUP INC,USD,Bank,Deposits,Checking,,Access Account,1500.0,Offline,,Fixed,,,nerdwallet.com
05-30-2018,US,New York,CITIGROUP INC,USD,Bank,Deposits,Checking,,Simple Checking,1500.0,Offline,,Fixed,,,nerdwallet.com
05-30-2018,US,New York,JP MORGAN CHASE & Co.,USD,Bank,Deposits,Checking,,Chase Premier Plus Checking℠,15000.0,Offline,,Fixed,,,nerdwallet.com
05-30-2018,US,New York,CITIGROUP INC,USD,Bank,Deposits,Checking,,Priority Checking,50000.0,Offline,,Fixed,,,nerdwallet.com
05-30-2018,US,New York,SYNCHRONY,USD,Bank,Deposits,Savings,,High Yield Savings Account,1.0,Online,,Fixed,,1.65%,nerdwallet.com
05-30-2018,US,New York,ALLY,USD,Bank,Deposits,Savings,,Online Savings Account,1.0,Online,,Fixed,,1.6%,nerdwallet.com
05-30-2018,US,New York,CAPITAL ONE,USD,Bank,Deposits,Savings,,360 Money Market Account,10000.0,Online,,Fixed,,1.6%,nerdwallet.com
05-30-2018,US,New York,CAPITAL ONE,USD,Bank,Deposits,Savings,,360 Savings®,1.0,Online,,Fixed,,1.0%,nerdwallet.com
