Date,Bank_Native_Country,State,Bank_Name,Bank_Local_Currency,Bank_Type,Bank_Product,Bank_Product_Type,Bank_Product_Code,Bank_Product_Name,Min_Loan_Amount,Bank_Offer_Feature,Term (Y),Interest_Type,Interest,APR,Mortgage_Loan_Amt,Mortgage_Down_Payment,Mortgage_Category,Mortgage_Reason,Mortgage_Pymt_Mode,Source
 2018-05-25,US,New York,ALLY,USD,Bank,Mortgages,Mortgages,,30 Yr Fixed,,Online,30,Fixed,4.625%,4.650%,300000,20%,New Purchase,Primary Residence,Principal + Interest,Bankrate.com
 2018-05-25,US,New York,CITIGROUP INC,USD,Bank,Mortgages,Mortgages,,30 Yr Fixed,,Offline,30,Fixed,4.875%,4.969%,300000,20%,New Purchase,Primary Residence,Principal + Interest,Bankrate.com
 2018-05-25,US,New York,CITIGROUP INC,USD,Bank,Mortgages,Mortgages,,20 Yr Fixed,,Offline,20,Fixed,4.625%,4.752%,300000,20%,New Purchase,Primary Residence,Principal + Interest,Bankrate.com
 2018-05-25,US,New York,CITIGROUP INC,USD,Bank,Mortgages,Mortgages,,10 Yr Fixed,,Offline,10,Fixed,4.500%,4.732%,300000,20%,New Purchase,Primary Residence,Principal + Interest,Bankrate.com
 2018-05-25,US,New York,ALLY,USD,Bank,Mortgages,Mortgages,,15 Yr Fixed,,Online,15,Fixed,4.125%,4.168%,300000,20%,New Purchase,Primary Residence,Principal + Interest,Bankrate.com
 2018-05-25,US,New York,CITIGROUP INC,USD,Bank,Mortgages,Mortgages,,15 Yr Fixed,,Offline,15,Fixed,4.375%,4.536%,300000,20%,New Purchase,Primary Residence,Principal + Interest,Bankrate.com
 2018-05-25,US,New York,CITIGROUP INC,USD,Bank,Mortgages,Mortgages,,10/1 ARM Adjustable,,Offline,30,Variable,4.500%,4.780%,300000,20%,New Purchase,Primary Residence,Principal + Interest,Bankrate.com
 2018-05-25,US,New York,CITIGROUP INC,USD,Bank,Mortgages,Mortgages,,7/1 ARM Adjustable,,Offline,30,Variable,4.250%,4.734%,300000,20%,New Purchase,Primary Residence,Principal + Interest,Bankrate.com
 2018-05-25,US,New York,CITIGROUP INC,USD,Bank,Mortgages,Mortgages,,5/1 ARM Adjustable,,Offline,30,Variable,4.250%,4.821%,300000,20%,New Purchase,Primary Residence,Principal + Interest,Bankrate.com
 2018-05-25,US,New York,CITIGROUP INC,USD,Bank,Mortgages,Mortgages,,3/1 ARM Adjustable,,Offline,30,Variable,4.500%,4.982%,300000,20%,New Purchase,Primary Residence,Principal + Interest,Bankrate.com
 2018-05-25,US,New York,ALLY,USD,Bank,Mortgages,Mortgages,,30 Yr Fixed,,Online,30,Fixed,4.375%,4.390%,500000,20%,New Purchase,Primary Residence,Principal + Interest,Bankrate.com
 2018-05-25,US,New York,CITIGROUP INC,USD,Bank,Mortgages,Mortgages,,30 Yr Fixed,,Offline,30,Fixed,4.375%,4.430%,500000,20%,New Purchase,Primary Residence,Principal + Interest,Bankrate.com
 2018-05-25,US,New York,CITIGROUP INC,USD,Bank,Mortgages,Mortgages,,5/1 ARM Adjustable,,Offline,30,Variable,3.875%,4.648%,500000,20%,New Purchase,Primary Residence,Principal + Interest,Bankrate.com
 2018-05-25,US,New York,ALLY,USD,Bank,Mortgages,Mortgages,,15 Yr Fixed,,Online,15,Fixed,3.990%,4.016%,500000,20%,New Purchase,Primary Residence,Principal + Interest,Bankrate.com
 2018-05-25,US,New York,CITIGROUP INC,USD,Bank,Mortgages,Mortgages,,15 Yr Fixed,,Offline,15,Fixed,4.375%,4.471%,500000,20%,New Purchase,Primary Residence,Principal + Interest,Bankrate.com
 2018-05-25,US,New York,CITIGROUP INC,USD,Bank,Mortgages,Mortgages,,10/1 ARM Adjustable,,Offline,30,Variable,4.125%,4.510%,500000,20%,New Purchase,Primary Residence,Principal + Interest,Bankrate.com
 2018-05-25,US,New York,CITIGROUP INC,USD,Bank,Mortgages,Mortgages,,7/1 ARM Adjustable,,Offline,30,Variable,3.875%,4.519%,500000,20%,New Purchase,Primary Residence,Principal + Interest,Bankrate.com
