Date,Bank_Native_Country,State,Bank_Name,Bank_Local_Currency,Bank_Type,Bank_Product,Bank_Product_Type,Bank_Product_Code,Bank_Product_Name,Min_Loan_Amount,Bank_Offer_Feature,Term (Y),Interest_Type,Interest,APR,Mortgage_Loan_Amt,Mortgage_Down_Payment,Mortgage_Category,Mortgage_Reason,Mortgage_Pymt_Mode,Source
 2018-05-30,US,New York,ALLY,USD,Bank,Mortgages,Mortgages,,30 Yr Fixed,,Online,30,Fixed,4.500%,4.525%,300000,20%,New Purchase,Primary Residence,Principal + Interest,Bankrate.com
 2018-05-30,US,New York,CITIGROUP INC,USD,Bank,Mortgages,Mortgages,,30 Yr Fixed,,Offline,30,Fixed,4.750%,4.843%,300000,20%,New Purchase,Primary Residence,Principal + Interest,Bankrate.com
 2018-05-30,US,New York,CITIGROUP INC,USD,Bank,Mortgages,Mortgages,,10 Yr Fixed,,Offline,10,Fixed,4.250%,4.480%,300000,20%,New Purchase,Primary Residence,Principal + Interest,Bankrate.com
 2018-05-30,US,New York,ALLY,USD,Bank,Mortgages,Mortgages,,15 Yr Fixed,,Online,15,Fixed,4.000%,4.043%,300000,20%,New Purchase,Primary Residence,Principal + Interest,Bankrate.com
 2018-05-30,US,New York,CITIGROUP INC,USD,Bank,Mortgages,Mortgages,,15 Yr Fixed,,Offline,15,Fixed,4.375%,4.536%,300000,20%,New Purchase,Primary Residence,Principal + Interest,Bankrate.com
 2018-05-30,US,New York,CITIGROUP INC,USD,Bank,Mortgages,Mortgages,,20 Yr Fixed,,Offline,20,Fixed,4.625%,4.752%,300000,20%,New Purchase,Primary Residence,Principal + Interest,Bankrate.com
 2018-05-30,US,New York,CITIGROUP INC,USD,Bank,Mortgages,Mortgages,,10/1 ARM Adjustable,,Offline,30,Variable,4.250%,4.612%,300000,20%,New Purchase,Primary Residence,Principal + Interest,Bankrate.com
 2018-05-30,US,New York,CITIGROUP INC,USD,Bank,Mortgages,Mortgages,,7/1 ARM Adjustable,,Offline,30,Variable,4.125%,4.658%,300000,20%,New Purchase,Primary Residence,Principal + Interest,Bankrate.com
 2018-05-30,US,New York,CITIGROUP INC,USD,Bank,Mortgages,Mortgages,,5/1 ARM Adjustable,,Offline,30,Variable,4.125%,4.757%,300000,20%,New Purchase,Primary Residence,Principal + Interest,Bankrate.com
 2018-05-30,US,New York,CITIGROUP INC,USD,Bank,Mortgages,Mortgages,,3/1 ARM Adjustable,,Offline,30,Variable,4.250%,4.900%,300000,20%,New Purchase,Primary Residence,Principal + Interest,Bankrate.com
 2018-05-30,US,New York,ALLY,USD,Bank,Mortgages,Mortgages,,30 Yr Fixed,,Online,30,Fixed,4.250%,4.265%,500000,20%,New Purchase,Primary Residence,Principal + Interest,Bankrate.com
 2018-05-30,US,New York,CITIGROUP INC,USD,Bank,Mortgages,Mortgages,,30 Yr Fixed,,Offline,30,Fixed,4.250%,4.304%,500000,20%,New Purchase,Primary Residence,Principal + Interest,Bankrate.com
 2018-05-30,US,New York,ALLY,USD,Bank,Mortgages,Mortgages,,15 Yr Fixed,,Online,15,Fixed,3.875%,3.900%,500000,20%,New Purchase,Primary Residence,Principal + Interest,Bankrate.com
 2018-05-30,US,New York,CITIGROUP INC,USD,Bank,Mortgages,Mortgages,,15 Yr Fixed,,Offline,15,Fixed,4.250%,4.346%,500000,20%,New Purchase,Primary Residence,Principal + Interest,Bankrate.com
 2018-05-30,US,New York,CITIGROUP INC,USD,Bank,Mortgages,Mortgages,,10/1 ARM Adjustable,,Offline,30,Variable,3.875%,4.345%,500000,20%,New Purchase,Primary Residence,Principal + Interest,Bankrate.com
 2018-05-30,US,New York,CITIGROUP INC,USD,Bank,Mortgages,Mortgages,,7/1 ARM Adjustable,,Offline,30,Variable,3.750%,4.445%,500000,20%,New Purchase,Primary Residence,Principal + Interest,Bankrate.com
 2018-05-30,US,New York,CITIGROUP INC,USD,Bank,Mortgages,Mortgages,,5/1 ARM Adjustable,,Offline,30,Variable,3.750%,4.585%,500000,20%,New Purchase,Primary Residence,Principal + Interest,Bankrate.com
