Date,Bank_Name,Bank_Product,Bank_Product_Type,Bank_Offer_Feature,Bank_Product_Name,Product_Term,Balance,Product_Interest,Product_Apy,Mortgage_Down_Payment,Mortgage_Loan,Min_Credit_Score_Mortgage,Mortgage_APR
 05-25-2018,CAPITAL ONE,Deposits,Savings,Online,360 Money Market,,"less than $10,000.00",0.8467%,0.85%,,,,
 05-25-2018,CAPITAL ONE,Deposits,Savings,Online,360 Money Market,,"more than $10,000.00",1.5884%,1.60%,,,,
 05-25-2018,CAPITAL ONE,Deposits,Savings,Online,360 Savings,,0,0.9954%,1.00%,,,,
 05-25-2018,CAPITAL ONE,Deposits,Savings,Online,360 IRA Savings Traditional,,0,0.9954%,1.00%,,,,
 05-25-2018,CAPITAL ONE,Deposits,CD,Online,360 CDs 6 months,6.0,"$1,000,000",0.5984%,0.60%,,,,
 05-25-2018,CAPITAL ONE,Deposits,CD,Online,360 CDs 12 months,12.0,"$1,000,000",2.2271%,2.25%,,,,
 05-25-2018,CAPITAL ONE,Deposits,CD,Online,360 CDs 36 months,36.0,"$1,000,000",2.3740%,2.40%,,,,
