Date,Bank_Name,Bank_Product,Bank_Product_Type,Bank_Offer_Feature,Bank_Product_Name,Product_Term,Balance,Product_Interest,Product_Apy,Mortgage_Down_Payment,Mortgage_Loan,Min_Credit_Score_Mortagage,Mortgage_Apr
05-30-2018,BANK OF AMERICA CORP,Deposits,Savings,Offline,Rewards Savings/Minor Savings,,"Less than $2,500",0.03%,0.03%,,,,
05-30-2018,BANK OF AMERICA CORP,Deposits,Savings,Offline,Rewards Savings/Minor Savings,,"$2,500 and over",0.03%,0.03%,,,,
05-30-2018,BANK OF AMERICA CORP,Deposits,Checking,Offline,Bank of America Interest Checking,,"Less than $50,000",0.01%,0.01%,,,,
05-30-2018,BANK OF AMERICA CORP,Deposits,Checking,Offline,Bank of America Interest Checking,,"$50,000 - $99,999",0.02%,0.02%,,,,
05-30-2018,BANK OF AMERICA CORP,Deposits,Checking,Offline,Bank of America Interest Checking,,"$100,000 and over",0.02%,0.02%,,,,
05-30-2018,BANK OF AMERICA CORP,Deposits,CD,Offline,06 - 11 Months,06 ,"Less than $10,000",0.03%,0.03%,,,,
05-30-2018,BANK OF AMERICA CORP,Deposits,CD,Offline,12 - 17 Months,12 ,"Less than $10,000",0.05%,0.05%,,,,
05-30-2018,BANK OF AMERICA CORP,Deposits,CD,Offline,36 - 47 Months,36 ,"Less than $10,000",0.55%,0.55%,,,,
