Date,Bank_Name,Bank_Product,Bank_Product_Type,Bank_Offer_Feature,Bank_Product_Name,Product_Term,Balance,Product_Interest,Product_Apy,Mortgage_Down_Payment,Mortgage_Loan,Min_Credit_Score_Mortagage,Mortgage_Apr
 05-30-2018,ALLY,Mortgages,Mortgages,Online,Adjustable Rate Mortgage 5/1 ARM,30.0,,4.375%,,20%,"$300,000",720+,4.79152428177022%
 05-30-2018,ALLY,Mortgages,Mortgages,Online,Adjustable Rate Mortgage 7/1 ARM,30.0,,4.5%,,20%,"$300,000",720+,4.78841314161525%
 05-30-2018,ALLY,Mortgages,Mortgages,Online,Adjustable Rate Mortgage 10/1 ARM,30.0,,4.5%,,20%,"$300,000",720+,4.71562356003833%
 05-30-2018,ALLY,Mortgages,Mortgages,Online,Fixed Rate Mortgage 25 Yr Fixed,25.0,,4.5%,,20%,"$300,000",720+,4.516605270333289%
 05-30-2018,ALLY,Mortgages,Mortgages,Online,Fixed Rate Mortgage 20 Yr Fixed,20.0,,4.375%,,20%,"$300,000",720+,4.37748785321178%
 05-30-2018,ALLY,Mortgages,Mortgages,Online,Fixed Rate Mortgage 30 Yr Fixed,30.0,,4.5%,,20%,"$300,000",720+,4.50377988737244%
 05-30-2018,ALLY,Mortgages,Mortgages,Online,Fixed Rate Mortgage 15 Yr Fixed,15.0,,4.0%,,20%,"$300,000",720+,4.03257310368168%
 05-30-2018,ALLY,Mortgages,Mortgages,Online,Fixed Rate Mortgage 10 Yr Fixed,10.0,,4.0%,,20%,"$300,000",720+,4.06411327869273%
