Date,Bank_Name,Bank_Product,Bank_Product_Type,Bank_Offer_Feature,Bank_Product_Name,Product_Term,Balance,Product_Interest,Product_Apy,Mortgage_Down_Payment,Mortgage_Loan,Min_Credit_Score_Mortagage,Mortgage_Apr
 05-30-2018,BANK OF AMERICA CORP,Mortgage,Mortgage,Offline,Fixed 30 Years,30,,4.25%,,20%,100000,740+,4.58%
 05-30-2018,BANK OF AMERICA CORP,Mortgage,Mortgage,Offline,Fixed 20 Years,20,,4.125%,,20%,100000,740+,4.61%
 05-30-2018,BANK OF AMERICA CORP,Mortgage,Mortgage,Offline,Fixed 15 Years,15,,3.75%,,20%,100000,740+,4.386%
 05-30-2018,BANK OF AMERICA CORP,Mortgage,Mortgage,Offline,10/1 ARM variable,30,,4.0%,,20%,100000,740+,4.742%
 05-30-2018,BANK OF AMERICA CORP,Mortgage,Mortgage,Offline,7/1 ARM variable,30,,3.75%,,20%,100000,740+,4.766%
 05-30-2018,BANK OF AMERICA CORP,Mortgage,Mortgage,Offline,5/1 ARM variable,30,,3.625%,,20%,100000,740+,4.858%
 05-30-2018,BANK OF AMERICA CORP,Mortgage,Mortgage,Offline,Fixed 30 Years,30,,4.125%,,20%,300000,740+,4.478%
 05-30-2018,BANK OF AMERICA CORP,Mortgage,Mortgage,Offline,Fixed 20 Years,20,,4.0%,,20%,300000,740+,4.497%
 05-30-2018,BANK OF AMERICA CORP,Mortgage,Mortgage,Offline,Fixed 15 Years,15,,3.75%,,20%,300000,740+,4.386%
 05-30-2018,BANK OF AMERICA CORP,Mortgage,Mortgage,Offline,10/1 ARM variable,30,,3.875%,,20%,300000,740+,4.657%
 05-30-2018,BANK OF AMERICA CORP,Mortgage,Mortgage,Offline,7/1 ARM variable,30,,3.625%,,20%,300000,740+,4.696%
 05-30-2018,BANK OF AMERICA CORP,Mortgage,Mortgage,Offline,5/1 ARM variable,30,,3.5%,,20%,300000,740+,4.8%
 05-30-2018,BANK OF AMERICA CORP,Mortgage,Mortgage,Offline,Fixed 30 Years,30,,4.125%,,20%,500000,740+,4.478%
 05-30-2018,BANK OF AMERICA CORP,Mortgage,Mortgage,Offline,Fixed 20 Years,20,,4.0%,,20%,500000,740+,4.497%
 05-30-2018,BANK OF AMERICA CORP,Mortgage,Mortgage,Offline,Fixed 15 Years,15,,3.75%,,20%,500000,740+,4.386%
 05-30-2018,BANK OF AMERICA CORP,Mortgage,Mortgage,Offline,10/1 ARM variable,30,,3.875%,,20%,500000,740+,4.657%
 05-30-2018,BANK OF AMERICA CORP,Mortgage,Mortgage,Offline,7/1 ARM variable,30,,3.625%,,20%,500000,740+,4.696%
 05-30-2018,BANK OF AMERICA CORP,Mortgage,Mortgage,Offline,5/1 ARM variable,30,,3.5%,,20%,500000,740+,4.8%
