Date,Bank_Name,Bank_Product,Bank_Product_Type,Bank_Offer_Feature,Bank_Product_Name,Product_Term,Balance,Product_Interest,Product_Apy,Mortgage_Down_Payment,Mortgage_Loan,Min_Credit_Score_Mortagage,Mortgage_Apr
 05-25-2018,JP MORGAN CHASE & Co.,Mortgages,Mortgages,Offline,Mortgage_30-yr,30,,4.875%,,20%,100000,720+,5.176%
 05-25-2018,JP MORGAN CHASE & Co.,Mortgages,Mortgages,Offline,Mortgage_20-yr,20,,4.625%,,20%,100000,720+,5.032%
 05-25-2018,JP MORGAN CHASE & Co.,Mortgages,Mortgages,Offline,Mortgage_15-yr,15,,4.375%,,20%,100000,720+,4.909%
 05-25-2018,JP MORGAN CHASE & Co.,Mortgages,Mortgages,Offline,Mortgage_7/1,30,,5.125%,,20%,100000,720+,5.344%
 05-25-2018,JP MORGAN CHASE & Co.,Mortgages,Mortgages,Offline,Mortgage_5/1,30,,4.875%,,20%,100000,720+,5.255%
 05-25-2018,JP MORGAN CHASE & Co.,Mortgages,Mortgages,Offline,Mortgage_30-yr,30,,4.750%,,20%,300000,720+,4.844%
 05-25-2018,JP MORGAN CHASE & Co.,Mortgages,Mortgages,Offline,Mortgage_20-yr,20,,4.500%,,20%,300000,720+,4.643%
 05-25-2018,JP MORGAN CHASE & Co.,Mortgages,Mortgages,Offline,Mortgage_15-yr,15,,4.125%,,20%,300000,720+,4.305%
 05-25-2018,JP MORGAN CHASE & Co.,Mortgages,Mortgages,Offline,Mortgage_7/1,30,,4.625%,,20%,300000,720+,4.911%
 05-25-2018,JP MORGAN CHASE & Co.,Mortgages,Mortgages,Offline,Mortgage_5/1,30,,4.500%,,20%,300000,720+,4.898%
 05-25-2018,JP MORGAN CHASE & Co.,Mortgages,Mortgages,Offline,Mortgage_30-yr,30,,4.750%,,20%,500000,720+,4.796%
 05-25-2018,JP MORGAN CHASE & Co.,Mortgages,Mortgages,Offline,Mortgage_15-yr,15,,4.500%,,20%,500000,720+,4.616%
 05-25-2018,JP MORGAN CHASE & Co.,Mortgages,Mortgages,Offline,Mortgage_7/1,30,,4.125%,,20%,500000,720+,4.640%
 05-25-2018,JP MORGAN CHASE & Co.,Mortgages,Mortgages,Offline,Mortgage_5/1,30,,4.125%,,20%,500000,720+,4.740%
 05-25-2018,JP MORGAN CHASE & Co.,Mortgages,Mortgages,Offline,Mortgage_10/1,30,,4.625%,,20%,500000,720+,4.807%
