Date,Bank_Name,Bank_Product,Bank_Product_Type,Bank_Offer_Feature,Bank_Product_Name,Product_Term,Balance,Product_Interest,Product_Apy,Mortgage_Down_Payment,Mortgage_Loan,Min_Credit_Score_Mortagage,Mortgage_Apr
 05-30-2018,WELLS FARGO,Mortgages,Mortgages,Offline,30-Year Fixed Rate,30,,4.625%,,25.0%,200000,740,4.674%
 05-30-2018,WELLS FARGO,Mortgages,Mortgages,Offline,30-Year Fixed-Rate VA,30,,4.5%,,0.0%,200000,740,4.808%
 05-30-2018,WELLS FARGO,Mortgages,Mortgages,Offline,20-Year Fixed Rate,20,,4.375%,,25.0%,200000,740,4.47%
 05-30-2018,WELLS FARGO,Mortgages,Mortgages,Offline,15-Year Fixed Rate,15,,4.125%,,25.0%,200000,740,4.264%
 05-30-2018,WELLS FARGO,Mortgages,Mortgages,Offline,7/1 ARM,30,,4.125%,,25.0%,200000,740,4.656%
 05-30-2018,WELLS FARGO,Mortgages,Mortgages,Offline,5/1 ARM,30,,4.125%,,25.0%,200000,740,4.735%
 05-30-2018,WELLS FARGO,Mortgages,Mortgages,Offline,30-Year Fixed-Rate Jumbo,30,,4.5%,,25.0%,750000,740,4.511%
 05-30-2018,WELLS FARGO,Mortgages,Mortgages,Offline,15-Year Fixed-Rate Jumbo,15,,4.25%,,25.0%,750000,740,4.287%
 05-30-2018,WELLS FARGO,Mortgages,Mortgages,Offline,7/1 ARM Jumbo,30,,4.0%,,25.0%,750000,740,4.528%
 05-30-2018,WELLS FARGO,Mortgages,Mortgages,Offline,10/1 ARM Jumbo,30,,4.25%,,25.0%,750000,740,4.537%
 05-30-2018,WELLS FARGO,Mortgages,Mortgages,Offline,30-Year Fixed Rate,30,,4.75%,,25.0%,200000,740,4.777%
 05-30-2018,WELLS FARGO,Mortgages,Mortgages,Offline,30-Year Fixed-Rate VA,30,,4.5%,,0.0%,200000,740,4.791%
 05-30-2018,WELLS FARGO,Mortgages,Mortgages,Offline,20-Year Fixed Rate,20,,4.49%,,25.0%,200000,740,4.512%
 05-30-2018,WELLS FARGO,Mortgages,Mortgages,Offline,15-Year Fixed Rate,15,,4.25%,,25.0%,200000,740,4.334%
 05-30-2018,WELLS FARGO,Mortgages,Mortgages,Offline,7/1 ARM,30,,4.25%,,25.0%,200000,740,4.684%
 05-30-2018,WELLS FARGO,Mortgages,Mortgages,Offline,5/1 ARM,30,,4.125%,,25.0%,200000,740,4.735%
 05-30-2018,WELLS FARGO,Mortgages,Mortgages,Offline,30-Year Fixed-Rate Jumbo,30,,4.625%,,25.0%,750000,740,4.628%
 05-30-2018,WELLS FARGO,Mortgages,Mortgages,Offline,15-Year Fixed-Rate Jumbo,15,,4.375%,,25.0%,750000,740,4.381%
 05-30-2018,WELLS FARGO,Mortgages,Mortgages,Offline,7/1 ARM Jumbo,30,,4.125%,,25.0%,750000,740,4.58%
 05-30-2018,WELLS FARGO,Mortgages,Mortgages,Offline,10/1 ARM Jumbo,30,,4.25%,,25.0%,750000,740,4.544%
