Date,Bank_Name,Bank_Product,Bank_Product_Type,Bank_Offer_Feature,Bank_Product_Name,Product_Term,Balance,Product_Interest,Product_Apy,Mortgage_Down_Payment,Mortgage_Loan,Min_Credit_Score_Mortagage,Mortgage_Apr
 05-25-2018,SUNTRUST BANKS INC,Mortgages,Mortgages,Offline,Agency 30 Year Fixed,30,,4.700%,,20%,200000,720,4.7846%
 05-25-2018,SUNTRUST BANKS INC,Mortgages,Mortgages,Offline,Agency 15 Year Fixed,15,,3.990%,,20%,200000,720,4.1617%
 05-25-2018,SUNTRUST BANKS INC,Mortgages,Mortgages,Offline,Jumbo 30 Year Fixed,30,,4.775%,,25%,500000,720,4.8147%
 05-25-2018,SUNTRUST BANKS INC,Mortgages,Mortgages,Offline,Agency 30 Year 5/1 ARM,30,,4.400%,,20%,200000,720,4.8515%
 05-25-2018,SUNTRUST BANKS INC,Mortgages,Mortgages,Offline,Agency 30 Year 7/1 ARM,30,,4.250%,,20%,200000,720,4.7116%
 05-25-2018,SUNTRUST BANKS INC,Mortgages,Mortgages,Offline,FHA 30 Year Fixed,30,,4.500%,,5%,200000,660,5.5770%
 05-25-2018,SUNTRUST BANKS INC,Mortgages,Mortgages,Offline,VA 30 Year Fixed,30,,4.500%,,0%,200000,720,4.7472%
 05-25-2018,SUNTRUST BANKS INC,Mortgages,Mortgages,Offline,VA 15 Year Fixed,15,,4.500%,,0%,200000,720,4.9325%
 05-25-2018,SUNTRUST BANKS INC,Mortgages,Mortgages,Offline,VA 30 Year 5/1 ARM,30,,5.250%,,0%,200000,720,5.1046%
