Date,Bank_Name,Bank_Product,Bank_Product_Type,Bank_Offer_Feature,Bank_Product_Name,Product_Term,Balance,Product_Interest,Product_Apy,Mortgage_Down_Payment,Mortgage_Loan,Min_Credit_Score_Mortagage,Mortgage_Apr
 05-25-2018,CITIGROUP INC,Mortgage,Mortgage,Offline,3/1 Libor ARM,30,$491.94 ,4.250%,,20%,100000,720+,5.137%
 05-25-2018,CITIGROUP INC,Mortgage,Mortgage,Offline,30 Year Fixed,30,$521.65 ,4.750%,,20%,100000,720+,5.071%
 05-25-2018,CITIGROUP INC,Mortgage,Mortgage,Offline,10 Year Fixed,10,$1018.4 ,4.125%,,20%,100000,720+,4.879%
 05-25-2018,CITIGROUP INC,Mortgage,Mortgage,Offline,7/1 Libor ARM,30,$484.65 ,4.125%,,20%,100000,720+,4.897%
 05-25-2018,CITIGROUP INC,Mortgage,Mortgage,Offline,10/1 Libor ARM,30,$499.29 ,4.375%,,20%,100000,720+,4.908%
 05-25-2018,CITIGROUP INC,Mortgage,Mortgage,Offline,5/1 Libor ARM,30,$484.65 ,4.125%,,20%,100000,720+,4.988%
 05-25-2018,CITIGROUP INC,Mortgage,Mortgage,Offline,20 Year Fixed,20,$639.42 ,4.625%,,20%,100000,720+,5.029%
 05-25-2018,CITIGROUP INC,Mortgage,Mortgage,Offline,15 Year Fixed,15,$739.69 ,4.000%,,20%,100000,720+,4.582%
 05-25-2018,CITIGROUP INC,Mortgage,Mortgage,Offline,10 Year Fixed,10,$3055.21 ,4.125%,,20%,300000,720+,4.497%
 05-25-2018,CITIGROUP INC,Mortgage,Mortgage,Offline,7/1 Libor ARM,30,$1453.95 ,4.125%,,20%,300000,720+,4.744%
 05-25-2018,CITIGROUP INC,Mortgage,Mortgage,Offline,15 Year Fixed,15,$2219.06 ,4.000%,,20%,300000,720+,4.315%
 05-25-2018,CITIGROUP INC,Mortgage,Mortgage,Offline,5/1 Libor ARM,30,$1453.95 ,4.125%,,20%,300000,720+,4.834%
 05-25-2018,CITIGROUP INC,Mortgage,Mortgage,Offline,30 Year Fixed,30,$1564.94 ,4.750%,,20%,300000,720+,4.914%
 05-25-2018,CITIGROUP INC,Mortgage,Mortgage,Offline,3/1 Libor ARM,30,$1475.82 ,4.250%,,20%,300000,720+,4.981%
 05-25-2018,CITIGROUP INC,Mortgage,Mortgage,Offline,10/1 Libor ARM,30,$1497.86 ,4.375%,,20%,300000,720+,4.754%
 05-25-2018,CITIGROUP INC,Mortgage,Mortgage,Offline,20 Year Fixed,20,$1918.25 ,4.625%,,20%,300000,720+,4.817%
 05-25-2018,CITIGROUP INC,Mortgage,Mortgage,Offline,20 Year Fixed,20,$3163.25 ,4.500%,,20%,500000,720+,4.664%
 05-25-2018,CITIGROUP INC,Mortgage,Mortgage,Offline,5/1 Libor ARM,30,$2387.08 ,4.000%,,20%,500000,720+,4.768%
 05-25-2018,CITIGROUP INC,Mortgage,Mortgage,Offline,7/1 Libor ARM,30,$2351.19 ,3.875%,,20%,500000,720+,4.604%
 05-25-2018,CITIGROUP INC,Mortgage,Mortgage,Offline,10 Year Fixed,10,$5151.85 ,4.375%,,20%,500000,720+,4.7%
 05-25-2018,CITIGROUP INC,Mortgage,Mortgage,Offline,10/1 Libor ARM,30,$2423.25 ,4.125%,,20%,500000,720+,4.599%
 05-25-2018,CITIGROUP INC,Mortgage,Mortgage,Offline,3/1 Libor ARM,30,$2351.19 ,3.875%,,20%,500000,720+,4.87%
 05-25-2018,CITIGROUP INC,Mortgage,Mortgage,Offline,15 Year Fixed,15,$3793.1 ,4.375%,,20%,500000,720+,4.621%
 05-25-2018,CITIGROUP INC,Mortgage,Mortgage,Offline,30 Year Fixed,30,$2496.43 ,4.375%,,20%,500000,720+,4.526%
