Date,Bank_Name,Bank_Product,Bank_Product_Type,Bank_Offer_Feature,Bank_Product_Name,Product_Term,Balance,Product_Interest,Product_Apy,Mortgage_Down_Payment,Mortgage_Loan,Min_Credit_Score_Mortagage,Mortgage_Apr
 05-30-2018,SUNTRUST BANKS INC,Mortgages,Mortgages,Offline,Agency 30 Year Fixed,30,,4.625%,,20%,200000,720,4.7058%
 05-30-2018,SUNTRUST BANKS INC,Mortgages,Mortgages,Offline,Agency 15 Year Fixed,15,,3.990%,,20%,200000,720,4.1204%
 05-30-2018,SUNTRUST BANKS INC,Mortgages,Mortgages,Offline,Jumbo 30 Year Fixed,30,,4.675%,,25%,500000,720,4.7141%
 05-30-2018,SUNTRUST BANKS INC,Mortgages,Mortgages,Offline,Agency 30 Year 5/1 ARM,30,,4.300%,,20%,200000,720,4.8172%
 05-30-2018,SUNTRUST BANKS INC,Mortgages,Mortgages,Offline,Agency 30 Year 7/1 ARM,30,,4.125%,,20%,200000,720,4.6594%
 05-30-2018,SUNTRUST BANKS INC,Mortgages,Mortgages,Offline,FHA 30 Year Fixed,30,,4.400%,,5%,200000,660,5.4925%
 05-30-2018,SUNTRUST BANKS INC,Mortgages,Mortgages,Offline,VA 30 Year Fixed,30,,4.400%,,0%,200000,720,4.6615%
 05-30-2018,SUNTRUST BANKS INC,Mortgages,Mortgages,Offline,VA 15 Year Fixed,15,,4.000%,,0%,200000,720,4.4724%
 05-30-2018,SUNTRUST BANKS INC,Mortgages,Mortgages,Offline,VA 30 Year 5/1 ARM,30,,4.990%,,0%,200000,720,5.0159%
