Date,Bank_Name,Bank_Product,Bank_Product_Type,Bank_Offer_Feature,Bank_Product_Name,Product_Term,Balance,Product_Interest,Product_Apy,Mortgage_Down_Payment,Mortgage_Loan,Min_Credit_Score_Mortagage,Mortgage_Apr
 05-25-2018,PNC FINANCIAL SERVICES GROUP INC,Mortgages,Mortgages,Offline,FHA 30 Yr Fixed,30,,4.625%,,20%,100000,720+,5.493%
 05-25-2018,PNC FINANCIAL SERVICES GROUP INC,Mortgages,Mortgages,Offline,FHA 15 Yr Fixed,15,,4.5%,,20%,100000,720+,5.591%
 05-25-2018,PNC FINANCIAL SERVICES GROUP INC,Mortgages,Mortgages,Offline,FHA 30 Yr Fixed,30,,4.375%,,20%,300000,720+,5.2%
 05-25-2018,PNC FINANCIAL SERVICES GROUP INC,Mortgages,Mortgages,Offline,FHA 15 Yr Fixed,15,,4.0%,,20%,300000,720+,5.014%
 05-25-2018,PNC FINANCIAL SERVICES GROUP INC,Mortgages,Mortgages,Offline,FHA 30 YR FIXED,30,,4.25%,,20%,500000,720+,5.061%
 05-25-2018,PNC FINANCIAL SERVICES GROUP INC,Mortgages,Mortgages,Offline,FHA 5-1 ARM,30,,4.75%,,20%,500000,720+,5.427%
 05-25-2018,PNC FINANCIAL SERVICES GROUP INC,Mortgages,Mortgages,Offline,VA 30 Yr Fixed,30,,4.75%,,20%,100000,720+,5.076%
 05-25-2018,PNC FINANCIAL SERVICES GROUP INC,Mortgages,Mortgages,Offline,VA 15 Yr Fixed,15,,4.5%,,20%,100000,720+,5.1%
 05-25-2018,PNC FINANCIAL SERVICES GROUP INC,Mortgages,Mortgages,Offline,VA 30 Yr Fixed,30,,4.375%,,20%,300000,720+,4.682%
 05-25-2018,PNC FINANCIAL SERVICES GROUP INC,Mortgages,Mortgages,Offline,VA 15 Yr Fixed,15,,4.0%,,20%,300000,720+,4.513%
 05-25-2018,PNC FINANCIAL SERVICES GROUP INC,Mortgages,Mortgages,Offline,VA 30 YR FIXED,30,,4.25%,,20%,500000,720+,4.539%
 05-25-2018,PNC FINANCIAL SERVICES GROUP INC,Mortgages,Mortgages,Offline,VA 5-1 ARM,30,,4.75%,,20%,500000,720+,4.846%
 05-25-2018,PNC FINANCIAL SERVICES GROUP INC,Mortgages,Mortgages,Offline,3-1 ARM,30,,4.0%,,20%,100000,720+,5.07%
 05-25-2018,PNC FINANCIAL SERVICES GROUP INC,Mortgages,Mortgages,Offline,5-1 ARM,30,,4.0%,,20%,100000,720+,4.96%
 05-25-2018,PNC FINANCIAL SERVICES GROUP INC,Mortgages,Mortgages,Offline,7-1 ARM,30,,4.125%,,20%,100000,720+,4.903%
 05-25-2018,PNC FINANCIAL SERVICES GROUP INC,Mortgages,Mortgages,Offline,10-1 ARM,30,,4.375%,,20%,100000,720+,4.895%
 05-25-2018,PNC FINANCIAL SERVICES GROUP INC,Mortgages,Mortgages,Offline,3-1 ARM,30,,3.75%,,20%,300000,720+,4.957%
 05-25-2018,PNC FINANCIAL SERVICES GROUP INC,Mortgages,Mortgages,Offline,5-1 ARM,30,,3.875%,,20%,300000,720+,4.844%
 05-25-2018,PNC FINANCIAL SERVICES GROUP INC,Mortgages,Mortgages,Offline,7-1 ARM,30,,4.0%,,20%,300000,720+,4.786%
 05-25-2018,PNC FINANCIAL SERVICES GROUP INC,Mortgages,Mortgages,Offline,10-1 ARM,30,,4.25%,,20%,300000,720+,4.761%
 05-25-2018,PNC FINANCIAL SERVICES GROUP INC,Mortgages,Mortgages,Offline,5-1 YR ARM,30,,3.25%,,20%,500000,720+,4.824%
 05-25-2018,PNC FINANCIAL SERVICES GROUP INC,Mortgages,Mortgages,Offline,7-1 YR ARM,30,,3.5%,,20%,500000,720+,4.714%
 05-25-2018,PNC FINANCIAL SERVICES GROUP INC,Mortgages,Mortgages,Offline,10-1 YR ARM,30,,3.75%,,20%,500000,720+,4.595%
 05-25-2018,PNC FINANCIAL SERVICES GROUP INC,Mortgages,Mortgages,Offline,30 Yr Fixed,30,,4.75%,,20%,100000,720+,4.954%
 05-25-2018,PNC FINANCIAL SERVICES GROUP INC,Mortgages,Mortgages,Offline,20 Yr Fixed,20,,4.5%,,20%,100000,720+,4.774%
 05-25-2018,PNC FINANCIAL SERVICES GROUP INC,Mortgages,Mortgages,Offline,15 Yr Fixed,15,,4.125%,,20%,100000,720+,4.488%
 05-25-2018,PNC FINANCIAL SERVICES GROUP INC,Mortgages,Mortgages,Offline,10 Yr Fixed,10,,4.0%,,20%,100000,720+,4.548%
 05-25-2018,PNC FINANCIAL SERVICES GROUP INC,Mortgages,Mortgages,Offline,30 Yr Fixed,30,,4.5%,,20%,300000,720+,4.632%
 05-25-2018,PNC FINANCIAL SERVICES GROUP INC,Mortgages,Mortgages,Offline,20 Yr Fixed,20,,4.25%,,20%,300000,720+,4.413%
 05-25-2018,PNC FINANCIAL SERVICES GROUP INC,Mortgages,Mortgages,Offline,15 Yr Fixed,15,,3.875%,,20%,300000,720+,4.117%
 05-25-2018,PNC FINANCIAL SERVICES GROUP INC,Mortgages,Mortgages,Offline,10 Yr Fixed,10,,3.75%,,20%,300000,720+,4.071%
 05-25-2018,PNC FINANCIAL SERVICES GROUP INC,Mortgages,Mortgages,Offline,30 YR FIXED,30,,4.25%,,20%,500000,720+,4.322%
 05-25-2018,PNC FINANCIAL SERVICES GROUP INC,Mortgages,Mortgages,Offline,15 YR FIXED,15,,3.875%,,20%,500000,720+,4.074%
