Date,Bank_Name,Bank_Product,Bank_Product_Type,Bank_Offer_Feature,Bank_Product_Name,Product_Term,Balance,Product_Interest,Product_Apy,Mortgage_Down_Payment,Mortgage_Loan,Min_Credit_Score_Mortagage,Mortgage_Apr
05-30-2018,CITIGROUP INC,Deposits,Checking,Offline,Interest Checking Account,,"Below $25,000",0.01%,0.01%,,,,
05-30-2018,CITIGROUP INC,Deposits,Checking,Offline,Interest Checking Account,,"$25,000-$49,999.99",0.01%,0.01%,,,,
05-30-2018,CITIGROUP INC,Deposits,Checking,Offline,Interest Checking Account,,"$50,000+",0.01%,0.01%,,,,
05-30-2018,CITIGROUP INC,Deposits,Savings,Offline,Citibank Account Package1,,"Below $10,000",0.04%,0.04%,,,,
05-30-2018,CITIGROUP INC,Deposits,Savings,Offline,Citibank Account Package1,,"$10,000-$24,999.99",0.04%,0.04%,,,,
05-30-2018,CITIGROUP INC,Deposits,Savings,Offline,Citibank Account Package1,,"$25,000-$49,999.99",0.08%,0.08%,,,,
05-30-2018,CITIGROUP INC,Deposits,Savings,Offline,Citibank Account Package1,,"$50,000-$99,999.99",0.08%,0.08%,,,,
05-30-2018,CITIGROUP INC,Deposits,Savings,Offline,Citibank Account Package1,,"$100,000-$499,999.99",0.10%,0.10%,,,,
05-30-2018,CITIGROUP INC,Deposits,Savings,Offline,Citibank Account Package1,,"$500,000-$999,999.99",0.13%,0.13%,,,,
05-30-2018,CITIGROUP INC,Deposits,Savings,Offline,Citibank Account Package1,,"$1,000,000+",0.13%,0.13%,,,,
05-30-2018,CITIGROUP INC,Deposits,Savings,Offline,Basic Banking Package,,"Below $10,000",0.04%,0.04%,,,,
05-30-2018,CITIGROUP INC,Deposits,Savings,Offline,Basic Banking Package,,"$10,000-$24,999.99",0.04%,0.04%,,,,
05-30-2018,CITIGROUP INC,Deposits,Savings,Offline,Basic Banking Package,,"$25,000-$49,999.99",0.06%,0.06%,,,,
05-30-2018,CITIGROUP INC,Deposits,Savings,Offline,Basic Banking Package,,"$50,000-$99,999.99",0.06%,0.06%,,,,
05-30-2018,CITIGROUP INC,Deposits,Savings,Offline,Basic Banking Package,,"$100,000-$499,999.99",0.06%,0.06%,,,,
05-30-2018,CITIGROUP INC,Deposits,Savings,Offline,Basic Banking Package,,"$500,000-$999,999.99",0.06%,0.06%,,,,
05-30-2018,CITIGROUP INC,Deposits,Savings,Offline,Basic Banking Package,,"$1,000,000+",0.06%,0.06%,,,,
05-30-2018,CITIGROUP INC,Deposits,Savings,Offline,Access Account Package,,"Below $10,000",0.04%,0.04%,,,,
05-30-2018,CITIGROUP INC,Deposits,Savings,Offline,Access Account Package,,"$10,000-$24,999.99",0.04%,0.04%,,,,
05-30-2018,CITIGROUP INC,Deposits,Savings,Offline,Access Account Package,,"$25,000-$49,999.99",0.06%,0.06%,,,,
05-30-2018,CITIGROUP INC,Deposits,Savings,Offline,Access Account Package,,"$50,000-$99,999.99",0.06%,0.06%,,,,
05-30-2018,CITIGROUP INC,Deposits,Savings,Offline,Access Account Package,,"$100,000-$499,999.99",0.06%,0.06%,,,,
05-30-2018,CITIGROUP INC,Deposits,Savings,Offline,Access Account Package,,"$500,000-$999,999.99",0.06%,0.06%,,,,
05-30-2018,CITIGROUP INC,Deposits,Savings,Offline,Access Account Package,,"$1,000,000+",0.06%,0.06%,,,,
05-30-2018,CITIGROUP INC,Deposits,CD,Offline,3 months,3,"Below $10,000",0.05%,0.05%,,,,
05-30-2018,CITIGROUP INC,Deposits,CD,Offline,3 months,3,"$10,000-$24,999.99",0.05%,0.05%,,,,
05-30-2018,CITIGROUP INC,Deposits,CD,Offline,3 months,3,"$25,000-$49,999.99",0.05%,0.05%,,,,
05-30-2018,CITIGROUP INC,Deposits,CD,Offline,3 months,3,"$50,000-$99,999.99",0.05%,0.05%,,,,
05-30-2018,CITIGROUP INC,Deposits,CD,Offline,3 months,3,"$100,000-$499,999.99",0.05%,0.05%,,,,
05-30-2018,CITIGROUP INC,Deposits,CD,Offline,3 months,3,"$500,000-$999,999.99",0.05%,0.05%,,,,
05-30-2018,CITIGROUP INC,Deposits,CD,Offline,3 months,3,"$1,000,000+",0.05%,0.05%,,,,
05-30-2018,CITIGROUP INC,Deposits,CD,Offline,6 months,6,"Below $10,000",0.07%,0.07%,,,,
05-30-2018,CITIGROUP INC,Deposits,CD,Offline,6 months,6,"$10,000-$24,999.99",0.07%,0.07%,,,,
05-30-2018,CITIGROUP INC,Deposits,CD,Offline,6 months,6,"$25,000-$49,999.99",0.07%,0.07%,,,,
05-30-2018,CITIGROUP INC,Deposits,CD,Offline,6 months,6,"$50,000-$99,999.99",0.07%,0.07%,,,,
05-30-2018,CITIGROUP INC,Deposits,CD,Offline,6 months,6,"$100,000-$499,999.99",0.07%,0.07%,,,,
05-30-2018,CITIGROUP INC,Deposits,CD,Offline,6 months,6,"$500,000-$999,999.99",0.07%,0.07%,,,,
05-30-2018,CITIGROUP INC,Deposits,CD,Offline,6 months,6,"$1,000,000+",0.07%,0.07%,,,,
05-30-2018,CITIGROUP INC,Deposits,CD,Offline,1 year,12,"Below $10,000",0.25%,0.25%,,,,
05-30-2018,CITIGROUP INC,Deposits,CD,Offline,1 year,12,"$10,000-$24,999.99",0.25%,0.25%,,,,
05-30-2018,CITIGROUP INC,Deposits,CD,Offline,1 year,12,"$25,000-$49,999.99",0.25%,0.25%,,,,
05-30-2018,CITIGROUP INC,Deposits,CD,Offline,1 year,12,"$50,000-$99,999.99",0.25%,0.25%,,,,
05-30-2018,CITIGROUP INC,Deposits,CD,Offline,1 year,12,"$100,000-$499,999.99",0.25%,0.25%,,,,
05-30-2018,CITIGROUP INC,Deposits,CD,Offline,1 year,12,"$500,000-$999,999.99",0.25%,0.25%,,,,
05-30-2018,CITIGROUP INC,Deposits,CD,Offline,1 year,12,"$1,000,000+",0.25%,0.25%,,,,
05-30-2018,CITIGROUP INC,Deposits,CD,Offline,2 years,24,"Below $10,000",0.50%,0.50%,,,,
05-30-2018,CITIGROUP INC,Deposits,CD,Offline,2 years,24,"$10,000-$24,999.99",0.50%,0.50%,,,,
05-30-2018,CITIGROUP INC,Deposits,CD,Offline,2 years,24,"$25,000-$49,999.99",0.50%,0.50%,,,,
05-30-2018,CITIGROUP INC,Deposits,CD,Offline,2 years,24,"$50,000-$99,999.99",0.50%,0.50%,,,,
05-30-2018,CITIGROUP INC,Deposits,CD,Offline,2 years,24,"$100,000-$499,999.99",0.50%,0.50%,,,,
05-30-2018,CITIGROUP INC,Deposits,CD,Offline,2 years,24,"$500,000-$999,999.99",0.50%,0.50%,,,,
05-30-2018,CITIGROUP INC,Deposits,CD,Offline,2 years,24,"$1,000,000+",0.50%,0.50%,,,,
05-30-2018,CITIGROUP INC,Deposits,CD,Offline,3 years,36,"Below $10,000",0.70%,0.70%,,,,
05-30-2018,CITIGROUP INC,Deposits,CD,Offline,3 years,36,"$10,000-$24,999.99",0.70%,0.70%,,,,
05-30-2018,CITIGROUP INC,Deposits,CD,Offline,3 years,36,"$25,000-$49,999.99",0.70%,0.70%,,,,
05-30-2018,CITIGROUP INC,Deposits,CD,Offline,3 years,36,"$50,000-$99,999.99",0.70%,0.70%,,,,
05-30-2018,CITIGROUP INC,Deposits,CD,Offline,3 years,36,"$100,000-$499,999.99",0.70%,0.70%,,,,
05-30-2018,CITIGROUP INC,Deposits,CD,Offline,3 years,36,"$500,000-$999,999.99",0.70%,0.70%,,,,
05-30-2018,CITIGROUP INC,Deposits,CD,Offline,3 years,36,"$1,000,000+",0.70%,0.70%,,,,
