Date,Bank_Name,Bank_Product,Bank_Product_Type,Bank_Offer_Feature,Bank_Product_Name,Product_Term,Balance,Product_Interest,Product_Apy,Mortgage_Down_Payment,Mortgage_Loan,Min_Credit_Score_Mortagage,Mortgage_Apr
05-30-2018,PNC FINANCIAL SERVICES GROUP INC,Deposits,Checking,Offline,Performance Interest Checking,,10000.0-49999.99,0.01%,0.01%,,,,
05-30-2018,PNC FINANCIAL SERVICES GROUP INC,Deposits,Checking,Offline,Performance Interest Checking,,50000.0-99999.99,0.01%,0.01%,,,,
05-30-2018,PNC FINANCIAL SERVICES GROUP INC,Deposits,Checking,Offline,Performance Interest Checking,,100000.0andabove,0.01%,0.01%,,,,
05-30-2018,PNC FINANCIAL SERVICES GROUP INC,Deposits,Checking,Offline,Performance Select Interest Checking,,2000.0-9999.99,0.01%,0.01%,,,,
05-30-2018,PNC FINANCIAL SERVICES GROUP INC,Deposits,Checking,Offline,Performance Select Interest Checking,,10000.0-49999.99,0.01%,0.01%,,,,
05-30-2018,PNC FINANCIAL SERVICES GROUP INC,Deposits,Checking,Offline,Performance Select Interest Checking,,50000.0-99999.99,0.01%,0.01%,,,,
05-30-2018,PNC FINANCIAL SERVICES GROUP INC,Deposits,Checking,Offline,Performance Select Interest Checking,,100000.0andabove,0.01%,0.01%,,,,
05-30-2018,PNC FINANCIAL SERVICES GROUP INC,Deposits,Savings,Offline,Standard Rates,,1.0-2499.99,0.01%,0.01%,,,,
05-30-2018,PNC FINANCIAL SERVICES GROUP INC,Deposits,Savings,Offline,Standard Rates,,2500.0andabove,0.01%,0.01%,,,,
05-30-2018,PNC FINANCIAL SERVICES GROUP INC,Deposits,Savings,Offline,'S' is for Savings,,1.0-499.99,0.01%,0.01%,,,,
05-30-2018,PNC FINANCIAL SERVICES GROUP INC,Deposits,Savings,Offline,'S' is for Savings,,500.0-1499.99,0.01%,0.01%,,,,
05-30-2018,PNC FINANCIAL SERVICES GROUP INC,Deposits,Savings,Offline,'S' is for Savings,,1500.0andabove,0.01%,0.01%,,,,
05-30-2018,PNC FINANCIAL SERVICES GROUP INC,Deposits,Savings,Offline,"Premiere
														Money Market Account ",,1.0-9999.99,0.03%,0.03%,,,,
05-30-2018,PNC FINANCIAL SERVICES GROUP INC,Deposits,Savings,Offline,"Premiere
														Money Market Account ",,10000.0-24999.99,0.09%,0.09%,,,,
05-30-2018,PNC FINANCIAL SERVICES GROUP INC,Deposits,Savings,Offline,"Premiere
														Money Market Account ",,25000.0-49999.99,0.11%,0.11%,,,,
05-30-2018,PNC FINANCIAL SERVICES GROUP INC,Deposits,Savings,Offline,"Premiere
														Money Market Account ",,50000.0-99999.99,0.13%,0.13%,,,,
05-30-2018,PNC FINANCIAL SERVICES GROUP INC,Deposits,Savings,Offline,"Premiere
														Money Market Account ",,100000.0-249999.99,0.15%,0.15%,,,,
05-30-2018,PNC FINANCIAL SERVICES GROUP INC,Deposits,Savings,Offline,"Premiere
														Money Market Account ",,250000.0-499999.99,0.15%,0.15%,,,,
05-30-2018,PNC FINANCIAL SERVICES GROUP INC,Deposits,Savings,Offline,"Premiere
														Money Market Account ",,500000.0-999999.99,0.17%,0.17%,,,,
05-30-2018,PNC FINANCIAL SERVICES GROUP INC,Deposits,Savings,Offline,"Premiere
														Money Market Account ",,1000000.0andabove,0.17%,0.17%,,,,
05-30-2018,PNC FINANCIAL SERVICES GROUP INC,Deposits,CD,Offline,Fixed Rate Certificate of Deposit,6,1.0-999.99,0.04%,0.04%,,,,
05-30-2018,PNC FINANCIAL SERVICES GROUP INC,Deposits,CD,Offline,Fixed Rate Certificate of Deposit,6,1000.0-9999.99,0.06%,0.06%,,,,
05-30-2018,PNC FINANCIAL SERVICES GROUP INC,Deposits,CD,Offline,Fixed Rate Certificate of Deposit,6,10000.0-24999.99,0.08%,0.08%,,,,
05-30-2018,PNC FINANCIAL SERVICES GROUP INC,Deposits,CD,Offline,Fixed Rate Certificate of Deposit,6,25000.0-99999.99,0.1%,0.1%,,,,
05-30-2018,PNC FINANCIAL SERVICES GROUP INC,Deposits,CD,Offline,Fixed Rate Certificate of Deposit,6,100000.0-499999.99,0.12%,0.12%,,,,
05-30-2018,PNC FINANCIAL SERVICES GROUP INC,Deposits,CD,Offline,Fixed Rate Certificate of Deposit,6,500000.0andabove,0.14%,0.14%,,,,
05-30-2018,PNC FINANCIAL SERVICES GROUP INC,Deposits,CD,Offline,Fixed Rate Certificate of Deposit,12,1.0-999.99,0.04%,0.04%,,,,
05-30-2018,PNC FINANCIAL SERVICES GROUP INC,Deposits,CD,Offline,Fixed Rate Certificate of Deposit,12,1000.0-9999.99,0.15%,0.15%,,,,
05-30-2018,PNC FINANCIAL SERVICES GROUP INC,Deposits,CD,Offline,Fixed Rate Certificate of Deposit,12,10000.0-24999.99,0.18%,0.18%,,,,
05-30-2018,PNC FINANCIAL SERVICES GROUP INC,Deposits,CD,Offline,Fixed Rate Certificate of Deposit,12,25000.0-99999.99,0.2%,0.2%,,,,
05-30-2018,PNC FINANCIAL SERVICES GROUP INC,Deposits,CD,Offline,Fixed Rate Certificate of Deposit,12,100000.0-499999.99,0.22%,0.22%,,,,
05-30-2018,PNC FINANCIAL SERVICES GROUP INC,Deposits,CD,Offline,Fixed Rate Certificate of Deposit,12,500000.0andabove,0.24%,0.24%,,,,
05-30-2018,PNC FINANCIAL SERVICES GROUP INC,Deposits,CD,Offline,Fixed Rate Certificate of Deposit,36,1.0-999.99,0.04%,0.04%,,,,
05-30-2018,PNC FINANCIAL SERVICES GROUP INC,Deposits,CD,Offline,Fixed Rate Certificate of Deposit,36,1000.0-9999.99,0.3%,0.3%,,,,
05-30-2018,PNC FINANCIAL SERVICES GROUP INC,Deposits,CD,Offline,Fixed Rate Certificate of Deposit,36,10000.0-24999.99,0.35%,0.35%,,,,
05-30-2018,PNC FINANCIAL SERVICES GROUP INC,Deposits,CD,Offline,Fixed Rate Certificate of Deposit,36,25000.0-99999.99,0.4%,0.4%,,,,
05-30-2018,PNC FINANCIAL SERVICES GROUP INC,Deposits,CD,Offline,Fixed Rate Certificate of Deposit,36,100000.0-499999.99,0.45%,0.45%,,,,
05-30-2018,PNC FINANCIAL SERVICES GROUP INC,Deposits,CD,Offline,Fixed Rate Certificate of Deposit,36,500000.0andabove,0.5%,0.5%,,,,
05-30-2018,PNC FINANCIAL SERVICES GROUP INC,Deposits,CD,Offline,Ready Access Certificate of Deposit,12,1000.0 and above,0.15%,0.15%,,,,
