Date,Bank_Name,Bank_Product,Bank_Product_Type,Bank_Offer_Feature,Bank_Product_Name,Product_Term,Balance,Product_Interest,Product_Apy,Mortgage_Down_Payment,Mortgage_Loan,Min_Credit_Score_Mortagage,Mortgage_Apr
05-25-2018,ALLY,Mortgages,Mortgages,Online,Fixed Rate Mortgage _ 30-yr,30,,4.625%,,20%,"300,000",720+,4.658%
05-25-2018,ALLY,Mortgages,Mortgages,Online,Fixed Rate Mortgage _ 25-yr,25,,4.750%,,20%,"300,000",720+,4.750%
05-25-2018,ALLY,Mortgages,Mortgages,Online,Fixed Rate Mortgage _ 20-yr,20,,4.500%,,20%,"300,000",720+,4.503%
05-25-2018,ALLY,Mortgages,Mortgages,Online,Fixed Rate Mortgage _ 15-yr,15,,4.125%,,20%,"300,000",720+,4.160%
05-25-2018,ALLY,Mortgages,Mortgages,Online,Fixed Rate Mortgage _ 10-yr,10,,4.250%,,20%,"300,000",720+,4.311%
05-25-2018,ALLY,Mortgages,Mortgages,Online,Adjustable Rate Mortgage _ 10/1,30,,4.750%,,20%,"300,000",720+,4.888%
05-25-2018,ALLY,Mortgages,Mortgages,Online,Adjustable Rate Mortgage _ 7/1,30,,4.750%,,20%,"300,000",720+,4.929%
05-25-2018,ALLY,Mortgages,Mortgages,Online,Adjustable Rate Mortgage _ 5/1,30,,4.750%,,20%,"300,000",720+,4.943%
,,,,,,,,,,,,,
,,,,,,,,,,,,,
,,,,,,,,,,,,,
,,,,,,,,,,,,,
,,,,,,,,,,,,,
,,,,,,,,,,,,,
,,,,,,,,,,,,,
,,,,,,,,,,,,,
,,,,,,,,,,,,,
,,,,,,,,,,,,,
,,,,,,,,,,,,,
,,,,,,,,,,,,,
,,,,,,,,,,,,,
,,,,,,,,,,,,,
,,,,,,,,,,,,,
,,,,,,,,,,,,,
,,,,,,,,,,,,,
,,,,,,,,,,,,,
,,,,,,,,,,,,,
,,,,,,,,,,,,,
,,,,,,,,,,,,,
,,,,,,,,,,,,,
,,,,,,,,,,,,,
,,,,,,,,,,,,,
,,,,,,,,,,,,,
,,,,,,,,,,,,,
,,,,,,,,,,,,,
,,,,,,,,,,,,,
,,,,,,,,,,,,,
