Date,Bank_Name,Bank_Product,Bank_Product_Type,Bank_Offer_Feature,Bank_Product_Name,Product_Term,Balance,Product_Interest,Product_Apy,Mortgage_Down_Payment,Mortgage_Loan,Min_Credit_Score_Mortagage,Mortgage_Apr
05-30-2018,WELLS FARGO,Deposits,Savings,Offline,Wells Fargo Way2Save Savings,,0,0.01%,0.01%,,,,
05-30-2018,WELLS FARGO,Deposits,Savings,Offline,Platinum Savings - Standard Interest Rate,,0-99999,0.03%,0.03%,,,,
05-30-2018,WELLS FARGO,Deposits,Savings,Offline,Platinum Savings - Standard Interest Rate,,100000,0.05%,0.05%,,,,
05-30-2018,WELLS FARGO,Deposits,CD,Offline,Standard CD Rates,6.0,0-4999,0.05%,0.05%,,,,
05-30-2018,WELLS FARGO,Deposits,CD,Offline,Standard CD Rates,6.0,5000-9999,0.05%,0.05%,,,,
05-30-2018,WELLS FARGO,Deposits,CD,Offline,Standard CD Rates,6.0,10000-24999,0.05%,0.05%,,,,
05-30-2018,WELLS FARGO,Deposits,CD,Offline,Standard CD Rates,6.0,25000-49999,0.05%,0.05%,,,,
05-30-2018,WELLS FARGO,Deposits,CD,Offline,Standard CD Rates,6.0,50000-99999,0.05%,0.05%,,,,
05-30-2018,WELLS FARGO,Deposits,CD,Offline,Standard CD Rates,6.0,"100,000",0.05%,0.05%,,,,
05-30-2018,WELLS FARGO,Deposits,CD,Offline,Standard CD Rates,12.0,0-4999,0.10%,0.10%,,,,
05-30-2018,WELLS FARGO,Deposits,CD,Offline,Standard CD Rates,12.0,5000-9999,0.10%,0.10%,,,,
05-30-2018,WELLS FARGO,Deposits,CD,Offline,Standard CD Rates,12.0,10000-24999,0.10%,0.10%,,,,
05-30-2018,WELLS FARGO,Deposits,CD,Offline,Standard CD Rates,12.0,25000-49999,0.10%,0.10%,,,,
05-30-2018,WELLS FARGO,Deposits,CD,Offline,Standard CD Rates,12.0,50000-99999,0.10%,0.10%,,,,
05-30-2018,WELLS FARGO,Deposits,CD,Offline,Standard CD Rates,12.0,"100,000",0.10%,0.10%,,,,
05-30-2018,WELLS FARGO,Deposits,Checking,Offline,Wells Fargo Everyday Checking,,,,,,,,
