Date,Bank_Name,Bank_Product,Bank_Product_Type,Bank_Offer_Feature,Bank_Product_Name,Product_Term,Balance,Product_Interest,Product_Apy,Mortgage_Down_Payment,Mortgage_Loan,Min_Credit_Score_Mortagage,Mortgage_Apr
 05-30-2018,CITIGROUP INC,Mortgage,Mortgage,Offline,10 Year Fixed,10,$1012.45 ,4.000%,,20%,100000,720+,4.752%
 05-30-2018,CITIGROUP INC,Mortgage,Mortgage,Offline,30 Year Fixed,30,$514.14 ,4.625%,,20%,100000,720+,4.944%
 05-30-2018,CITIGROUP INC,Mortgage,Mortgage,Offline,3/1 Libor ARM,30,$484.65 ,4.125%,,20%,100000,720+,5.106%
 05-30-2018,CITIGROUP INC,Mortgage,Mortgage,Offline,5/1 Libor ARM,30,$470.24 ,3.875%,,20%,100000,720+,4.904%
 05-30-2018,CITIGROUP INC,Mortgage,Mortgage,Offline,10/1 Libor ARM,30,$484.65 ,4.125%,,20%,100000,720+,4.77%
 05-30-2018,CITIGROUP INC,Mortgage,Mortgage,Offline,20 Year Fixed,20,$632.65 ,4.500%,,20%,100000,720+,4.918%
 05-30-2018,CITIGROUP INC,Mortgage,Mortgage,Offline,7/1 Libor ARM,30,$477.42 ,4.000%,,20%,100000,720+,4.824%
 05-30-2018,CITIGROUP INC,Mortgage,Mortgage,Offline,15 Year Fixed,15,$739.69 ,4.000%,,20%,100000,720+,4.544%
 05-30-2018,CITIGROUP INC,Mortgage,Mortgage,Offline,5/1 Libor ARM,30,$1410.71 ,3.875%,,20%,300000,720+,4.752%
 05-30-2018,CITIGROUP INC,Mortgage,Mortgage,Offline,3/1 Libor ARM,30,$1453.95 ,4.125%,,20%,300000,720+,4.95%
 05-30-2018,CITIGROUP INC,Mortgage,Mortgage,Offline,30 Year Fixed,30,$1542.42 ,4.625%,,20%,300000,720+,4.787%
 05-30-2018,CITIGROUP INC,Mortgage,Mortgage,Offline,7/1 Libor ARM,30,$1432.25 ,4.000%,,20%,300000,720+,4.673%
 05-30-2018,CITIGROUP INC,Mortgage,Mortgage,Offline,20 Year Fixed,20,$1897.95 ,4.500%,,20%,300000,720+,4.706%
 05-30-2018,CITIGROUP INC,Mortgage,Mortgage,Offline,10 Year Fixed,10,$3037.35 ,4.000%,,20%,300000,720+,4.371%
 05-30-2018,CITIGROUP INC,Mortgage,Mortgage,Offline,10/1 Libor ARM,30,$1453.95 ,4.125%,,20%,300000,720+,4.618%
 05-30-2018,CITIGROUP INC,Mortgage,Mortgage,Offline,15 Year Fixed,15,$2219.06 ,4.000%,,20%,300000,720+,4.277%
 05-30-2018,CITIGROUP INC,Mortgage,Mortgage,Offline,7/1 Libor ARM,30,$2315.58 ,3.750%,,20%,500000,720+,4.534%
 05-30-2018,CITIGROUP INC,Mortgage,Mortgage,Offline,5/1 Libor ARM,30,$2351.19 ,3.875%,,20%,500000,720+,4.722%
 05-30-2018,CITIGROUP INC,Mortgage,Mortgage,Offline,15 Year Fixed,15,$3761.39 ,4.250%,,20%,500000,720+,4.477%
 05-30-2018,CITIGROUP INC,Mortgage,Mortgage,Offline,30 Year Fixed,30,$2459.7 ,4.250%,,20%,500000,720+,4.379%
 05-30-2018,CITIGROUP INC,Mortgage,Mortgage,Offline,10 Year Fixed,10,$5121.88 ,4.250%,,20%,500000,720+,4.548%
 05-30-2018,CITIGROUP INC,Mortgage,Mortgage,Offline,3/1 Libor ARM,30,$2315.58 ,3.750%,,20%,500000,720+,4.84%
 05-30-2018,CITIGROUP INC,Mortgage,Mortgage,Offline,10/1 Libor ARM,30,$2387.08 ,4.000%,,20%,500000,720+,4.51%
 05-30-2018,CITIGROUP INC,Mortgage,Mortgage,Offline,20 Year Fixed,20,$3129.61 ,4.375%,,20%,500000,720+,4.524%
