Date,Bank_Name,Bank_Product,Bank_Product_Type,Bank_Offer_Feature,Bank_Product_Name,Product_Term,Balance,Product_Interest,Product_Apy,Mortgage_Down_Payment,Mortgage_Loan,Min_Credit_Score_Mortagage,Mortgage_Apr
 05-25-2018,BANK OF AMERICA CORP,Mortgage,Mortgage,Offline,Fixed 30 Years,30,,4.5%,,20%,100000,740+,4.859%
 05-25-2018,BANK OF AMERICA CORP,Mortgage,Mortgage,Offline,Fixed 20 Years,20,,4.25%,,20%,100000,740+,4.766%
 05-25-2018,BANK OF AMERICA CORP,Mortgage,Mortgage,Offline,Fixed 15 Years,15,,4.0%,,20%,100000,740+,4.616%
 05-25-2018,BANK OF AMERICA CORP,Mortgage,Mortgage,Offline,10/1 ARM variable,30,,4.25%,,20%,100000,740+,4.884%
 05-25-2018,BANK OF AMERICA CORP,Mortgage,Mortgage,Offline,7/1 ARM variable,30,,4.0%,,20%,100000,740+,4.874%
 05-25-2018,BANK OF AMERICA CORP,Mortgage,Mortgage,Offline,5/1 ARM variable,30,,3.75%,,20%,100000,740+,4.916%
 05-25-2018,BANK OF AMERICA CORP,Mortgage,Mortgage,Offline,Fixed 30 Years,30,,4.375%,,20%,300000,740+,4.722%
 05-25-2018,BANK OF AMERICA CORP,Mortgage,Mortgage,Offline,Fixed 20 Years,20,,4.25%,,20%,300000,740+,4.705%
 05-25-2018,BANK OF AMERICA CORP,Mortgage,Mortgage,Offline,Fixed 15 Years,15,,4.0%,,20%,300000,740+,4.616%
 05-25-2018,BANK OF AMERICA CORP,Mortgage,Mortgage,Offline,10/1 ARM variable,30,,4.125%,,20%,300000,740+,4.799%
 05-25-2018,BANK OF AMERICA CORP,Mortgage,Mortgage,Offline,7/1 ARM variable,30,,3.875%,,20%,300000,740+,4.8%
 05-25-2018,BANK OF AMERICA CORP,Mortgage,Mortgage,Offline,5/1 ARM variable,30,,3.625%,,20%,300000,740+,4.855%
 05-25-2018,BANK OF AMERICA CORP,Mortgage,Mortgage,Offline,Fixed 30 Years,30,,4.375%,,20%,500000,740+,4.722%
 05-25-2018,BANK OF AMERICA CORP,Mortgage,Mortgage,Offline,Fixed 20 Years,20,,4.25%,,20%,500000,740+,4.705%
 05-25-2018,BANK OF AMERICA CORP,Mortgage,Mortgage,Offline,Fixed 15 Years,15,,4.0%,,20%,500000,740+,4.616%
 05-25-2018,BANK OF AMERICA CORP,Mortgage,Mortgage,Offline,10/1 ARM variable,30,,4.125%,,20%,500000,740+,4.799%
 05-25-2018,BANK OF AMERICA CORP,Mortgage,Mortgage,Offline,7/1 ARM variable,30,,3.875%,,20%,500000,740+,4.8%
 05-25-2018,BANK OF AMERICA CORP,Mortgage,Mortgage,Offline,5/1 ARM variable,30,,3.625%,,20%,500000,740+,4.855%
