Date,Bank_Name,Bank_Product,Bank_Product_Type,Bank_Offer_Feature,Bank_Product_Name,Product_Term,Balance,Product_Interest,Product_Apy,Mortgage_Down_Payment,Mortgage_Loan,Min_Credit_Score_Mortagage,Mortgage_Apr
 05-30-2018,PNC FINANCIAL SERVICES GROUP INC,Mortgages,Mortgages,Offline,FHA 30 Yr Fixed,30,,4.375%,,20%,100000,720+,5.245%
 05-30-2018,PNC FINANCIAL SERVICES GROUP INC,Mortgages,Mortgages,Offline,FHA 15 Yr Fixed,15,,4.125%,,20%,100000,720+,5.216%
 05-30-2018,PNC FINANCIAL SERVICES GROUP INC,Mortgages,Mortgages,Offline,FHA 30 Yr Fixed,30,,4.25%,,20%,300000,720+,5.043%
 05-30-2018,PNC FINANCIAL SERVICES GROUP INC,Mortgages,Mortgages,Offline,FHA 15 Yr Fixed,15,,3.75%,,20%,300000,720+,4.804%
 05-30-2018,PNC FINANCIAL SERVICES GROUP INC,Mortgages,Mortgages,Offline,FHA 30 YR FIXED,30,,4.125%,,20%,500000,720+,4.949%
 05-30-2018,PNC FINANCIAL SERVICES GROUP INC,Mortgages,Mortgages,Offline,FHA 5-1 ARM,30,,4.75%,,20%,500000,720+,5.38%
 05-30-2018,PNC FINANCIAL SERVICES GROUP INC,Mortgages,Mortgages,Offline,VA 30 Yr Fixed,30,,4.5%,,20%,100000,720+,4.809%
 05-30-2018,PNC FINANCIAL SERVICES GROUP INC,Mortgages,Mortgages,Offline,VA 15 Yr Fixed,15,,4.125%,,20%,100000,720+,4.717%
 05-30-2018,PNC FINANCIAL SERVICES GROUP INC,Mortgages,Mortgages,Offline,VA 30 Yr Fixed,30,,4.25%,,20%,300000,720+,4.521%
 05-30-2018,PNC FINANCIAL SERVICES GROUP INC,Mortgages,Mortgages,Offline,VA 15 Yr Fixed,15,,3.875%,,20%,300000,720+,4.366%
 05-30-2018,PNC FINANCIAL SERVICES GROUP INC,Mortgages,Mortgages,Offline,VA 30 YR FIXED,30,,4.125%,,20%,500000,720+,4.422%
 05-30-2018,PNC FINANCIAL SERVICES GROUP INC,Mortgages,Mortgages,Offline,VA 5-1 ARM,30,,4.5%,,20%,500000,720+,4.787%
 05-30-2018,PNC FINANCIAL SERVICES GROUP INC,Mortgages,Mortgages,Offline,3-1 ARM,30,,3.75%,,20%,100000,720+,5.037%
 05-30-2018,PNC FINANCIAL SERVICES GROUP INC,Mortgages,Mortgages,Offline,5-1 ARM,30,,3.75%,,20%,100000,720+,4.899%
 05-30-2018,PNC FINANCIAL SERVICES GROUP INC,Mortgages,Mortgages,Offline,7-1 ARM,30,,4.0%,,20%,100000,720+,4.843%
 05-30-2018,PNC FINANCIAL SERVICES GROUP INC,Mortgages,Mortgages,Offline,10-1 ARM,30,,4.125%,,20%,100000,720+,4.785%
 05-30-2018,PNC FINANCIAL SERVICES GROUP INC,Mortgages,Mortgages,Offline,3-1 ARM,30,,3.5%,,20%,300000,720+,4.913%
 05-30-2018,PNC FINANCIAL SERVICES GROUP INC,Mortgages,Mortgages,Offline,5-1 ARM,30,,3.625%,,20%,300000,720+,4.784%
 05-30-2018,PNC FINANCIAL SERVICES GROUP INC,Mortgages,Mortgages,Offline,7-1 ARM,30,,3.875%,,20%,300000,720+,4.716%
 05-30-2018,PNC FINANCIAL SERVICES GROUP INC,Mortgages,Mortgages,Offline,10-1 ARM,30,,4.125%,,20%,300000,720+,4.673%
 05-30-2018,PNC FINANCIAL SERVICES GROUP INC,Mortgages,Mortgages,Offline,5-1 YR ARM,30,,3.0%,,20%,500000,720+,4.773%
 05-30-2018,PNC FINANCIAL SERVICES GROUP INC,Mortgages,Mortgages,Offline,7-1 YR ARM,30,,3.25%,,20%,500000,720+,4.616%
 05-30-2018,PNC FINANCIAL SERVICES GROUP INC,Mortgages,Mortgages,Offline,10-1 YR ARM,30,,3.5%,,20%,500000,720+,4.484%
 05-30-2018,PNC FINANCIAL SERVICES GROUP INC,Mortgages,Mortgages,Offline,30 Yr Fixed,30,,4.625%,,20%,100000,720+,4.793%
 05-30-2018,PNC FINANCIAL SERVICES GROUP INC,Mortgages,Mortgages,Offline,20 Yr Fixed,20,,4.375%,,20%,100000,720+,4.632%
 05-30-2018,PNC FINANCIAL SERVICES GROUP INC,Mortgages,Mortgages,Offline,15 Yr Fixed,15,,4.0%,,20%,100000,720+,4.38%
 05-30-2018,PNC FINANCIAL SERVICES GROUP INC,Mortgages,Mortgages,Offline,10 Yr Fixed,10,,3.875%,,20%,100000,720+,4.421%
 05-30-2018,PNC FINANCIAL SERVICES GROUP INC,Mortgages,Mortgages,Offline,30 Yr Fixed,30,,4.375%,,20%,300000,720+,4.495%
 05-30-2018,PNC FINANCIAL SERVICES GROUP INC,Mortgages,Mortgages,Offline,20 Yr Fixed,20,,4.125%,,20%,300000,720+,4.258%
 05-30-2018,PNC FINANCIAL SERVICES GROUP INC,Mortgages,Mortgages,Offline,15 Yr Fixed,15,,3.75%,,20%,300000,720+,3.991%
 05-30-2018,PNC FINANCIAL SERVICES GROUP INC,Mortgages,Mortgages,Offline,10 Yr Fixed,10,,3.625%,,20%,300000,720+,3.944%
 05-30-2018,PNC FINANCIAL SERVICES GROUP INC,Mortgages,Mortgages,Offline,30 YR FIXED,30,,4.125%,,20%,500000,720+,4.186%
 05-30-2018,PNC FINANCIAL SERVICES GROUP INC,Mortgages,Mortgages,Offline,15 YR FIXED,15,,3.75%,,20%,500000,720+,3.966%
