Date,Bank_Name,Bank_Product,Bank_Product_Type,Bank_Offer_Feature,Bank_Product_Name,Product_Term,Balance,Product_Interest,Product_Apy,Mortgage_Down_Payment,Mortgage_Loan,Min_Credit_Score_Mortagage,Mortgage_Apr
 05-30-2018,SUNTRUST BANKS INC,Deposits,Savings,Offline,Select Savings,,"$1,000",0.01%,0.01%,,,,
 05-30-2018,SUNTRUST BANKS INC,Deposits,Savings,Offline,Select Savings,,"$2,499.99 or less",,,,,,
 05-30-2018,SUNTRUST BANKS INC,Deposits,Savings,Offline,Select Savings,,"$2,500 to $9,999.99",,,,,,
 05-30-2018,SUNTRUST BANKS INC,Deposits,Savings,Offline,Select Savings,,"$10,000 to $24,999.99",,,,,,
 05-30-2018,SUNTRUST BANKS INC,Deposits,Savings,Offline,Select Savings,,"$25,000 to $49,999.99",,,,,,
 05-30-2018,SUNTRUST BANKS INC,Deposits,Savings,Offline,Select Savings,,"$50,000 to $99,999.99",,,,,,
 05-30-2018,SUNTRUST BANKS INC,Deposits,Savings,Offline,Select Savings,,"$100,000 to $249,999.99",,,,,,
 05-30-2018,SUNTRUST BANKS INC,Deposits,Savings,Offline,Select Savings,,"$250,000 to $499,999.99",,,,,,
 05-30-2018,SUNTRUST BANKS INC,Deposits,Savings,Offline,Select Savings,,"$500,000 to $999,999.99",,,,,,
 05-30-2018,SUNTRUST BANKS INC,Deposits,Savings,Offline,Select Savings,,$1 million or more,,,,,,
 05-30-2018,SUNTRUST BANKS INC,Deposits,Savings,Offline,Balanced Banking,,"$3,000",,,,,,
 05-30-2018,SUNTRUST BANKS INC,Deposits,Checking,Offline,Essential Checking,,$500,,,,,,
 05-30-2018,SUNTRUST BANKS INC,Deposits,Checking,Offline,Select Checking,,"$2,499.99 or less",,0.01%,,,,
 05-30-2018,SUNTRUST BANKS INC,Deposits,Checking,Offline,Select Checking,,"$2,500 to $9,999.99",,0.01%,,,,
 05-30-2018,SUNTRUST BANKS INC,Deposits,Checking,Offline,Select Checking,,"$10,000 to $24,999.99",,0.01%,,,,
 05-30-2018,SUNTRUST BANKS INC,Deposits,Checking,Offline,Select Checking,,"$25,000 or more",,0.01%,,,,
 05-30-2018,SUNTRUST BANKS INC,Deposits,Checking,Offline,Signature Advantage Checking,,"$9,999.99 or less",,0.01%,,,,
 05-30-2018,SUNTRUST BANKS INC,Deposits,Checking,Offline,Signature Advantage Checking,,"$10,000 to $24,999.99",,0.01%,,,,
 05-30-2018,SUNTRUST BANKS INC,Deposits,Checking,Offline,Signature Advantage Checking,,"$25,000 to $49,999.99",,0.01%,,,,
 05-30-2018,SUNTRUST BANKS INC,Deposits,Checking,Offline,Signature Advantage Checking,,"$50,000 to $99,999.99",,0.01%,,,,
 05-30-2018,SUNTRUST BANKS INC,Deposits,Checking,Offline,Signature Advantage Checking,,"$100,000 to $249,999.99",,0.01%,,,,
 05-30-2018,SUNTRUST BANKS INC,Deposits,Checking,Offline,Signature Advantage Checking,,"$250,000 to $499,999.99",,0.01%,,,,
 05-30-2018,SUNTRUST BANKS INC,Deposits,Checking,Offline,Signature Advantage Checking,,"$500,000 to $999,999.99",,0.01%,,,,
 05-30-2018,SUNTRUST BANKS INC,Deposits,Checking,Offline,Signature Advantage Checking,,"$1,000,000 to $1,999,999.99",,0.01%,,,,
 05-30-2018,SUNTRUST BANKS INC,Deposits,Checking,Offline,Signature Advantage Checking,,"$2,000,000 or more",,0.01%,,,,
 05-30-2018,SUNTRUST BANKS INC,Deposits,Savings,Offline,Signature Advantage Brokerage,,"$9,999.99 or less",,0.01%,,,,
 05-30-2018,SUNTRUST BANKS INC,Deposits,Savings,Offline,Signature Advantage Brokerage,,"$10,000 to $24,999.99",,0.03%,,,,
 05-30-2018,SUNTRUST BANKS INC,Deposits,Savings,Offline,Signature Advantage Brokerage,,"$25,000 to $49,999.99",,0.05%,,,,
 05-30-2018,SUNTRUST BANKS INC,Deposits,Savings,Offline,Signature Advantage Brokerage,,"$50,000 to $99,999.99",,0.05%,,,,
 05-30-2018,SUNTRUST BANKS INC,Deposits,Savings,Offline,Signature Advantage Brokerage,,"$100,000 to $249,999.99",,0.05%,,,,
 05-30-2018,SUNTRUST BANKS INC,Deposits,Savings,Offline,Signature Advantage Brokerage,,"$250,000 to $499,999.99",,0.05%,,,,
 05-30-2018,SUNTRUST BANKS INC,Deposits,Savings,Offline,Signature Advantage Brokerage,,"$500,000 to $999,999.99",,0.05%,,,,
 05-30-2018,SUNTRUST BANKS INC,Deposits,Savings,Offline,Signature Advantage Brokerage,,"$1,000,000 to $1,999,999.99",,0.05%,,,,
 05-30-2018,SUNTRUST BANKS INC,Deposits,Savings,Offline,Signature Advantage Brokerage,,"$2,000,000 or more",,0.05%,,,,
