Date,Bank_Name,Bank_Product,Bank_Product_Type,Bank_Offer_Feature,Bank_Product_Name,Product_Term,Balance,Product_Interest,Product_Apy,Mortgage_Down_Payment,Mortgage_Loan,Min_Credit_Score_Mortagage,Mortgage_Apr
 05-25-2018,WELLS FARGO,Mortgages,Mortgages,Offline,30-Year Fixed Rate,30,,4.75%,,25.0%,200000,740,4.81%
 05-25-2018,WELLS FARGO,Mortgages,Mortgages,Offline,30-Year Fixed-Rate VA,30,,4.625%,,0.0%,200000,740,4.936%
 05-25-2018,WELLS FARGO,Mortgages,Mortgages,Offline,20-Year Fixed Rate,20,,4.49%,,25.0%,200000,740,4.6%
 05-25-2018,WELLS FARGO,Mortgages,Mortgages,Offline,15-Year Fixed Rate,15,,4.25%,,25.0%,200000,740,4.39%
 05-25-2018,WELLS FARGO,Mortgages,Mortgages,Offline,7/1 ARM,30,,4.375%,,25.0%,200000,740,4.755%
 05-25-2018,WELLS FARGO,Mortgages,Mortgages,Offline,5/1 ARM,30,,4.25%,,25.0%,200000,740,4.791%
 05-25-2018,WELLS FARGO,Mortgages,Mortgages,Offline,30-Year Fixed-Rate Jumbo,30,,4.625%,,25.0%,750000,740,4.646%
 05-25-2018,WELLS FARGO,Mortgages,Mortgages,Offline,15-Year Fixed-Rate Jumbo,15,,4.375%,,25.0%,750000,740,4.412%
 05-25-2018,WELLS FARGO,Mortgages,Mortgages,Offline,7/1 ARM Jumbo,30,,4.125%,,25.0%,750000,740,4.587%
 05-25-2018,WELLS FARGO,Mortgages,Mortgages,Offline,10/1 ARM Jumbo,30,,4.375%,,25.0%,750000,740,4.615%
 05-25-2018,WELLS FARGO,Mortgages,Mortgages,Offline,30-Year Fixed Rate,30,,4.875%,,25.0%,200000,740,4.913%
 05-25-2018,WELLS FARGO,Mortgages,Mortgages,Offline,30-Year Fixed-Rate VA,30,,4.625%,,0.0%,200000,740,4.922%
 05-25-2018,WELLS FARGO,Mortgages,Mortgages,Offline,20-Year Fixed Rate,20,,4.625%,,25.0%,200000,740,4.662%
 05-25-2018,WELLS FARGO,Mortgages,Mortgages,Offline,15-Year Fixed Rate,15,,4.375%,,25.0%,200000,740,4.459%
 05-25-2018,WELLS FARGO,Mortgages,Mortgages,Offline,7/1 ARM,30,,4.375%,,25.0%,200000,740,4.755%
 05-25-2018,WELLS FARGO,Mortgages,Mortgages,Offline,5/1 ARM,30,,4.375%,,25.0%,200000,740,4.805%
 05-25-2018,WELLS FARGO,Mortgages,Mortgages,Offline,30-Year Fixed-Rate Jumbo,30,,4.75%,,25.0%,750000,740,4.753%
 05-25-2018,WELLS FARGO,Mortgages,Mortgages,Offline,15-Year Fixed-Rate Jumbo,15,,4.5%,,25.0%,750000,740,4.509%
 05-25-2018,WELLS FARGO,Mortgages,Mortgages,Offline,7/1 ARM Jumbo,30,,4.25%,,25.0%,750000,740,4.64%
 05-25-2018,WELLS FARGO,Mortgages,Mortgages,Offline,10/1 ARM Jumbo,30,,4.375%,,25.0%,750000,740,4.622%
