Date,Bank_Name,Bank_Product,Bank_Product_Type,Bank_Offer_Feature,Bank_Product_Name,Product_Term,Balance,Product_Interest,Product_Apy,Mortgage_Down_Payment,Mortgage_Loan,Min_Credit_Score_Mortagage,Mortgage_Apr
 2018-05-25,SYNCHRONY,Deposits,CD,Online,CD_3 MONTH,3,2000+,,0.75%,,,,
 2018-05-25,SYNCHRONY,Deposits,CD,Online,CD_6 MONTH,6,2000+,,1.0%,,,,
 2018-05-25,SYNCHRONY,Deposits,CD,Online,CD_9 MONTH,9,2000+,,1.25%,,,,
 2018-05-25,SYNCHRONY,Deposits,CD,Online,CD_12 MONTH,12,2000+,,2.25%,,,,
 2018-05-25,SYNCHRONY,Deposits,CD,Online,CD_14 MONTH,14,2000+,,2.35%,,,,
 2018-05-25,SYNCHRONY,Deposits,CD,Online,CD_18 MONTH,18,2000+,,2.15%,,,,
 2018-05-25,SYNCHRONY,Deposits,CD,Online,CD_24 MONTH,24,2000+,,2.45%,,,,
 2018-05-25,SYNCHRONY,Deposits,CD,Online,CD_36 MONTH,36,2000+,,2.55%,,,,
 2018-05-25,SYNCHRONY,Deposits,CD,Online,CD_48 MONTH,48,2000+,,2.65%,,,,
 2018-05-25,SYNCHRONY,Deposits,CD,Online,CD_60 MONTH,60,2000+,,2.85%,,,,
 2018-05-25,SYNCHRONY,Deposits,Savings,Online,Money Market Rates and Terms,,0-4999,,1.05%,,,,
 2018-05-25,SYNCHRONY,Deposits,Savings,Online,Money Market Rates and Terms,,5000-24999,,1.05%,,,,
 2018-05-25,SYNCHRONY,Deposits,Savings,Online,Money Market Rates and Terms,,25000-99999999999,,1.05%,,,,
 2018-05-25,SYNCHRONY,Deposits,Savings,Online,HYS Rates and Terms,,0-4999,,1.65%,,,,
 2018-05-25,SYNCHRONY,Deposits,Savings,Online,HYS Rates and Terms,,5000-24999,,1.65%,,,,
 2018-05-25,SYNCHRONY,Deposits,Savings,Online,HYS Rates and Terms,,25000-99999999999,,1.65%,,,,
