Date,Bank_Name,Bank_Product,Bank_Product_Type,Bank_Offer_Feature,Bank_Product_Name,Product_Term,Balance,Product_Interest,Product_Apy,Mortgage_Down_Payment,Mortgage_Loan,Min_Credit_Score_Mortagage,Mortgage_Apr
 05-30-2018,JP MORGAN CHASE & Co.,Mortgages,Mortgages,Offline,Mortgage_30-yr,30,,4.750%,,20%,100000,720+,5.026%
 05-30-2018,JP MORGAN CHASE & Co.,Mortgages,Mortgages,Offline,Mortgage_20-yr,20,,4.500%,,20%,100000,720+,4.889%
 05-30-2018,JP MORGAN CHASE & Co.,Mortgages,Mortgages,Offline,Mortgage_15-yr,15,,4.375%,,20%,100000,720+,4.851%
 05-30-2018,JP MORGAN CHASE & Co.,Mortgages,Mortgages,Offline,Mortgage_7/1,30,,4.875%,,20%,100000,720+,5.229%
 05-30-2018,JP MORGAN CHASE & Co.,Mortgages,Mortgages,Offline,Mortgage_5/1,30,,4.750%,,20%,100000,720+,5.196%
 05-30-2018,JP MORGAN CHASE & Co.,Mortgages,Mortgages,Offline,Mortgage_30-yr,30,,4.625%,,20%,300000,720+,4.697%
 05-30-2018,JP MORGAN CHASE & Co.,Mortgages,Mortgages,Offline,Mortgage_20-yr,20,,4.375%,,20%,300000,720+,4.502%
 05-30-2018,JP MORGAN CHASE & Co.,Mortgages,Mortgages,Offline,Mortgage_15-yr,15,,4.000%,,20%,300000,720+,4.161%
 05-30-2018,JP MORGAN CHASE & Co.,Mortgages,Mortgages,Offline,Mortgage_7/1,30,,4.375%,,20%,300000,720+,4.801%
 05-30-2018,JP MORGAN CHASE & Co.,Mortgages,Mortgages,Offline,Mortgage_5/1,30,,4.250%,,20%,300000,720+,4.827%
 05-30-2018,JP MORGAN CHASE & Co.,Mortgages,Mortgages,Offline,Mortgage_30-yr,30,,4.500%,,20%,500000,720+,4.577%
 05-30-2018,JP MORGAN CHASE & Co.,Mortgages,Mortgages,Offline,Mortgage_15-yr,15,,4.375%,,20%,500000,720+,4.472%
 05-30-2018,JP MORGAN CHASE & Co.,Mortgages,Mortgages,Offline,Mortgage_7/1,30,,4.000%,,20%,500000,720+,4.569%
 05-30-2018,JP MORGAN CHASE & Co.,Mortgages,Mortgages,Offline,Mortgage_5/1,30,,4.000%,,20%,500000,720+,4.683%
 05-30-2018,JP MORGAN CHASE & Co.,Mortgages,Mortgages,Offline,Mortgage_10/1,30,,4.500%,,20%,500000,720+,4.728%
