Date,Bank_Name,Bank_Product,Bank_Product_Type,Bank_Offer_Feature,Bank_Product_Name,Product_Term,Balance,Product_Interest,Product_Apy,Mortgage_Down_Payment,Mortgage_Loan,Min_Credit_Score_Mortagage,Mortgage_Apr
 05-25-2018,ALLY,Deposits,Checkings,Online,Interest Checking Account,,"

      Less than $15,000 minimum daily balance
    ",,0.10%,,,,
 05-25-2018,ALLY,Deposits,Checkings,Online,Interest Checking Account,,"

      $15,000 minimum daily balance
    ",,0.60%,,,,
 05-25-2018,ALLY,Deposits,Savings,Online,Online Savings,, On all balance tiers,,1.60%,,,,
 05-25-2018,ALLY,Deposits,Savings,Online,Money Market,," Less than $5,000 opening deposit",,0.90%,,,,
 05-25-2018,ALLY,Deposits,Savings,Online,Money Market,," $5,000 minimum opening deposit",,0.90%,,,,
 05-25-2018,ALLY,Deposits,Savings,Online,Money Market,," $25,000 minimum opening deposit",,1.00%,,,,
 05-25-2018,ALLY,Deposits,CD,Online,High Yield CD_6 Months,6," Less than $5,000 opening deposit",,1.50%,,,,
 05-25-2018,ALLY,Deposits,CD,Online,High Yield CD_6 Months,6," $5,000 minimum opening deposit",,1.60%,,,,
 05-25-2018,ALLY,Deposits,CD,Online,High Yield CD_6 Months,6," $25,000 minimum opening deposit",,1.75%,,,,
 05-25-2018,ALLY,Deposits,CD,Online,High Yield CD_12 Months,12," Less than $5,000 opening deposit",,2.10%,,,,
 05-25-2018,ALLY,Deposits,CD,Online,High Yield CD_12 Months,12," $5,000 minimum opening deposit",,2.15%,,,,
 05-25-2018,ALLY,Deposits,CD,Online,High Yield CD_12 Months,12," $25,000 minimum opening deposit",,2.25%,,,,
 05-25-2018,ALLY,Deposits,CD,Online,High Yield CD_36 Months,36," Less than $5,000 opening deposit",,2.40%,,,,
 05-25-2018,ALLY,Deposits,CD,Online,High Yield CD_36 Months,36," $5,000 minimum opening deposit",,2.45%,,,,
 05-25-2018,ALLY,Deposits,CD,Online,High Yield CD_36 Months,36," $25,000 minimum opening deposit",,2.50%,,,,
