Date,City,For Sale,Bathroom,Bedroom,Price($),Address,Address_city,State,Zipcode,Sq_ft,Access
17/04/2018,Phoenix,For Sale,4,3.5,447500,42109 N Bradon Way,Anthem,Arizona,85086,,TRUE
17/04/2018,Phoenix,For Sale,1,1.5,209900,17850 N 68th St Unit 1103,Phoenix,Arizona,85054,,FALSE
17/04/2018,Phoenix,For Sale,4,3.5,459000,2463 N 160th Ave,Goodyear,Arizona,85395,,TRUE
17/04/2018,Phoenix,For Sale,4,2.5,349900,4340 S Celebration Dr,Gold Canyon,Arizona,85118,,TRUE
17/04/2018,Phoenix,For Sale,4,4.5,609900,6446 E Trailridge Cir; Unit 37,Mesa,Arizona,85215,,TRUE
17/04/2018,Phoenix,For Sale,4,2,237400,18368 W. Sunrise Drive,Goodyear,Arizona,85338,,TRUE
17/04/2018,Phoenix,For Sale,4,3,289900,1257 N Abner,Mesa,Arizona,85205,,TRUE
17/04/2018,Phoenix,For Sale,2,2,399000,10010 E Purdue Ave,Scottsdale,Arizona,85258,,FALSE
17/04/2018,Phoenix,For Sale,3,2.5,619900,25439 N Ranch Gate Rd,Scottsdale,Arizona,85255,,TRUE
17/04/2018,Phoenix,For Sale,2,2,304900,1319 W Dunlap Ave,Phoenix,Arizona,85021,,FALSE
17/04/2018,Phoenix,For Sale,2,2,217400,300 N Gila Springs Blvd #237,Chandler,Arizona,85226,,TRUE
17/04/2018,Phoenix,For Sale,4,2.5,409900,4829 E Baker Dr,Cave Creek,Arizona,85331,,TRUE
17/04/2018,Phoenix,For Sale,4,2,227400,41087 W Novak Ln,Maricopa,Arizona,85138,,TRUE
17/04/2018,Phoenix,For Sale,4,2.5,359900,4122 E Nighthawk Way,Phoenix,Arizona,85048,,TRUE
17/04/2018,Phoenix,For Sale,3,2.5,194900,670 S 231st LN,Buckeye,Arizona,85326,,TRUE
17/04/2018,Phoenix,For Sale,4,3,399900,4282 East Carriage Way,Gilbert,Arizona,85297,,TRUE
17/04/2018,Phoenix,For Sale,4,3,489900,18019 W Colter St,Litchfield Park,Arizona,85340,,TRUE
17/04/2018,Phoenix,For Sale,4,2.5,349900,837 E Wimpole Ave,Gilbert,Arizona,85297,,TRUE
17/04/2018,Phoenix,For Sale,2,2,199900,4920 E Edgemont Ave,Phoenix,Arizona,85008,,TRUE
17/04/2018,Phoenix,For Sale,4,3,369900,6917 W Lone Cactus Dr,Glendale,Arizona,85308,,TRUE
17/04/2018,Phoenix,For Sale,3,2.5,454900,4520 E Sierra Sunset Trail,Cave Creek,Arizona,85331,,TRUE
17/04/2018,Phoenix,For Sale,4,2.5,354900,4305 E Rancho Caliente Dr,Cave Creek,Arizona,85331,,TRUE
17/04/2018,Phoenix,For Sale,3,2,242400,4349 W Morrow Dr,Glendale,Arizona,85308,,TRUE
17/04/2018,Phoenix,For Sale,2,2,124900,3435 W Danbury Dr B216,Phoenix,Arizona,85053,,TRUE
17/04/2018,Phoenix,For Sale,4,3,264900,983 W Saguaro Ln,San Tan Valley,Arizona,85143,,FALSE
17/04/2018,Phoenix,For Sale,5,3.5,499900,1870 E Laredo Pl,Chandler,Arizona,85225,,TRUE
17/04/2018,Phoenix,For Sale,4,3,359900,16348 W Pierce St,Goodyear,Arizona,85338,,FALSE
17/04/2018,Phoenix,For Sale,3,2,214900,43534 W Roth Road,Maricopa ,Arizona,85138,,TRUE
17/04/2018,Phoenix,For Sale,2,2.5,222400,6001 e southern av #7,Mesa,Arizona,85206,,TRUE
17/04/2018,Phoenix,For Sale,4,2.5,629900,4544 s avenida Corazon de oro,Gold canyon,Arizona,85118,,TRUE
17/04/2018,Phoenix,For Sale,3,2,234900,17482 W Navajo St,Goodyear,Arizona,85338,,TRUE
17/04/2018,Phoenix,For Sale,4,2.5,249900,6238 N Florence Ave,Litchfield Park,Arizona,85340,,TRUE
17/04/2018,Phoenix,For Sale,3,2.5,259900,29433 N 22nd Avenue,Phoenix,Arizona,85085,,TRUE
17/04/2018,Phoenix,For Sale,4,3.5,389900,937 N SILVERADO ST,Mesa,Arizona,85205,,TRUE
17/04/2018,Phoenix,For Sale,3,2.5,204900,25896 W Twilight Ln,Buckeye,Arizona,85326,,TRUE
17/04/2018,Phoenix,For Sale,4,3,309900,40404 North High Noon Way,Anthem,Arizona,85086,,TRUE
17/04/2018,Phoenix,For Sale,3,2,214900,5236 W Shumway Farm Rd,Phoenix,Arizona,85339,,TRUE
17/04/2018,Phoenix,For Sale,4,2,254900,3021 West Fremont Road,Phoenix,Arizona,85041,,TRUE
17/04/2018,Phoenix,For Sale,4,2.5,251900,13864 N 162nd Ln,Surprise,Arizona,85379,,TRUE
17/04/2018,Phoenix,For Sale,4,2,239900,10557 E Balmoral Ave,Mesa,Arizona,85208,,TRUE
17/04/2018,Phoenix,For Sale,3,2,189900,8536 W Elm St,Phoenix,Arizona,85037,,TRUE
17/04/2018,Phoenix,For Sale,4,3,263900,15106 W Andora St,Surprise,Arizona,85379,,TRUE
17/04/2018,Phoenix,For Sale,4,3,264900,10717 W. Flower St,Avondale,Arizona,85392,,TRUE
17/04/2018,Phoenix,For Sale,2,2,219900,81 S Seville Ln,Casa Grande,Arizona,85194,,TRUE
17/04/2018,Phoenix,For Sale,3,2,153900,14712 S Durango Rd,Arizona City,Arizona,85123,,TRUE
17/04/2018,Phoenix,For Sale,4,2.5,469900,40124 N Majesty Trail,Anthem,Arizona,85086,,TRUE
17/04/2018,Phoenix,For Sale,3,2,224900,173 E  Mountain View Rd,San Tan Valley,Arizona,85143,,TRUE
17/04/2018,Phoenix,For Sale,2,2,184900,4026 N 88th Ln,Phoenix,Arizona,85037,,TRUE
17/04/2018,Phoenix,For Sale,4,3,294900,22356 E Cherrywood Dr,Queen Creek,Arizona,85142,,TRUE
17/04/2018,Phoenix,For Sale,3,2,259900,43344 Wallner Dr,Maricopa,Arizona,85138,,TRUE
17/04/2018,Phoenix,For Sale,3,2,189900,38015 W La Paz St,Maricopa,Arizona,85138,,TRUE
17/04/2018,Phoenix,For Sale,4,2.5,379900,11326 N 152nd Ln,Surprise,Arizona,85379,,TRUE
17/04/2018,Phoenix,For Sale,5,2.5,374900,1714 East Cotton Court,Gilbert,Arizona,85234,,TRUE
17/04/2018,Phoenix,For Sale,4,3,289900,859 E 6th Pl,Mesa,Arizona,85203,,TRUE
17/04/2018,Phoenix,For Sale,3,2,394900,3920 W Jasper Dr,Chandler,Arizona,85226,,TRUE
17/04/2018,Phoenix,For Sale,3,2,289900,337 S Comanche Dr,Chandler,Arizona,85224,,TRUE
17/04/2018,Phoenix,For Sale,3,2.5,274900,3543 S Posse Trail,Gilbert,Arizona,85297,,TRUE
17/04/2018,Phoenix,For Sale,2,2,139900,13214 N Del Webb Blvd,Sun City,Arizona,85351,,TRUE
17/04/2018,Phoenix,For Sale,4,3,349900,4236 E Desert Sky Ct,Cave Creek,Arizona,85331,,TRUE
17/04/2018,Phoenix,For Sale,4,2.5,239900,44259 W Eddie Way,Maricopa,Arizona,85138,,TRUE
17/04/2018,Phoenix,For Sale,3,2,209900,1424 W 18th Ave,Apache Junction,Arizona,85120,,TRUE
17/04/2018,Phoenix,For Sale,2,2,314000,19244 N Moondance Ln,Surprise,Arizona,85387,,TRUE
17/04/2018,Phoenix,For Sale,3,2,212900,3145 W Sunland Ave,Phoenix,Arizona,85041,,TRUE
17/04/2018,Phoenix,For Sale,3,2.5,305900,4083 East Libra Avenue,Gilbert,Arizona,85234,,TRUE
17/04/2018,Phoenix,For Sale,6,3.5,339900,33203 N Mildred Ln,Queen Creek,Arizona,85142,,TRUE
17/04/2018,Phoenix,For Sale,3,2.5,264900,3939 E Jasper Dr,Gilbert,Arizona,85296,,TRUE
17/04/2018,Phoenix,For Sale,2,2.5,219900,705 West Queen Creek Road Unit 1208,Chandler,Arizona,85248,,TRUE
17/04/2018,Phoenix,For Sale,3,2,229900,360 W Reeves Ave,San Tan Valley,Arizona,85140,,TRUE
17/04/2018,Phoenix,For Sale,3,2,445900,18004 W. Medlock Dr.,Litcheld Park,Arizona,85340,,TRUE
17/04/2018,Phoenix,For Sale,3,2,214900,14462 N 132nd Dr,Surprise,Arizona,85379,,TRUE
17/04/2018,Phoenix,For Sale,3,2.5,269900,5825 E Harmony Ave,Mesa,Arizona,85206,,TRUE
17/04/2018,Phoenix,For Sale,3,2.5,323900,6811 West Del Rio Street,Chandler,Arizona,85226,,TRUE
17/04/2018,Phoenix,For Sale,4,2.5,229900,3205 S 66th Ave,Phoenix,Arizona,85043,,TRUE
17/04/2018,Phoenix,For Sale,3,2,249900,2207 E Arabian Dr,Gilbert,Arizona,85296,,TRUE
17/04/2018,Phoenix,For Sale,3,2,259900,306 W Shawnee Dr,Chandler,Arizona,85225,,TRUE
17/04/2018,Phoenix,For Sale,5,3,414900,781 W Carob Way,Chandler,Arizona,85248,,TRUE
17/04/2018,Phoenix,For Sale,2,1,116900,"13622 N 98th Avenue, Apt P",Sun City,Arizona,85351,,TRUE
17/04/2018,Phoenix,For Sale,4,3,347900,13250 W Mulberry Dr,Litchfield Park,Arizona,85340,,TRUE
17/04/2018,Phoenix,For Sale,4,2,389900,6536 E Orion St,Mesa,Arizona,85215,,TRUE
17/04/2018,Phoenix,For Sale,3,2,147900,5857 E Everhart Ln,Florence,Arizona,85132,,TRUE
17/04/2018,Phoenix,New,3,2,275000,5117 East Half Moon Drive,Phoenix,Arizona,85044,,FALSE
17/04/2018,Phoenix,For Sale,4,2,182900,43540 Bedford Dr,Maricopa,Arizona,85138,,TRUE
17/04/2018,Phoenix,For Sale,4,2,226900,928 E Gold Dust Way,San Tan Valley,Arizona,85143,,TRUE
17/04/2018,Phoenix,For Sale,3,2.5,245900,10724 W Ashland Way,Avondale,Arizona,85392,,TRUE
17/04/2018,Phoenix,New,3,2.5,309900,4114 S Sawmill Rd,Gilbert,Arizona,85297,,FALSE
17/04/2018,Phoenix,For Sale,3,2,399900,6502 E Phelps rd,Scottsdale,Arizona,85254,,TRUE
17/04/2018,Phoenix,For Sale,4,2.5,216900,3852 W Naomi Ln,Queen Creek,Arizona,85142,,TRUE
17/04/2018,Phoenix,For Sale,3,2,367900,1721 E Nightingale Ln,Gilbert,Arizona,85298,,TRUE
17/04/2018,Phoenix,For Sale,3,2,169900,37479 W Amalfi Ave,Maricopa,Arizona,85138,,TRUE
17/04/2018,Phoenix,New,5,3,254900,1643 E Chelsea Dr,San Tan Valley,Arizona,85140,,FALSE
17/04/2018,Phoenix,For Sale,3,2,171900,1746 E Chaparral Dr,Casa Grande,Arizona,85122,,TRUE
17/04/2018,Phoenix,New,3,2.5,254000,8535 E McDonald Dr  ,Scottsdale,Arizona,85250,,FALSE
17/04/2018,Phoenix,For Sale,3,2,221900,13205 N 130th Ln,El Mirage,Arizona,85335,,TRUE
17/04/2018,Phoenix,For Sale,3,2,349900,3544 E Merlot St,Gilbert,Arizona,85298,,TRUE
17/04/2018,Tampa,For Sale,3,3,244900,6751 Pleasant Hill Rd,Bradenton,Florida,34203,,FALSE
17/04/2018,Tampa,For Sale,3,2.5,419900,926 Riverscape St,Bradenton,Florida,34208,,FALSE
17/04/2018,Tampa,For Sale,3,2.5,329900,1486 Eastfield Dr,Clearwater,Florida,33764,,FALSE
17/04/2018,Tampa,For Sale,3,2.5,204900,6411 Trent Creek Dr,Sun City Center,Florida,33573,,FALSE
17/04/2018,Tampa,For Sale,4,3,298900,2324 Shirecrest Cove Way,Lutz,Florida,33558,,FALSE
17/04/2018,Tampa,For Sale,4,3,424900,810 Oak Briar Ln,Osprey,Florida,34229,,TRUE
17/04/2018,Tampa,For Sale,3,2,219900,5512 Tropic Dr,New Port Richey,Florida,34653,,FALSE
17/04/2018,Tampa,For Sale,4,3,324900,11414 Warm Wind Way,Weeki Wachee,Florida,34613,,FALSE
17/04/2018,Tampa,For Sale,3,2.5,227900,1119 Georgia Trace Ave,Valrico,Florida,33596,,FALSE
17/04/2018,Tampa,For Sale,5,3,399900,6849 Park St S,South Pasadena,Florida,33707,,TRUE
17/04/2018,Tampa,For Sale,4,2.5,359900,5316 Championship Cup Lane,Brooksville,Florida,34609,,FALSE
17/04/2018,Tampa,For Sale,3,2,254900,3316 50th Ave E,Bradenton,Florida,34203,,FALSE
17/04/2018,Tampa,For Sale,4,3.5,354900,2077 Misty Sunrise Trail,Sarasota,Florida,34240,,FALSE
17/04/2018,Tampa,For Sale,4,2.5,394900,14672 Village Glen Cir,Tampa,Florida,33618,,FALSE
17/04/2018,Tampa,For Sale,3,2.5,254900,2003 River Crossing Dr,Valrico,Florida,33596,,TRUE
17/04/2018,Tampa,For Sale,3,2,329900,2206 Howard lane,Tampa,Florida,33612,,FALSE
17/04/2018,Tampa,For Sale,5,3,394900,16501 Nikki Ln,Odessa,Florida,33556,,TRUE
17/04/2018,Tampa,For Sale,3,2,159900,1513 E Diana St,Tampa,Florida,33610,,TRUE
17/04/2018,Tampa,For Sale,3,2,214900,1509 Barrera Court,Lady Lake,Florida,32159,,TRUE
17/04/2018,Tampa,For Sale,3,2,284900,1675 Abernethy Pl,The Villages,Florida,32162,,TRUE
17/04/2018,Tampa,For Sale,4,3,439900,514 River Crane St,Bradenton,Florida,34212,,TRUE
17/04/2018,Tampa,For Sale,3,2,227400,3113 Luan Ct,Dunedin,Florida,34698,,TRUE
17/04/2018,Tampa,For Sale,3,2,219900,403 Dana Point Pl,Kissimmee,Florida,34759,,TRUE
17/04/2018,Tampa,For Sale,2,1,284900,3315 S Manhattan Ave,Tampa,Florida,33629,,TRUE
17/04/2018,Tampa,For Sale,3,1.5,249900,1647 Franklin Way,Dunedin,Florida,34698,,TRUE
17/04/2018,Tampa,For Sale,5,3.5,444900,17126 Turning Oaks Bend,Lutz,Florida,33549,,TRUE
17/04/2018,Tampa,For Sale,3,2,219900,8035 Fawnridge Cir,Tampa,Florida,33610,,TRUE
17/04/2018,Tampa,For Sale,3,2.5,107400,1149 Longfellow Way,Sarasota,Florida,34243,,TRUE
17/04/2018,Tampa,For Sale,4,3,344900,15903 Baden Pl,Tampa,Florida,33647,,TRUE
17/04/2018,Tampa,For Sale,3,3,384900,10085 Hernando Ridge Rd,Weeki Wachee,Florida,34613,,TRUE
17/04/2018,Tampa,For Sale,3,2,299900,11115 Star Rush Pl,Lakewood Ranch,Florida,34202,,TRUE
17/04/2018,Tampa,For Sale,3,2,224900,5553 Fischer Dr,Lakeland,Florida,33812,,TRUE
17/04/2018,Tampa,For Sale,4,3,299900,5902 S Switzer Ave,Tampa,Florida,33611,,TRUE
17/04/2018,Tampa,For Sale,3,2,159900,13005 Willoughby Ln,Hudson,Florida,34667,,TRUE
17/04/2018,Tampa,For Sale,4,2,272900,1809 Dockside Dr,Valrico,Florida,33594,,TRUE
17/04/2018,Tampa,For Sale,4,3,419900,16132 Bridgedale Dr,Lithia,Florida,33547,,TRUE
17/04/2018,Tampa,For Sale,4,2.5,364900,14121 Whisper Bench Way,Lithia,Florida,33547,,TRUE
17/04/2018,Tampa,For Sale,3,2,234900,2849 Tusket Avenue,North Port,Florida,34286,,TRUE
17/04/2018,Tampa,For Sale,4,3,344900,3916 Northridge Dr,Valrico,Florida,33596,,TRUE
17/04/2018,Tampa,For Sale,3,2,239900,8823 Kilmer Way,Hudson,Florida,34667,,TRUE
17/04/2018,Tampa,For Sale,3,2,289900,6180 30th Ct S,Saint Petersburg,Florida,33712,,TRUE
17/04/2018,Tampa,For Sale,4,3,269900,14456 Linden Dr,Spring Hill,Florida,34609,,TRUE
17/04/2018,Tampa,For Sale,3,2,174900,403 Benson St,Valrico,Florida,33594,,TRUE
17/04/2018,Tampa,For Sale,3,2,229900,30020 Sotogrande Loop,Wesley Chapel,Florida,33543,,TRUE
17/04/2018,Tampa,For Sale,3,2,309900,342 River Enclave Ct,Bradenton,Florida,34212,,TRUE
17/04/2018,Tampa,For Sale,3,1,189900,6505 S Himes Ave,Tampa,Florida,33611,,TRUE
17/04/2018,Tampa,For Sale,3,4,279900,13205 Palmilla Cir,Dade City,Florida,33525,,TRUE
17/04/2018,Tampa,For Sale,4,3,209900,4926 Steel Dust Ln,Lutz,Florida,33559,,TRUE
17/04/2018,Tampa,For Sale,4,2,244900,7234 Stanford Dr,Lakeland,Florida,33809,,TRUE
17/04/2018,Tampa,For Sale,3,2,192900,413 Halifax Bay Ct,Apollo Beach,Florida,33572,,TRUE
17/04/2018,Tampa,For Sale,4,2,294900,9311 Hampshire Park Drive,Tampa,Florida,33647,,TRUE
17/04/2018,Tampa,For Sale,4,3,434900,3223 Wessex Way,Clearwater,Florida,33761,,TRUE
17/04/2018,Tampa,For Sale,3,2,229900,2752 Firebrand Rd,North Port,Florida,34288,,TRUE
17/04/2018,Tampa,For Sale,4,3.5,319900,10896 Banyan Wood Way,Riverview,Florida,33579,,TRUE
17/04/2018,Tampa,For Sale,3,2.5,319900,1422 S Euclid Ave,Sarasota,Florida,34239,,TRUE
17/04/2018,Tampa,For Sale,3,2.5,367400,149 Torino Ln,Kissimmee,Florida,34759,,TRUE
17/04/2018,Tampa,For Sale,4,2.5,374900,29112 Rivergate Run,Zephyrhills,Florida,33543,,TRUE
17/04/2018,Tampa,For Sale,3,2.5,229900,319 Falling Water Dr,Kissimmee,Florida,34759,,TRUE
17/04/2018,Tampa,For Sale,4,2,257400,28451 Sunvale Pl,Wesley chapel,Florida,33543,,TRUE
17/04/2018,Tampa,For Sale,3,2.5,299900,123 Valencia Cir,Saint Petersburg,Florida,33716,,TRUE
17/04/2018,Tampa,For Sale,2,1,214900,150 Pinellas Way N,Saint Petersburg,Florida,33710,,TRUE
17/04/2018,Tampa,For Sale,3,2,109900,6 Water Track Trce,Ocala,Florida,34472,,TRUE
17/04/2018,Tampa,For Sale,3,2,289900,621 Winterside Dr,Apollo Beach,Florida,33572,,TRUE
17/04/2018,Tampa,For Sale,5,3,399900,29744 Prairie Falcon Dr,Wesley Chapel,Florida,33545,,TRUE
17/04/2018,Tampa,For Sale,4,2,324900,6715 Frontier Ln,Tampa,Florida,33625,,TRUE
17/04/2018,Tampa,For Sale,2,1,92400,"12400 Park Blvd N, Unit 103",Seminole,Florida,33772,,TRUE
17/04/2018,Tampa,For Sale,4,3,262400,5424 Lookout Pass,Wesley Chapel,Florida,33544,,TRUE
17/04/2018,Tampa,For Sale,4,2.5,304900,4542 Oak River Circle,Valrico,Florida,33596,,TRUE
17/04/2018,Tampa,For Sale,3,2,274900,1509 Morning Dove Loop N,Lakeland,Florida,33809,,TRUE
17/04/2018,Tampa,For Sale,6,2.5,344900,12404 Driftstone Way,Riverview,Florida,33569,,TRUE
17/04/2018,Tampa,For Sale,3,2,254900,1008 N Bask Dr,Tampa,Florida,33603,,TRUE
17/04/2018,Tampa,For Sale,3,2,202400,731 Pearl Cir,Brandon,Florida,33510,,TRUE
17/04/2018,Tampa,For Sale,3,2.5,224900,18711 Lansford Dr,Hudson,Florida,34667,,TRUE
17/04/2018,Tampa,For Sale,3,2,569900,5250 Carmilfra Dr,Sarasota,Florida,34231,,TRUE
17/04/2018,Tampa,For Sale,2,2,262400,6844 34th ave north,St. Petersburg,Florida,33710,,TRUE
17/04/2018,Tampa,For Sale,3,2,192400,7215 Scenic Pl,Lakeland,Florida,33810,,TRUE
17/04/2018,Tampa,For Sale,4,3,299900,3026 Spring Hammock Dr,Plant City,Florida,33566,,TRUE
17/04/2018,Tampa,For Sale,6,3,334900,4322 Waterville Ave,Wesley Chapel,Florida,33543,,TRUE
17/04/2018,Tampa,For Sale,3,2.5,314900,2804 Prestwick Dr,Lakeland,Florida,33803,,TRUE
17/04/2018,Tampa,For Sale,2,2,202900,13636 Jennita Dr,Hudson,Florida,34667,,TRUE
17/04/2018,Tampa,For Sale,4,3,427400,26503 Shoregrass Dr,Wesley Chapel,Florida,33544,,TRUE
17/04/2018,Tampa,For Sale,3,2,234900,4409 W Pintor Pl,Tampa,Florida,33616,,TRUE
17/04/2018,Tampa,For Sale,3,3,302400,3201 Fernandina St,New Port Richey,Florida,34655,,TRUE
17/04/2018,Tampa,For Sale,4,3,289900,7837 Grasmere Dr,Land O' Lakes,Florida,34637,,TRUE
17/04/2018,Tampa,For Sale,2,1,149900,10463 110th Ave N,Largo,Florida,33773,,TRUE
17/04/2018,Tampa,For Sale,4,3,249900,2400 Bucida Dr,Sarasota,Florida,34232,,TRUE
17/04/2018,Tampa,For Sale,2,2,164000,9138 Cotswald Way,New Port Richey,Florida,34655,,TRUE
17/04/2018,Tampa,For Sale,4,2.5,241900,14388 Finsbury Dr,Spring Hill,Florida,34609,,TRUE
17/04/2018,Tampa,For Sale,3,2.5,254900,3 Shumard Ct S,Homosassa,Florida,34447,,TRUE
17/04/2018,Tampa,For Sale,3,2,299900,1255 Piney Woods Path,The Villages,Florida,32163,,TRUE
17/04/2018,Orlando,For Sale,3,2,319900,131 E Miller St,Orlando,Florida,32806,,FALSE
17/04/2018,Orlando,For Sale,4,3,249900,105 Lochinvar Dr,Fern Park,Florida,32730,,FALSE
17/04/2018,Orlando,For Sale,2,2.5,329900,"542 S Osceola Ave, Unit 34",Orlando,Florida,32801,,FALSE
17/04/2018,Orlando,For Sale,4,2.5,257900,3822 Eagle Isle Cir,Kissimmee,Florida,34746,,FALSE
17/04/2018,Orlando,For Sale,4,2,249900,341 Pickering Ct,Longwood,Florida,32779,,FALSE
17/04/2018,Orlando,For Sale,2,2,134900,21131 Lady Marion Way,Leesburg,Florida,34748,,FALSE
17/04/2018,Orlando,For Sale,4,3,279900,1864 Nature Cove Ln,Clermont,Florida,34711,,TRUE
17/04/2018,Orlando,For Sale,3,2,319900,1689 Cherry Ridge Dr,Lake Mary,Florida,32746,,TRUE
17/04/2018,Orlando,For Sale,4,2.5,494900,206 Longview Avenue,Celebration,Florida,34747,,TRUE
17/04/2018,Orlando,For Sale,4,3,374900,308 Barrymore Dr,Rockledge,Florida,32955,,TRUE
17/04/2018,Orlando,For Sale,6,4.5,372400,1305 Gleneagles Ln,Champions Gate,Florida,33896,,TRUE
17/04/2018,Orlando,For Sale,4,2,364900,118 Polo Ln,Sanford,Florida,32771,,TRUE
17/04/2018,Orlando,For Sale,5,4,664900,8532 Redleaf Ln,Orlando,Florida,32819,,TRUE
17/04/2018,Orlando,For Sale,4,2,524900,1665 King Arthur Cir,Maitland,Florida,32751,,TRUE
17/04/2018,Orlando,For Sale,4,2,269900,2031 Watersedge Dr,Deltona,Florida,32738,,TRUE
17/04/2018,Orlando,For Sale,3,2,239900,3504 Rock Oak Trail,Edgewater,Florida,32141,,TRUE
17/04/2018,Orlando,For Sale,3,2.5,254900,14751 Kristenright Ln,Orlando,Florida,32826,,TRUE
17/04/2018,Orlando,For Sale,2,2,259900,5324 Tidewater St,Leesburg,Florida,34748,,TRUE
17/04/2018,Orlando,For Sale,1,1.5,124900,935 N Halifax Ave #904,Daytona Beach,Florida,32118,,TRUE
17/04/2018,Orlando,For Sale,4,2.5,319000,7048 Buttonbush Loop,Harmony,Florida,34773,,TRUE
17/04/2018,Orlando,For Sale,3,2.5,239900,2272 Brookridge Trail,Sanford,Florida,32773,,TRUE
17/04/2018,Orlando,For Sale,3,2.5,234900,2825 La Cita Ln,Titusville,Florida,32780,,TRUE
17/04/2018,Orlando,For Sale,4,2,219900,7271 Wakeview Dr,Davenport,Florida,33896,,TRUE
17/04/2018,Orlando,For Sale,3,2.5,234900,1250 Lacey Oak Dr,Apopka,Florida,32703,,TRUE
17/04/2018,Orlando,For Sale,4,3.5,284900,703 Lake Tarpon Way,Groveland,Florida,34736,,TRUE
17/04/2018,Orlando,For Sale,4,2.5,319900,14357 Windchime Lane,Orlando,Florida,32837,,TRUE
17/04/2018,Orlando,For Sale,5,3,274900,423 Fairfield Drive,Sanford,Florida,32771,,TRUE
17/04/2018,Orlando,For Sale,4,3,319900,2021 Palm View Dr,Apopka,Florida,32712,,TRUE
17/04/2018,Orlando,For Sale,5,4,539900,8731 Wittenwood Cv,Orlando,Florida,32836,,TRUE
17/04/2018,Orlando,For Sale,3,2,174900,2520 Woodland Drive,Edgewater,Florida,32141,,TRUE
17/04/2018,Orlando,For Sale,4,2,354900,2138 Palm Vista Dr,Apopka,Florida,32712,,TRUE
17/04/2018,Orlando,For Sale,3,2,204900,3265 Walters Ave SE,Palm Bay,Florida,32909,,TRUE
17/04/2018,Orlando,For Sale,3,2,269900,14728 Green Valley Blvd,Clermont,Florida,34711,,TRUE
17/04/2018,Orlando,For Sale,5,2.5,274900,1972 Country Brook Ave,Clermont,Florida,34711,,TRUE
17/04/2018,Orlando,For Sale,3,1,129900,1330 Talton Ave,Deland,Florida,32720,,TRUE
17/04/2018,Orlando,For Sale,4,2.5,434900,460 Bahama Dr,Indialantic,Florida,32903,,TRUE
17/04/2018,Orlando,For Sale,4,3.5,349900,2742 Eagle Lake Dr,Clermont,Florida,34711,,TRUE
17/04/2018,Orlando,For Sale,3,2,174900,4490 Treasure Cay Rd,Tavares,Florida,32778,,TRUE
17/04/2018,Orlando,For Sale,4,2,339900,104 Marcy Blvd,Longwood,Florida,32750,,TRUE
17/04/2018,Orlando,For Sale,2,2,139900,236 Surf Scooter Dr,Daytona Beach,Florida,32119,,TRUE
17/04/2018,Orlando,For Sale,3,2,284900,720 Seminole Ave,Orlando,Florida,32804,,TRUE
17/04/2018,Orlando,For Sale,3,2,244900,5778 Heathermere Ln,Port Orange,Florida,32127,,TRUE
17/04/2018,Orlando,For Sale,4,2,237900,4020 Aria Dr,Melbourne,Florida,32904,,TRUE
17/04/2018,Orlando,For Sale,3,2.5,324900,1819 Anna Catherine Dr,Orlando,Florida,32828,,TRUE
17/04/2018,Orlando,For Sale,3,2,344900,3470 North Tropical Trail,Merritt Island,Florida,32953,,TRUE
17/04/2018,Orlando,For Sale,3,2,179900,550 Charles Ave,Orange City,Florida,32763,,TRUE
17/04/2018,Orlando,For Sale,2,2.5,224900,14714 Clarkson Dr,Orlando,Florida,32828,,TRUE
17/04/2018,Orlando,For Sale,4,2,234900,377 Brittany cir.,Casselberry,Florida,32707,,TRUE
17/04/2018,Orlando,For Sale,3,3.5,244900,1559 Croydon St,Orlando,Florida,32828,,TRUE
17/04/2018,Orlando,For Sale,2,2.5,125900,4371 White Pine Ave # 82-2,Orlando,Florida,32811,,TRUE
17/04/2018,Orlando,For Sale,3,2,154900,612 Anderson Dr,Deltona,Florida,32725,,TRUE
17/04/2018,Orlando,For Sale,4,2,299900,230 Cattail Ct,Orlando,Florida,32806,,TRUE
17/04/2018,Orlando,For Sale,4,2,229900,101 Tennessee Ave,Saint Cloud,Florida,34769,,TRUE
17/04/2018,Atlanta,For Sale,1,1,87400,1960 Spectrum Cir #320,Marietta,Georgia,30067,,TRUE
17/04/2018,Atlanta,For Sale,2,2.5,234900,4855 Ivy Ridge Dr SE Unit 101,Smyrna,Georgia,30080,,TRUE
17/04/2018,Atlanta,For Sale,5,3.5,494900,2515 Whisper Wind Ct,Roswell,Georgia,30076,,TRUE
17/04/2018,Atlanta,For Sale,5,3,224900,162 Westin Way,Dallas,Georgia,30132,,TRUE
17/04/2018,Atlanta,For Sale,4,2.5,279900,5845 Woodstone Dr,Cumming,Georgia,30028,,TRUE
17/04/2018,Atlanta,For Sale,2,2.5,70000,2041 Charter Manor,Lithonia,Georgia,30058,,TRUE
17/04/2018,Atlanta,For Sale,4,2.5,249900,1794 Ambur Cove Ct,Lawrenceville,Georgia,30043,,TRUE
17/04/2018,Atlanta,For Sale,5,3.5,244900,5037 Brookstone Ln,Loganville,Georgia,30052,,TRUE
17/04/2018,Atlanta,For Sale,4,2.5,320000,1201 Red Fox Cir,Woodstock,Georgia,30188,,TRUE
17/04/2018,Atlanta,For Sale,3,2,137400,4160 Partridge Dr,Douglasville,Georgia,30135,,TRUE
17/04/2018,Atlanta,For Sale,5,3,244900,615 Huiet Dr,McDonough,Georgia,30252,,TRUE
17/04/2018,Atlanta,For Sale,3,2,215000,2734 Summer Creek Dr,Gainesville,Georgia,30507,,TRUE
17/04/2018,Atlanta,For Sale,3,2.5,319900,320 Outwood Mill Ct,Alpharetta,Georgia,30022,,TRUE
17/04/2018,Atlanta,For Sale,5,3.5,484900,330 Rainbow Row Ct,Alpharetta,Georgia,30022,,TRUE
17/04/2018,Atlanta,For Sale,5,3,259900,1970 Pinehurst View Dr,Grayson,Georgia,30017,,TRUE
17/04/2018,Atlanta,For Sale,4,3.5,459900,421 Morgan Pl SE,Atlanta,Georgia,30317,,TRUE
17/04/2018,Atlanta,For Sale,4,3.5,310000,3501 Wynterset Dr,Snellville,Georgia,30039,,TRUE
17/04/2018,Atlanta,For Sale,4,4.5,334900,170 Nix Ct,Fayetteville,Georgia,30214,,TRUE
17/04/2018,Atlanta,For Sale,3,2,130000,812 Cedar Lake Dr SE,Conyers,Georgia,30094,,TRUE
17/04/2018,Atlanta,For Sale,2,2,80000,1784 Glen View Way,Hampton,Georgia,30228,,TRUE
17/04/2018,Atlanta,For Sale,4,3.5,250000,513 Two Iron Way,Kennesaw,Georgia,30144,,TRUE
17/04/2018,Atlanta,For Sale,3,2,200000,718 Jett Rd,Woodstock,Georgia,30188,,TRUE
17/04/2018,Atlanta,For Sale,3,2,200000,107 Wynnfield Blvd,McDonough,Georgia,30252,,TRUE
17/04/2018,Atlanta,For Sale,4,2.5,374900,100 Grassnut Ct,Roswell,Georgia,30076,,TRUE
17/04/2018,Atlanta,For Sale,4,3.5,235000,503 Silverleaf Ln,Dallas,Georgia,30157,,TRUE
17/04/2018,Atlanta,For Sale,3,2.5,230000,2270 Sunrise Ct,Cumming,Georgia,30040,,TRUE
17/04/2018,Atlanta,For Sale,5,4,335000,2425 Wild Iris Ln NE,Dacula,Georgia,30019,,TRUE
17/04/2018,Atlanta,For Sale,5,3.5,400000,1033 Bradshaw Estates Dr,Canton,Georgia,30115,,TRUE
17/04/2018,Atlanta,For Sale,5,3.5,350000,2815 MANOR BROOK CT,SNELLVILLE,Georgia,30078-3062,,FALSE
17/04/2018,Atlanta,For Sale,5,4,550000,9415 Red Bird Ln,Alpharetta,Georgia,30022,,TRUE
17/04/2018,Atlanta,For Sale,4,3,195000,6088 Red Top Loop,Fairburn,Georgia,30213,,TRUE
17/04/2018,Atlanta,For Sale,4,3.5,475000,925 Herterton Way,Alpharetta,Georgia,30022,,TRUE
17/04/2018,Atlanta,For Sale,4,2.5,319900,4112 Shoshone Valley Rd,Marietta,Georgia,30068,,TRUE
17/04/2018,Atlanta,For Sale,4,2.5,215000,9058 Floyd Rd,Jonesboro,Georgia,30236,,TRUE
17/04/2018,Atlanta,For Sale,4,2.5,195000,4453 Turnberry Court,Douglasville,Georgia,30135,,TRUE
17/04/2018,Atlanta,For Sale,4,3,254900,228 Eagle Glen Way,Woodstock,Georgia,30189,,TRUE
17/04/2018,Atlanta,For Sale,4,3,240000,5029 Brookstone Ln,Loganville,Georgia,30052,,TRUE
17/04/2018,Atlanta,For Sale,4,2.5,350000,1457 Lynchburg Pl,Marietta,Georgia,30062,,TRUE
17/04/2018,Atlanta,For Sale,3,2.5,219900,3391 Kittery Dr SW,Snellville,Georgia,30039,,TRUE
17/04/2018,Atlanta,For Sale,5,2.5,234900,1671 Brentwood Crossing SE,Conyers,Georgia,30013,,TRUE
17/04/2018,Atlanta,For Sale,5,4.5,425000,1953 Haydenbrook Cove Northwest,Acworth,Georgia,30101,,TRUE
17/04/2018,Atlanta,For Sale,3,3.5,375000,3324 Chestnut Woods Cir,Doraville,Georgia,30340,,TRUE
17/04/2018,Atlanta,For Sale,5,5,440000,6162 Baybrook Trace,Hoschton,Georgia,30548,,TRUE
17/04/2018,Atlanta,For Sale,4,2,180000,1354 Wichita Dr SW,Atlanta,Georgia,30311,,TRUE
17/04/2018,Atlanta,For Sale,4,2.5,385000,4568 Blakedale Rd,Roswell,Georgia,30075,,TRUE
17/04/2018,Atlanta,For Sale,1,1,215000,"2921 Lenox Rd NE, Apt 416",Atlanta,Georgia,30324,,TRUE
17/04/2018,LasVegas,For Sale,4,4.5,589900,6568 Convinto St,Las Vegas,Nevada,89131,,FALSE
17/04/2018,LasVegas,For Sale,2,2,439900,4469 Regalo Bello St,Las Vegas,Nevada,89135,,FALSE
17/04/2018,LasVegas,For Sale,3,2.5,289900,5052 Groveland Ave,Las Vegas,Nevada,89139,,FALSE
17/04/2018,LasVegas,For Sale,3,2.5,229900,6593 Lemitar Dr,Las Vegas,Nevada,89108,,FALSE
17/04/2018,LasVegas,For Sale,5,3,374900,208 Sassafras Ct,Henderson,Nevada,89074,,FALSE
17/04/2018,LasVegas,For Sale,3,2.5,229900,3307 Epson St,Las Vegas,Nevada,89129,,FALSE
17/04/2018,LasVegas,For Sale,4,2.5,369900,6241 Silver Bank St,North Las Vegas,Nevada,89031,,FALSE
17/04/2018,LasVegas,For Sale,3,2.5,264900,10731 Iona Island Ave,Las Vegas,Nevada,89166,,FALSE
17/04/2018,SouthCharlotte,For Sale,3,2.5,264900,1022 Meadowlark Dr,Rock Hill,South Carolina,29732,,TRUE
17/04/2018,SouthCharlotte,For Sale,4,2.5,284900,604 E Cheval Dr,Fort Mill,South Carolina,29708,,TRUE
17/04/2018,SouthCharlotte,For Sale,4,3,374900,1941 Hayes Dr,Rock Hill,South Carolina,29732,,TRUE
17/04/2018,SouthCharlotte,For Sale,5,3,309900,3303 Sherborne Dr,Fort Mill,South Carolina,29715,,TRUE
17/04/2018,Charlotte,For Sale,5,2.5,384900,1106 Vaugelas Court,Monroe,North Carolina,28110,,TRUE
17/04/2018,Charlotte,For Sale,5,3.5,504900,7206 Yellowhorn Trail,Waxhaw,North Carolina,28173,,TRUE
17/04/2018,Charlotte,For Sale,5,3.5,344900,1236 Periwinkle Dr,Waxhaw,North Carolina,28173,,TRUE
17/04/2018,Charlotte,For Sale,4,2,295900,5308 Ravenglass Ct,Waxhaw,North Carolina,28173,,TRUE
17/04/2018,Charlotte,For Sale,4,2.5,354900,3935 Sky Dr,Charlotte,North Carolina,28226,,TRUE
17/04/2018,Charlotte,For Sale,3,2,215900,12630 Cumberland Crest Dr,Huntersville,North Carolina,28078,,TRUE
17/04/2018,Charlotte,For Sale,3,2.5,247900,6035 Powder Mill Pl,Indian Trail,North Carolina,28079,,TRUE
17/04/2018,Charlotte,For Sale,4,2.5,259900,226 Regency Dr,Charlotte,North Carolina,28211,,TRUE
17/04/2018,Charlotte,For Sale,4,2.5,277900,11801 Woffington Ct,Charlotte,North Carolina,28273,,TRUE
17/04/2018,Charlotte,For Sale,5,4.5,444900,409 Conaway Ct,Waxhaw,North Carolina,28173,,FALSE
17/04/2018,Charlotte,For Sale,4,2.5,339900,8805 Oakham St,Huntersville,North Carolina,28078,,TRUE
17/04/2018,Charlotte,For Sale,3,2,194900,7637 Eastbourne Road,Charlotte,North Carolina,28227,,TRUE
17/04/2018,Charlotte,For Sale,2,2.5,153900,6205 Professional Blvd,Harrisburg,North Carolina,28075,,TRUE
17/04/2018,Charlotte,For Sale,3,2.5,202900,159 Cypress Landing,Mooresville,North Carolina,28117,,TRUE
17/04/2018,Charlotte,For Sale,2,2.5,129900,8310 Chaceview Ct,Charlotte,North Carolina,28269,,TRUE
17/04/2018,Charlotte,For Sale,2,2,290000,"3123 N Davidson St, Ste #310",Charlotte,North Carolina,28205,,TRUE
17/04/2018,Charlotte,For Sale,4,3.5,574900,15714 Strickland Court,Charlotte,North Carolina,28277,,TRUE
17/04/2018,Charlotte,For Sale,2,2,245900,4625 Piedmont Row Dr #405,Charlotte,North Carolina,28210,,FALSE
17/04/2018,Charlotte,For Sale,2,2,132900,10722 Hill Point Ct,Charlotte,North Carolina,28262,,TRUE
17/04/2018,Charlotte,For Sale,4,2.5,309900,1007 Cabra Ct,Indian Trail,North Carolina,28079,,TRUE
17/04/2018,Charlotte,For Sale,1,1,194900,1320 Fillmore Ave Unit 320,Charlotte,North Carolina,28203,,FALSE
17/04/2018,Charlotte,For Sale,4,2.5,195900,14429 Glendon Hall Lane,Charlotte,North Carolina,28262,,TRUE
