Date,City,Bathroom,Bedroom,$,Address,Address_city,State,Sq_ft,$Sq/ft(square)
17/04/2018,phoenix,2.0,2,342000,1723 N Makalu Cir,Mesa,AZ,1638,209
17/04/2018,phoenix,2.0,3,243000,5820 W Shangri La Rd,Glendale,AZ,1972,123
17/04/2018,phoenix,2.5,3,336000,17618 W Desert Ln,Surprise,AZ,2705,124
17/04/2018,phoenix,2.0,3,190000,20644 N 262nd Ave,Buckeye,AZ,1494,127
17/04/2018,phoenix,2.5,2,172000,1961 N Hartford St Unit 1140,Chandler,AZ,1184,145
17/04/2018,phoenix,2.0,3,230000,38494 N Janet Ln,Queen Creek,AZ,1823,126
17/04/2018,phoenix,2.0,3,274000,6027 W Sandra Ter,Glendale,AZ,2042,134
17/04/2018,phoenix,2.5,3,275000,1439 N Balboa,Mesa,AZ,1906,144
17/04/2018,phoenix,2.0,3,189000,14851 W Acapulco Ln,Surprise,AZ,1062,178
17/04/2018,phoenix,1.0,2,184000,7804 E Keim Dr,Scottsdale,AZ,924,199
17/04/2018,phoenix,2.0,3,188000,10008 W Montecito Ave,Phoenix,AZ,1288,146
17/04/2018,phoenix,2.0,2,208000,5303 N 7th St Unit 138,Phoenix,AZ,1168,178
17/04/2018,phoenix,3.0,4,463000,16840 S 12th Way,Phoenix,AZ,3000,154
17/04/2018,phoenix,2.0,4,316000,2193 E Stacey Rd,Gilbert,AZ,1734,182
17/04/2018,phoenix,3.0,3,333000,4118 W Saguaro Park Ln,Glendale,AZ,2215,150
17/04/2018,phoenix,2.5,4,265000,3440 W Saint Kateri Dr,Phoenix,AZ,2948,90
17/04/2018,phoenix,2.0,2,170000,1600 N Saba St Unit 105,Chandler,AZ,1200,142
17/04/2018,phoenix,2.5,3,295000,2651 E Le Grand Loop,Chandler,AZ,1961,150
17/04/2018,phoenix,2.5,4,303000,5357 W Piute Ave,Glendale,AZ,2045,148
17/04/2018,phoenix,3.0,4,312000,18645 W Verdin Rd,Goodyear,AZ,2563,122
17/04/2018,phoenix,2.0,3,202000,14342 W Ely Dr,Surprise,AZ,1246,162
17/04/2018,phoenix,2.0,2,294000,16420 N Thompson Peak Pkwy Unit 2116,Scottsdale,AZ,1338,220
17/04/2018,phoenix,2.5,3,257000,1068 S Nancy Ln,Gilbert,AZ,1588,162
17/04/2018,phoenix,2.0,3,184000,11223 W Sells Dr,Phoenix,AZ,1089,169
17/04/2018,phoenix,2.5,3,255000,2600 E Springfield Pl Unit 51,Chandler,AZ,1594,160
17/04/2018,phoenix,3.0,5,383000,7526 W Mary Jane Ln,Peoria,AZ,3201,120
17/04/2018,phoenix,2.5,3,258000,2939 S Labelle,Mesa,AZ,1501,172
17/04/2018,phoenix,1.75,3,245000,14226 Shaw Butte Dr N,Surprise,AZ,1739,141
17/04/2018,phoenix,2.0,3,198000,25350 W Park Ave,Buckeye,AZ,1553,127
17/04/2018,phoenix,3.0,4,431000,3337 E Blue Ridge Pl,Chandler,AZ,2854,151
17/04/2018,phoenix,2.0,3,296000,270 S Pineview Pl,Chandler,AZ,1488,199
17/04/2018,phoenix,3.0,3,393000,7862 W Rock Springs Dr,Peoria,AZ,2471,159
17/04/2018,phoenix,2.0,3,240000,11586 W La Reata Ave,Avondale,AZ,1624,148
17/04/2018,phoenix,2.0,4,215000,2625 E Silversmith Trl,San Tan Valley,AZ,1881,114
17/04/2018,phoenix,3.0,5,444000,8052 W Via Montoya Dr,Peoria,AZ,3406,130
17/04/2018,phoenix,2.0,3,208000,17920 N Woodrose Ave,Surprise,AZ,1398,149
17/04/2018,phoenix,2.0,3,212000,16565 W Cottonwood St,Surprise,AZ,1482,143
17/04/2018,phoenix,2.0,3,171000,1051 S Dobson Rd Unit 196,Mesa,AZ,1604,107
17/04/2018,phoenix,2.0,3,190000,12121 W Flores Dr,El Mirage,AZ,1238,153
17/04/2018,phoenix,2.0,4,278000,16413 S 46th Pl,Phoenix,AZ,1572,177
17/04/2018,phoenix,2.0,3,231000,5134 E Edgemont Ave,Phoenix,AZ,1132,204
17/04/2018,phoenix,3.0,4,252000,13339 N 151st Dr,Surprise,AZ,2607,97
17/04/2018,phoenix,2.0,4,290000,3800 E Waterman St,Gilbert,AZ,1656,175
17/04/2018,phoenix,2.75,4,330000,6402 W Maya Way,Phoenix,AZ,2091,158
17/04/2018,phoenix,2.0,3,242000,35143 N Jamaica Hope Way,San Tan Valley,AZ,2025,120
17/04/2018,phoenix,2.0,3,220000,1616 S Torre Molinos Cir,Tempe,AZ,1560,141
17/04/2018,phoenix,2.0,3,285000,3031 E Redwood Ln,Phoenix,AZ,1934,147
17/04/2018,phoenix,2.75,4,290000,2320 N Alsap Rd,Buckeye,AZ,1908,152
17/04/2018,phoenix,2.0,3,237000,4701 W Charleston Ave,Glendale,AZ,1480,160
17/04/2018,phoenix,2.5,3,221000,10316 N 116th Ln,Youngtown,AZ,2002,110
17/04/2018,phoenix,2.75,4,324000,1452 S Vine St,Gilbert,AZ,2104,154
17/04/2018,phoenix,3.0,5,421000,6759 W Yearling Rd,Peoria,AZ,3380,125
17/04/2018,phoenix,3.0,3,358000,153 W Yellow Wood Ave,San Tan Valley,AZ,2513,142
17/04/2018,phoenix,1.5,2,196000,1714 S Torre Molinos Cir,Tempe,AZ,1212,162
17/04/2018,phoenix,2.5,4,263000,870 E Stirrup Ln,San Tan Valley,AZ,2346,112
17/04/2018,phoenix,3.0,3,335000,4349 E Cullumber St,Gilbert,AZ,2147,156
17/04/2018,phoenix,2.0,3,275000,17276 E Kirk Ln,Fountain Hills,AZ,1450,190
17/04/2018,phoenix,2.0,4,275000,862 S 105th St,Mesa,AZ,1722,160
17/04/2018,phoenix,2.0,3,325000,16830 S 14th St,Phoenix,AZ,1655,196
17/04/2018,phoenix,2.0,4,275000,7213 W Sunnyside Dr,Peoria,AZ,1961,140
17/04/2018,phoenix,2.0,3,210000,25651 W Burgess Ln,Buckeye,AZ,1852,113
17/04/2018,phoenix,2.0,3,265000,13408 W Caribbean Ln,Surprise,AZ,1979,134
17/04/2018,phoenix,2.0,3,185000,31266 N Blackfoot Dr,San Tan Valley,AZ,1268,146
17/04/2018,phoenix,2.5,3,301000,30153 N 71st Dr,Peoria,AZ,1885,160
17/04/2018,phoenix,2.0,4,313000,10310 E Idaho Ave,Mesa,AZ,2047,153
17/04/2018,phoenix,2.5,4,270000,9263 E Greenway St,Mesa,AZ,2083,130
17/04/2018,phoenix,3.5,5,387000,758 W Yellow Wood Ave,San Tan Valley,AZ,4175,93
17/04/2018,phoenix,2.0,4,194000,1945 E Dust Devil Dr,Queen Creek,AZ,1772,109
17/04/2018,phoenix,3.0,5,408000,260 E Appaloosa Ct,Gilbert,AZ,3300,124
17/04/2018,phoenix,1.75,3,193000,4744 W Windrose Dr,Glendale,AZ,1301,148
17/04/2018,phoenix,2.0,3,372000,3161 W Genoa Way,Chandler,AZ,2160,172
17/04/2018,phoenix,2.0,3,368000,13225 N 91st St,Scottsdale,AZ,1654,222
17/04/2018,phoenix,3.0,4,407000,5711 S Parkcrest St,Gilbert,AZ,3292,124
17/04/2018,phoenix,2.75,4,278000,12359 W Mohave St,Avondale,AZ,2556,109
17/04/2018,phoenix,2.0,3,270000,17175 N 53rd Ave,Glendale,AZ,1575,171
17/04/2018,phoenix,2.0,2,393000,21320 N 56th St Unit 1203,Phoenix,AZ,1697,232
17/04/2018,phoenix,3.0,4,280000,1302 E Divot Dr,Tempe,AZ,1904,147
17/04/2018,phoenix,2.0,3,191000,13041 W Aster Dr,El Mirage,AZ,1520,126
17/04/2018,phoenix,2.0,3,209000,8542 W El Caminito Dr,Peoria,AZ,1127,185
17/04/2018,phoenix,2.0,3,202000,42 W Grey Stone St,San Tan Valley,AZ,1672,121
17/04/2018,phoenix,2.0,3,287000,1812 W Nido Ave,Mesa,AZ,1516,189
17/04/2018,phoenix,2.0,3,305000,3334 W Megan St,Chandler,AZ,1671,183
17/04/2018,phoenix,2.0,3,186000,381 E Mountain View Rd,Queen Creek,AZ,1440,129
17/04/2018,phoenix,2.0,3,344000,2226 W Peak View Rd,Phoenix,AZ,2313,149
17/04/2018,phoenix,3.5,6,486000,2240 E Indigo Dr,Chandler,AZ,4081,119
17/04/2018,phoenix,2.5,3,331000,15794 W Jenan Dr,Surprise,AZ,2474,134
17/04/2018,phoenix,2.0,3,251000,300 W Lyle Ave,San Tan Valley,AZ,1670,150
17/04/2018,phoenix,2.5,3,240000,2293 W San Tan Hills Dr,Queen Creek,AZ,2280,105
17/04/2018,phoenix,2.0,3,349000,6802 W Abraham Ln,Glendale,AZ,2122,164
17/04/2018,phoenix,2.0,3,180000,957 E Dust Devil Dr,Queen Creek,AZ,1440,125
17/04/2018,phoenix,2.0,3,280000,3642 E Simpson Ct,Gilbert,AZ,1498,187
17/04/2018,phoenix,2.5,4,300000,2310 W Blue Sky Dr,Phoenix,AZ,2045,147
17/04/2018,phoenix,2.0,3,250000,712 E Cornell Dr,Tempe,AZ,1267,197
17/04/2018,phoenix,2.0,3,180000,3976 E Rose Quartz Rd,San Tan Valley,AZ,1445,125
17/04/2018,phoenix,2.5,3,198000,4150 E Citrine Rd,San Tan Valley,AZ,2184,91
17/04/2018,phoenix,2.0,3,327000,10783 W Yearling Rd,Peoria,AZ,2008,163
17/04/2018,phoenix,3.5,4,412000,18029 W Banff Ln,Surprise,AZ,4500,92
17/04/2018,phoenix,2.0,3,250000,21165 W Coronado Rd,Buckeye,AZ,1756,142
17/04/2018,phoenix,1.75,3,193000,3141 W Caribbean Ln,Phoenix,AZ,1156,167
17/04/2018,phoenix,3.5,4,465000,41910 N Alistair Way,Phoenix,AZ,3290,141
17/04/2018,phoenix,3.0,5,238000,12112 W Saguaro Ln,El Mirage,AZ,2556,93
17/04/2018,phoenix,2.0,2,222000,5145 S Morning Sky Trl,Gold Canyon,AZ,1672,133
17/04/2018,phoenix,2.0,3,273000,20554 W Nelson Pl,Buckeye,AZ,1623,168
17/04/2018,phoenix,2.0,3,315000,26707 N 64th Ln,Phoenix,AZ,2014,156
17/04/2018,phoenix,2.0,3,300000,10315 E Jan Ave,Mesa,AZ,1728,174
17/04/2018,phoenix,2.5,3,265000,21037 W Wycliff Dr,Buckeye,AZ,2278,116
17/04/2018,phoenix,2.0,4,302000,2213 E Evergreen St,Mesa,AZ,2536,119
17/04/2018,phoenix,2.0,4,243000,18821 N 13th Dr,Phoenix,AZ,1521,160
17/04/2018,phoenix,2.0,2,204000,5220 E Tunder Cir,Phoenix,AZ,1130,181
17/04/2018,phoenix,2.5,4,277000,2102 N 94th Ave,Phoenix,AZ,3674,75
17/04/2018,phoenix,2.5,4,222000,12728 W Almeria Rd,Avondale,AZ,1611,138
17/04/2018,phoenix,3.0,4,282000,10142 W Riverside Ave,Tolleson,AZ,3191,88
17/04/2018,phoenix,3.0,4,338000,4256 S Red Rock St,Gilbert,AZ,2295,147
17/04/2018,phoenix,2.5,4,310000,3925 S Illinois St,Chandler,AZ,2341,132
17/04/2018,phoenix,2.0,4,295000,16541 W Rowel Rd,Surprise,AZ,3323,89
17/04/2018,phoenix,2.0,4,291000,3119 N Ellis St,Chandler,AZ,1516,192
17/04/2018,phoenix,2.0,3,248000,10264 E Crescent Ave,Mesa,AZ,1518,163
17/04/2018,phoenix,1.5,2,154000,16336 E Palisades Blvd Unit 18,Fountain Hills,AZ,1073,144
17/04/2018,phoenix,2.5,2,269000,14567 W Pasadena Ave,Litchfield Park,AZ,1600,168
17/04/2018,phoenix,1.75,3,331000,721 W Oregon Ave,Phoenix,AZ,1304,254
17/04/2018,phoenix,2.0,3,219000,10837 E Boston St,Apache Junction,AZ,1407,156
17/04/2018,phoenix,2.0,4,229000,11811 W Roanoke Ave,Avondale,AZ,1935,118
17/04/2018,phoenix,3.0,3,248000,6264 W Cochise Dr,Glendale,AZ,1757,141
17/04/2018,phoenix,2.5,3,285000,901 S Utilis Dr,Gilbert,AZ,2375,120
17/04/2018,phoenix,3.0,3,205000,14246 W Country Gables Dr,Surprise,AZ,1574,130
17/04/2018,phoenix,2.0,4,292000,1427 E Jasper Dr,Chandler,AZ,1613,181
17/04/2018,phoenix,3.0,5,271000,21068 E Pickett St,Queen Creek,AZ,2379,114
17/04/2018,phoenix,2.0,2,413000,3025 E Weldon Ave,Phoenix,AZ,1944,212
17/04/2018,phoenix,2.0,3,243000,5413 S 53rd Ave,Laveen,AZ,2072,117
17/04/2018,phoenix,2.5,4,319000,15782 W Cortez St,Surprise,AZ,3207,99
17/04/2018,phoenix,1.75,3,220000,5732 W Michelle Dr,Glendale,AZ,1240,177
17/04/2018,phoenix,2.0,3,369000,4137 E Cannon Dr,Phoenix,AZ,1593,232
17/04/2018,phoenix,2.0,3,316000,3642 E Ficus Way,Gilbert,AZ,1677,188
17/04/2018,phoenix,2.0,4,237000,3583 E Amarillo Way,San Tan Valley,AZ,1877,126
17/04/2018,phoenix,2.5,4,298000,4438 W Judson Dr,Phoenix,AZ,2160,138
17/04/2018,phoenix,3.0,4,268000,12583 W Indianola Ave,Avondale,AZ,2169,124
17/04/2018,phoenix,3.0,3,315000,1817 W Eastman Dr,Anthem,AZ,1822,173
17/04/2018,phoenix,3.0,5,373000,15636 N 184th Ln,Surprise,AZ,3045,122
17/04/2018,phoenix,2.75,3,251000,4857 W Cochise Dr,Glendale,AZ,2106,119
17/04/2018,phoenix,2.5,3,191000,28591 N Dolomite Ln,Queen Creek,AZ,1803,106
17/04/2018,phoenix,3.0,5,376000,13500 S 183rd Dr,Goodyear,AZ,3091,122
17/04/2018,phoenix,2.0,2,297000,4305 E Tanglewood Dr,Phoenix,AZ,1551,191
17/04/2018,phoenix,2.0,4,240000,12934 W Clarendon Ave,Avondale,AZ,1632,147
17/04/2018,phoenix,2.0,2,219000,11674 W Cholla Ct,Surprise,AZ,1518,144
17/04/2018,phoenix,2.0,2,348000,7936 E Pecos Ln,Scottsdale,AZ,1651,211
17/04/2018,phoenix,2.0,3,276000,1428 W Weatherby Way,Chandler,AZ,1667,166
17/04/2018,phoenix,3.0,5,427000,3135 S Birch St,Gilbert,AZ,3398,126
17/04/2018,phoenix,1.75,3,356000,20431 N 99th Dr,Peoria,AZ,2286,156
17/04/2018,phoenix,2.0,3,183000,4600 E Sierrita Rd,San Tan Valley,AZ,1737,105
17/04/2018,phoenix,2.0,3,276000,6456 E Virginia St,Mesa,AZ,1542,179
17/04/2018,phoenix,2.5,2,165000,1970 N Hartford St Unit 17,Chandler,AZ,1136,145
17/04/2018,phoenix,2.5,3,313000,2309 E Gondola Ln,Gilbert,AZ,2132,147
17/04/2018,phoenix,2.5,3,277000,3218 N 129th Dr,Avondale,AZ,2159,128
17/04/2018,phoenix,2.5,3,288000,4437 E Annette Dr,Phoenix,AZ,1748,165
17/04/2018,phoenix,2.0,3,301000,542 W Horseshoe Ave,Gilbert,AZ,1614,186
17/04/2018,phoenix,3.0,4,314000,5132 N 193rd Ave,Litchfield Park,AZ,2844,110
17/04/2018,phoenix,3.0,4,394000,40145 N Gershwin Dr,Anthem,AZ,2649,149
17/04/2018,phoenix,3.0,5,370000,10908 W Sieno Pl,Avondale,AZ,2869,129
17/04/2018,phoenix,4.0,5,400000,1071 E Ivanhoe St,Gilbert,AZ,3400,118
17/04/2018,phoenix,3.5,4,234000,828 E Denim Trl,San Tan Valley,AZ,2856,82
17/04/2018,phoenix,3.5,5,336000,17738 W Desert Ln,Surprise,AZ,3537,95
17/04/2018,phoenix,3.0,3,402000,1244 S Palomino Creek Dr,Gilbert,AZ,2554,157
17/04/2018,phoenix,3.0,5,341000,955 W Barcelona Dr,Gilbert,AZ,2524,135
17/04/2018,phoenix,2.0,4,269000,12811 N 79th Dr,Peoria,AZ,1925,140
17/04/2018,phoenix,2.5,4,218000,16206 W Lupine Ave,Goodyear,AZ,1611,135
17/04/2018,phoenix,2.5,2,360000,3222 W Hazelhurst Ln,Phoenix,AZ,2296,157
17/04/2018,phoenix,2.0,3,243000,13165 W Monte Vista Dr,Goodyear,AZ,1686,144
17/04/2018,phoenix,2.5,3,325000,5652 E Encanto St,Mesa,AZ,2188,149
17/04/2018,phoenix,2.5,3,284000,21013 W Wycliff Dr,Buckeye,AZ,2278,125
17/04/2018,phoenix,3.0,4,312000,18443 W Paseo Way,Goodyear,AZ,2461,127
17/04/2018,phoenix,3.0,4,346000,1023 S Annie Ln,Gilbert,AZ,2849,121
17/04/2018,phoenix,1.75,2,235000,40261 N La Cantera Dr,Anthem,AZ,1454,162
17/04/2018,phoenix,2.0,2,238000,1250 E Bethany Home Rd Unit 5,Phoenix,AZ,1232,193
17/04/2018,phoenix,3.0,3,266000,4526 E Del Rio St,Gilbert,AZ,1928,138
17/04/2018,phoenix,2.5,3,225000,5336 E Fairfield St,Mesa,AZ,1195,188
17/04/2018,phoenix,2.0,3,272000,4302 E Windmere Dr,Phoenix,AZ,1352,201
17/04/2018,phoenix,2.5,3,199000,941 E Mountain View Rd,San Tan Valley,AZ,2114,94
17/04/2018,phoenix,2.0,3,335000,6125 E Snowdon St,Mesa,AZ,2039,164
17/04/2018,phoenix,2.0,2,186000,26144 W Oraibi Dr,Buckeye,AZ,1261,148
17/04/2018,phoenix,1.75,2,206000,9355 N 91st St Unit 230,Scottsdale,AZ,979,210
17/04/2018,phoenix,2.0,3,225000,1050 W Deoni Trl,San Tan Valley,AZ,2025,111
17/04/2018,phoenix,2.5,3,212000,3829 W Shumway Farm Rd,Phoenix,AZ,2023,105
17/04/2018,phoenix,2.0,4,318000,17380 N 84th Ln,Peoria,AZ,1980,161
17/04/2018,phoenix,2.0,3,227000,232 S 124th Ave,Avondale,AZ,1691,134
17/04/2018,phoenix,2.5,3,386000,6010 E Rancho Manana Blvd,Cave Creek,AZ,1808,213
17/04/2018,phoenix,3.5,4,351000,10763 W Cottontail Ln,Peoria,AZ,2721,129
17/04/2018,phoenix,2.5,3,268000,4220 W Fallen Leaf Ln,Glendale,AZ,1816,148
17/04/2018,phoenix,2.5,4,226000,1234 E Canyon Trl,San Tan Valley,AZ,2677,84
17/04/2018,phoenix,2.0,3,198000,30194 N Royal Oak Way,San Tan Valley,AZ,1631,121
17/04/2018,phoenix,2.0,3,234000,3634 W Saguaro Park Ln,Glendale,AZ,1311,178
17/04/2018,phoenix,3.0,4,284000,18110 E San Luis Dr,Gold Canyon,AZ,3242,88
17/04/2018,phoenix,2.0,4,335000,33614 N 25th Dr,Phoenix,AZ,2309,145
17/04/2018,phoenix,1.75,2,270000,615 E Portland St,Phoenix,AZ,1288,210
17/04/2018,phoenix,2.0,3,234000,4815 W Aster Dr,Glendale,AZ,1865,125
17/04/2018,phoenix,2.0,2,261000,6641 E Rochelle Cir,Mesa,AZ,1682,155
17/04/2018,phoenix,3.5,4,336000,20700 W Delaney Dr,Buckeye,AZ,3303,102
17/04/2018,phoenix,2.0,4,288000,757 N Oakland,Mesa,AZ,1837,157
17/04/2018,phoenix,2.0,3,208000,363 W Gascon Rd,San Tan Valley,AZ,1672,124
17/04/2018,phoenix,2.5,3,259000,4006 N Copenhagen Dr,Avondale,AZ,2219,117
17/04/2018,phoenix,2.0,4,278000,12020 W Melinda Ln,Sun City,AZ,2041,136
17/04/2018,phoenix,3.0,4,219000,3756 W Belle Ave,Queen Creek,AZ,2220,99
17/04/2018,phoenix,2.0,3,262000,5549 E Drummer Ave,Mesa,AZ,1332,197
17/04/2018,phoenix,2.5,3,285000,2904 S 81st St,Mesa,AZ,2336,122
17/04/2018,phoenix,3.0,4,413000,4205 S Cordia Ct,Gold Canyon,AZ,2964,139
17/04/2018,phoenix,2.0,3,187000,12821 W Via Camille,El Mirage,AZ,1308,143
17/04/2018,phoenix,2.0,3,314000,18025 W Cassia Way,Goodyear,AZ,2399,131
17/04/2018,phoenix,3.0,5,324000,323 W Yellow Wood Ave,San Tan Valley,AZ,3316,98
17/04/2018,phoenix,1.75,3,245000,21382 E Alyssa Rd,Queen Creek,AZ,1586,154
17/04/2018,phoenix,2.0,3,221000,7384 W Greer Ave,Peoria,AZ,1513,146
17/04/2018,phoenix,3.5,5,428000,12253 W Ashby Dr,Peoria,AZ,3841,111
17/04/2018,phoenix,2.5,3,400000,5714 E Monte Cristo Ave,Scottsdale,AZ,1755,228
17/04/2018,phoenix,2.0,4,287000,3855 E Dewberry Ave,Mesa,AZ,1766,163
17/04/2018,phoenix,2.5,4,337000,16423 N 39th Pl,Phoenix,AZ,2292,147
17/04/2018,phoenix,2.0,3,214000,18402 N 56th Ln,Glendale,AZ,1308,164
17/04/2018,phoenix,2.0,4,243000,14863 W Larkspur Dr,Surprise,AZ,2043,119
17/04/2018,phoenix,2.5,4,478000,4961 S Rincon Dr,Chandler,AZ,2964,161
17/04/2018,phoenix,2.0,3,189000,1448 E Saguaro Trl,San Tan Valley,AZ,1268,149
17/04/2018,phoenix,2.5,4,244000,13741 W Port Royale Ln,Surprise,AZ,2387,102
17/04/2018,phoenix,2.0,3,331000,3937 E Keresan St,Phoenix,AZ,2156,154
17/04/2018,phoenix,2.0,3,260000,516 W Villa Maria Dr,Phoenix,AZ,1417,183
17/04/2018,phoenix,2.0,2,264000,3870 S Posse Trl,Gilbert,AZ,1543,171
17/04/2018,phoenix,2.5,3,302000,15338 S 180th Ave,Goodyear,AZ,2310,131
17/04/2018,phoenix,3.0,5,331000,17834 W Verdin Rd,Goodyear,AZ,2615,127
17/04/2018,phoenix,2.0,3,238000,2533 E Inverness Ave,Mesa,AZ,1456,163
17/04/2018,phoenix,2.5,5,269000,17845 W Maui Ln,Surprise,AZ,2495,108
17/04/2018,phoenix,2.0,3,297000,10253 E Jerome Ave,Mesa,AZ,2085,142
17/04/2018,phoenix,2.0,4,273000,25976 W Runion Dr,Buckeye,AZ,2386,114
17/04/2018,phoenix,2.0,4,320000,6814 W Monona Dr,Glendale,AZ,1779,180
17/04/2018,phoenix,2.5,4,309000,15398 W Montecito Ave,Goodyear,AZ,2230,139
17/04/2018,phoenix,2.0,3,421000,8232 E Buena Terra Way,Scottsdale,AZ,1852,227
17/04/2018,phoenix,4.5,5,425000,15309 W Turney Ave,Goodyear,AZ,4135,103
17/04/2018,phoenix,2.0,4,257000,2452 E Blanche Dr,Phoenix,AZ,1500,171
17/04/2018,phoenix,2.0,3,209000,316 W Dragon Tree Ave,Queen Creek,AZ,1446,145
17/04/2018,phoenix,2.0,4,324000,9661 E Olla Ave,Mesa,AZ,2308,140
17/04/2018,phoenix,2.5,3,195000,7493 S Morning Dew Ln,Buckeye,AZ,1874,104
17/04/2018,phoenix,2.5,3,271000,2384 W Dusty Wren Dr,Phoenix,AZ,1882,144
17/04/2018,phoenix,2.0,3,304000,3077 E Merlot St,Gilbert,AZ,1815,167
17/04/2018,phoenix,2.5,4,336000,10768 W Avenida Del Rey,Peoria,AZ,2743,122
17/04/2018,phoenix,2.5,3,313000,20608 W Legend Trl,Buckeye,AZ,2850,110
17/04/2018,phoenix,2.5,3,250000,12521 W Via Dona Rd,Peoria,AZ,1982,126
17/04/2018,phoenix,2.5,4,255000,18022 W Mission Ln,Waddell,AZ,2438,105
17/04/2018,phoenix,2.0,3,319000,1703 W Hiddenview Dr,Phoenix,AZ,1691,189
17/04/2018,phoenix,2.5,3,446000,28020 N 16th Gln,Phoenix,AZ,2336,191
17/04/2018,phoenix,2.0,3,296000,11006 E Serafina Ave,Mesa,AZ,2112,140
17/04/2018,phoenix,2.0,4,282000,5407 E Forge Ave,Mesa,AZ,1887,149
17/04/2018,phoenix,2.5,4,363000,26914 N 54th Ave,Phoenix,AZ,3077,118
17/04/2018,phoenix,2.0,3,210000,6510 N 3rd Ave Unit 4,Phoenix,AZ,1266,166
17/04/2018,phoenix,2.0,4,272000,3845 W Ashton Dr,Anthem,AZ,1827,149
17/04/2018,phoenix,2.0,3,205000,16121 N 26th Pl,Phoenix,AZ,1212,169
17/04/2018,phoenix,2.0,3,263000,13541 S 184th Ave,Goodyear,AZ,1854,142
17/04/2018,phoenix,2.0,3,264000,5751 S Brittany Ln,Tempe,AZ,1470,180
17/04/2018,phoenix,2.0,4,210000,165 E Diamond Trl,San Tan Valley,AZ,1873,112
17/04/2018,phoenix,2.0,3,400000,3822 E White Aster St,Phoenix,AZ,1957,204
17/04/2018,phoenix,1.75,3,239000,2833 W Michigan Ave,Phoenix,AZ,1445,165
17/04/2018,phoenix,2.5,4,384000,26261 N 74th Dr,Peoria,AZ,2948,130
17/04/2018,phoenix,2.0,3,280000,15315 S 181st Dr,Goodyear,AZ,2061,136
17/04/2018,phoenix,3.0,4,355000,4540 W Powell Dr,New River,AZ,3433,103
17/04/2018,phoenix,2.0,4,326000,8725 E Chaparral Rd,Scottsdale,AZ,1290,253
17/04/2018,phoenix,1.0,1,122000,5345 E Van Buren St Unit 203,Phoenix,AZ,777,157
17/04/2018,phoenix,2.0,3,274000,17750 W Georgia Dr,Surprise,AZ,2144,128
17/04/2018,phoenix,2.0,3,312000,1343 W Los Lagos Vis,Mesa,AZ,2146,145
17/04/2018,phoenix,2.5,4,280000,1403 W Villa Theresa Dr,Phoenix,AZ,1997,140
17/04/2018,phoenix,2.5,4,277000,18084 W Post Dr,Surprise,AZ,2800,99
17/04/2018,phoenix,2.5,4,355000,2047 E Cielo Grande Ave,Phoenix,AZ,2676,133
17/04/2018,phoenix,2.0,3,300000,17969 W Agave Rd,Goodyear,AZ,2421,124
17/04/2018,phoenix,2.5,3,238000,3030 N Acacia Way,Buckeye,AZ,1890,126
17/04/2018,phoenix,3.0,4,249000,13347 N 151st Dr,Surprise,AZ,2607,96
17/04/2018,phoenix,2.0,2,180000,1825 W Ray Rd Apt 1070,Chandler,AZ,824,218
17/04/2018,phoenix,2.0,3,255000,17654 N 6th Ave,Phoenix,AZ,1651,154
17/04/2018,phoenix,2.0,2,221000,5312 W Columbine Dr,Glendale,AZ,1446,153
17/04/2018,phoenix,2.0,4,266000,12837 N 140th Dr,Surprise,AZ,2078,128
17/04/2018,phoenix,2.0,3,288000,17940 W Verdin Rd,Goodyear,AZ,2035,142
17/04/2018,phoenix,2.5,3,246000,333 W Le Marche Ave,Phoenix,AZ,1450,170
17/04/2018,phoenix,3.0,4,297000,3810 N Wintergreen Way,Avondale,AZ,2869,104
17/04/2018,phoenix,2.5,4,335000,813 W Thunderbird Rd,Phoenix,AZ,2353,142
17/04/2018,phoenix,3.0,5,290000,18070 E San Luis Dr,Gold Canyon,AZ,3272,89
17/04/2018,dallas,3.0,3,223000,908 Comiskey Ct,Saginaw,TX,2173,103
17/04/2018,dallas,2.0,3,238000,8726 Kimberly Ln,Frisco,TX,1645,145
17/04/2018,dallas,2.0,3,312000,5675 Tim Donald Rd,Justin,TX,1787,175
17/04/2018,dallas,2.0,3,229000,1204 S Kentucky St,McKinney,TX,1445,158
17/04/2018,dallas,2.1,4,281000,1391 Providence Blvd,Providence Village,TX,2638,107
17/04/2018,dallas,2.0,4,242000,729 Seabourne Dr,Saginaw,TX,1750,138
17/04/2018,dallas,2.5,3,203000,2009 Whispering Hills Dr,Forney,TX,2041,99
17/04/2018,dallas,2.0,4,275000,1344 Finley Dr,Plano,TX,1711,161
17/04/2018,dallas,2.0,3,272000,5016 Coney Island Dr,Frisco,TX,1715,159
17/04/2018,dallas,2.0,3,170000,1517 Natches Dr,Arlington,TX,1458,117
17/04/2018,dallas,2.0,3,233000,9101 Warren Dr,McKinney,TX,1471,158
17/04/2018,dallas,2.5,4,260000,6600 Corral Ln,Denton,TX,2566,101
17/04/2018,dallas,3.1,4,399000,4304 Rock Springs Dr,Plano,TX,2969,134
17/04/2018,dallas,3.0,4,288000,3413 Oceanview Dr,Denton,TX,2601,111
17/04/2018,dallas,2.0,3,258000,2316 Hollybush Ln,Bedford,TX,1881,137
17/04/2018,dallas,2.0,3,212000,6506 White Oak Dr,Rowlett,TX,1354,157
17/04/2018,dallas,2.5,4,214000,2206 W Nathan Lowe Rd,Arlington,TX,1712,125
17/04/2018,dallas,2.1,4,258000,3157 Longbow Dr,Grand Prairie,TX,2950,87
17/04/2018,dallas,2.0,4,228000,322 E Schreiber St,Garland,TX,1766,129
17/04/2018,dallas,2.0,4,228000,6722 Snapdragon Ln,Arlington,TX,1832,124
17/04/2018,dallas,2.0,3,212000,8928 Silent Brook Ln,Fort Worth,TX,1665,127
17/04/2018,dallas,2.0,3,262000,3117 Teakwood Dr,Bedford,TX,1686,155
17/04/2018,dallas,2.0,3,200000,701 Thornwood Trl,Grand Prairie,TX,1631,123
17/04/2018,dallas,2.1,3,237000,15712 Wheelhorse Trl,Roanoke,TX,1778,133
17/04/2018,dallas,2.0,3,261000,8304 Sonnet Dr,McKinney,TX,1360,192
17/04/2018,dallas,2.0,3,221000,1011 Richmond Ln,Forney,TX,2040,108
17/04/2018,dallas,4.0,4,278000,733 Acacia Dr,Anna,TX,3137,89
17/04/2018,dallas,3.0,4,294000,2319 Everton Dr,Arlington,TX,2870,102
17/04/2018,dallas,2.0,3,198000,16728 Woodside Dr,Justin,TX,1701,116
17/04/2018,dallas,2.0,3,227000,833 Hems Ln,Arlington,TX,2261,100
17/04/2018,dallas,2.0,3,298000,9028 Fringewood Dr,Dallas,TX,1900,157
17/04/2018,dallas,2.0,3,226000,6016 Beachview Ln,Fort Worth,TX,1638,138
17/04/2018,dallas,2.0,3,184000,1829 Overland St,Fort Worth,TX,1363,135
17/04/2018,dallas,4.0,5,471000,3005 Springbranch Dr,Richardson,TX,3626,130
17/04/2018,dallas,2.0,3,190000,445 Buoy Dr,Crowley,TX,1625,117
17/04/2018,dallas,2.1,4,262000,13204 Fiddlers Trl,Fort Worth,TX,2591,101
17/04/2018,dallas,2.1,4,213000,10528 Winding Passage Way,Fort Worth,TX,2201,97
17/04/2018,dallas,2.0,3,198000,3144 Pebblebrook Ct,Garland,TX,1872,106
17/04/2018,dallas,2.5,2,194000,3041 Peyton Brook Dr,Fort Worth,TX,1433,135
17/04/2018,dallas,2.0,3,208000,4026 Cedar Creek Dr,Garland,TX,1778,117
17/04/2018,dallas,2.0,3,182000,400 Conditt Cir,Denton,TX,1253,145
17/04/2018,dallas,2.5,3,290000,9181 Benevolent Ct,Aubrey,TX,2760,105
17/04/2018,dallas,1.5,3,179000,2709 Mill Pond Rd,Garland,TX,1055,170
17/04/2018,dallas,2.0,4,250000,8937 Weller Ln,Fort Worth,TX,2131,117
17/04/2018,dallas,2.0,4,225000,420 Ame Ln,Royse City,TX,2130,106
17/04/2018,dallas,2.0,4,200000,9732 Minton Dr,Fort Worth,TX,1870,107
17/04/2018,dallas,2.0,2,157000,13921 Brookgreen Dr,Dallas,TX,1092,144
17/04/2018,dallas,3.0,4,189000,3056 San Marcos Dr,Fort Worth,TX,3002,63
17/04/2018,dallas,2.0,3,239000,4509 Marguerite Ln,Fort Worth,TX,2272,105
17/04/2018,dallas,2.5,3,268000,1416 Treeline Dr,Desoto,TX,2420,111
17/04/2018,dallas,2.0,3,200000,2111 Azalea St,Denton,TX,1432,140
17/04/2018,dallas,3.0,4,380000,1108 Badger Vine Ln,Arlington,TX,2527,150
17/04/2018,dallas,2.0,3,180000,7600 Kingsmill Ter,Fort Worth,TX,1723,104
17/04/2018,dallas,2.0,4,217000,6309 Stone Lake Ct,Fort Worth,TX,1928,113
17/04/2018,dallas,2.0,3,253000,1313 Riverside Rd,Roanoke,TX,1854,136
17/04/2018,dallas,2.0,4,278000,928 Albany Dr,Fort Worth,TX,2600,107
17/04/2018,dallas,2.0,3,222000,2440 Barzona Dr,Fort Worth,TX,1600,139
17/04/2018,dallas,2.0,3,263000,509 Sides Ct,Lewisville,TX,1761,149
17/04/2018,dallas,3.5,5,327000,4951 Eyrie Ct,Grand Prairie,TX,3360,97
17/04/2018,dallas,1.5,2,242000,9933 Castlewood Dr,Plano,TX,1448,167
17/04/2018,dallas,2.5,4,313000,9 Red Oak Ct,Mansfield,TX,2481,126
17/04/2018,dallas,2.0,4,200000,853 Beaver Creek Dr,Burleson,TX,1706,117
17/04/2018,dallas,3.0,4,313000,1818 Rocky Creek Dr,Duncanville,TX,2782,113
17/04/2018,dallas,3.0,3,313000,4101 Carmel Mountain Dr,McKinney,TX,2509,125
17/04/2018,dallas,2.0,3,220000,413 Harvard Dr,Glenn Heights,TX,1766,125
17/04/2018,dallas,2.0,4,267000,924 Marble Creek Dr,Wylie,TX,2057,130
17/04/2018,dallas,2.1,3,329000,3103 Vicky Ct,Garland,TX,2147,153
17/04/2018,dallas,2.0,3,225000,3002 Lake Terrace Dr,Wylie,TX,1560,144
17/04/2018,dallas,2.0,3,236000,2612 Trumpet Dr,Rowlett,TX,1676,141
17/04/2018,dallas,2.0,3,227000,1820 Cordia Dr,Mesquite,TX,2046,111
17/04/2018,dallas,2.5,4,307000,3808 Bluff Creek Ln,McKinney,TX,2756,111
17/04/2018,dallas,2.0,3,208000,2209 Polo Club Ct,Arlington,TX,1623,128
17/04/2018,dallas,2.0,3,247000,5124 Nash Ln,Fort Worth,TX,1503,164
17/04/2018,dallas,2.5,3,225000,8925 Wayne St,Crossroads,TX,1867,121
17/04/2018,dallas,2.5,4,298000,2192 Erwin Dr,Euless,TX,2312,129
17/04/2018,dallas,2.0,4,266000,263 Callaghan Dr,Fate,TX,1849,144
17/04/2018,dallas,2.5,3,204000,3917 Lois Cir,Rowlett,TX,1711,119
17/04/2018,dallas,3.5,5,374000,13018 Ambrose Dr,Frisco,TX,3827,98
17/04/2018,dallas,3.0,5,258000,16408 Red River Ln,Fort Worth,TX,3448,75
17/04/2018,dallas,2.5,3,230000,107 Southwestern Dr,Forney,TX,2496,92
17/04/2018,dallas,2.5,4,241000,1628 Deerwood Dr,Rockwall,TX,2345,103
17/04/2018,dallas,2.0,4,227000,2922 Potomac Ave,Mesquite,TX,2170,105
17/04/2018,dallas,2.0,3,350000,10109 Forrest Dr,Frisco,TX,1981,177
17/04/2018,dallas,2.0,3,256000,1140 Rosemary Ct,Burleson,TX,2050,125
17/04/2018,dallas,2.0,4,213000,5844 Burgundy Rose Dr,Fort Worth,TX,1713,124
17/04/2018,dallas,2.5,4,255000,7867 Teal Dr,Fort Worth,TX,2450,104
17/04/2018,dallas,2.0,3,217000,2529 Hawk Dr,Mesquite,TX,1936,112
17/04/2018,dallas,2.5,3,227000,3616 Hudgins Ranch Rd,Roanoke,TX,2014,113
17/04/2018,dallas,2.0,3,242000,5908 Paddlefish Dr,Fort Worth,TX,1884,128
17/04/2018,dallas,2.0,3,294000,4205 Hawkins Dr,McKinney,TX,1988,148
17/04/2018,dallas,2.0,4,259000,6337 Seagull Ln,Fort Worth,TX,1566,165
17/04/2018,dallas,2.5,4,238000,2625 Tuscan View Dr,Fort Worth,TX,3003,79
17/04/2018,dallas,2.5,3,269000,5505 Cojimar Dr,McKinney,TX,1852,145
17/04/2018,dallas,2.5,3,300000,4651 Blue Sage Ct,Fort Worth,TX,3031,99
17/04/2018,dallas,4.0,4,298000,5700 Christy Ln,Haltom City,TX,3252,92
17/04/2018,dallas,2.0,3,210000,5300 Yampa Trl,Watauga,TX,1698,124
17/04/2018,dallas,2.5,3,219000,6337 Mystic Falls Dr,Fort Worth,TX,2043,107
17/04/2018,dallas,2.0,4,175000,13437 Baldcypress Dr,Dallas,TX,1475,119
17/04/2018,dallas,2.5,4,254000,10700 Lipan Trl,Fort Worth,TX,3088,82
17/04/2018,dallas,2.5,4,257000,941 John Kennedy Dr,Saginaw,TX,3380,76
17/04/2018,dallas,2.5,3,258000,7605 Woodthrush Dr,Dallas,TX,1535,168
17/04/2018,dallas,2.0,3,251000,1815 Avonlea Dr,Rockwall,TX,1825,138
17/04/2018,dallas,2.0,3,202000,5108 South Dr,Fort Worth,TX,1953,103
17/04/2018,dallas,2.5,4,242000,5221 Austin Ridge Dr,Fort Worth,TX,2419,100
17/04/2018,dallas,2.0,3,205000,436 Sandy Creek Dr,Fort Worth,TX,1679,122
17/04/2018,dallas,2.5,5,283000,2001 Hickory Dr,Little Elm,TX,3063,92
17/04/2018,dallas,2.0,3,244000,1730 Windswept Dr,Midlothian,TX,1720,142
17/04/2018,dallas,2.5,4,213000,438 Essex Dr,Mesquite,TX,2311,92
17/04/2018,dallas,2.0,3,276000,3033 Bigleaf Dr,Little Elm,TX,1838,150
17/04/2018,dallas,2.5,4,244000,2015 Crosby Dr,Forney,TX,2520,97
17/04/2018,dallas,2.0,3,237000,7717 Berrenda Dr,Fort Worth,TX,1941,122
17/04/2018,dallas,2.0,4,213000,505 Country View Ln,Garland,TX,2108,101
17/04/2018,dallas,2.5,4,259000,603 Loxley Dr,Wylie,TX,2306,112
17/04/2018,dallas,2.0,3,216000,8213 Chesham Dr,Rowlett,TX,1498,144
17/04/2018,dallas,2.0,4,248000,802 Tanglewood Ln,Arlington,TX,2016,123
17/04/2018,dallas,2.0,3,179000,1432 Paintbrush St,Mesquite,TX,1526,117
17/04/2018,dallas,2.0,4,209000,6232 Whitman Ave,Fort Worth,TX,1962,107
17/04/2018,dallas,2.0,3,233000,1102 Lowndes Ln,Wylie,TX,1868,125
17/04/2018,dallas,2.0,3,246000,904 Whitehall Dr,Plano,TX,1744,141
17/04/2018,dallas,2.5,2,192000,6816 Carrington Ln,Fort Worth,TX,1433,134
17/04/2018,dallas,2.5,3,287000,2646 Hidden Ridge Dr,Arlington,TX,2613,110
17/04/2018,dallas,3.5,3,312000,10302 Bent Tree Dr,Rowlett,TX,2891,108
17/04/2018,dallas,1.5,3,151000,12647 Bluffview Dr,Balch Springs,TX,1251,121
17/04/2018,dallas,2.0,3,253000,732 Shadow River Dr,Fort Worth,TX,1890,134
17/04/2018,dallas,3.0,4,287000,1602 Churchill Way,Rowlett,TX,2629,109
17/04/2018,dallas,2.0,3,204000,1503 Sharon Dr,Cedar Hill,TX,1661,123
17/04/2018,dallas,2.5,4,259000,7904 Shoshoni Dr,Arlington,TX,2430,107
17/04/2018,dallas,3.0,4,272000,5440 Shasta Ridge Ct,Fort Worth,TX,2457,111
17/04/2018,dallas,2.5,3,254000,709 Cardinal Ridge Rd,Burleson,TX,2082,122
17/04/2018,dallas,2.0,3,273000,643 Morgan Dr,Grand Prairie,TX,2141,128
17/04/2018,dallas,2.0,4,241000,521 Chestnut Trl,Forney,TX,2325,104
17/04/2018,dallas,2.5,2,218000,17820 Windflower Way Unit 1004,Dallas,TX,1297,168
17/04/2018,dallas,2.0,3,169488,401 Carl C Senter St,Forney,TX,1417,120
17/04/2018,dallas,2.5,3,277000,11506 Ocean Rd,Frisco,TX,1829,151
17/04/2018,dallas,2.5,4,371000,9005 Nolan Ct,Plano,TX,2988,124
17/04/2018,dallas,3.5,5,385000,2621 Annamarie Dr,Little Elm,TX,3252,118
17/04/2018,dallas,2.5,4,320000,2617 Cedar Elm Ln,Plano,TX,2379,135
17/04/2018,dallas,3.5,4,432000,1210 Billie Johnson Ln,Garland,TX,3821,113
17/04/2018,dallas,3.0,4,397000,3824 Walden Way,Dallas,TX,3100,128
17/04/2018,dallas,2.0,3,282000,13801 Bluebell Dr,Little Elm,TX,1851,152
17/04/2018,dallas,2.5,4,378000,1706 Altacrest Dr,Grapevine,TX,2890,131
17/04/2018,dallas,2.0,3,275000,2824 Sharpview Ln,Dallas,TX,2005,137
17/04/2018,dallas,3.5,4,309000,4816 Timberview Ct,Lewisville,TX,2036,152
17/04/2018,dallas,3.0,4,380000,3624 Timothy Dr,Flower Mound,TX,2747,138
17/04/2018,dallas,3.5,5,335000,1530 Cat Mountain Trl,Keller,TX,2475,135
17/04/2018,dallas,2.0,3,294000,229 S Heartz Rd,Coppell,TX,1903,154
17/04/2018,dallas,3.0,4,381000,3906 Jasmine Fox Ln,Euless,TX,2742,139
17/04/2018,dallas,3.0,3,409000,3048 Mitchell Way,The Colony,TX,2925,140
17/04/2018,dallas,2.5,4,314000,8504 Ontario Dr,McKinney,TX,2897,108
17/04/2018,dallas,2.0,3,275000,4009 Sonora Dr,Plano,TX,1975,139
17/04/2018,dallas,3.0,4,265000,2105 Inverness Dr,Arlington,TX,2523,105
17/04/2018,dallas,2.0,4,295000,1200 Wedglea Dr,Bedford,TX,2092,141
17/04/2018,dallas,2.0,4,189000,7114 Lost Canyon Dr,Dallas,TX,1760,107
17/04/2018,dallas,2.5,3,182500,804 Chateau Valee Cir,Bedford,TX,1719,106
17/04/2018,dallas,2.0,3,369000,10222 Vinemont St,Dallas,TX,1906,194
17/04/2018,dallas,2.5,3,275000,5908 Tuleys Creek Dr,Fort Worth,TX,2369,116
17/04/2018,dallas,3.0,4,449000,5805 Steeplechase Dr,Plano,TX,2987,150
17/04/2018,dallas,3.5,4,394000,1908 Mossy Oak St,Arlington,TX,4349,91
17/04/2018,las_vegas,2.5,3,273000,3967 Shimmering Plains St,Las Vegas,NV,1818,150
17/04/2018,las_vegas,3.0,3,312000,10814 Merrimack Ave,Las Vegas,NV,2130,146
17/04/2018,las_vegas,2.0,4,309000,1309 Fantastic Ct,North Las Vegas,NV,2354,131
17/04/2018,las_vegas,2.5,3,307000,3198 Monaco Shores Dr,Las Vegas,NV,1957,157
17/04/2018,las_vegas,2.5,2,139000,2461 Old Forge Ln Apt 107,Las Vegas,NV,1207,115
17/04/2018,las_vegas,3.0,3,297000,1093 Cactus Rock St,Henderson,NV,1956,152
17/04/2018,las_vegas,3.0,3,338000,71 Tanglewood Dr,Henderson,NV,1801,188
17/04/2018,las_vegas,2.0,4,387000,616 Effort Dr,Las Vegas,NV,2187,177
17/04/2018,las_vegas,3.0,4,425000,2112 White Falls St,Las Vegas,NV,2347,181
17/04/2018,las_vegas,2.5,3,276000,10008 Via Toro Ave,Las Vegas,NV,1551,178
17/04/2018,las_vegas,2.5,3,286000,7920 Bartlett Peak St,Las Vegas,NV,1608,178
17/04/2018,las_vegas,2.5,3,294000,10091 Trotter Peak St,Las Vegas,NV,1668,176
17/04/2018,las_vegas,1.5,1,122000,307 Pecos Way,Las Vegas,NV,1320,92
17/04/2018,las_vegas,2.0,3,317000,6990 Flowering Willow St,Las Vegas,NV,1749,181
17/04/2018,las_vegas,2.0,2,249000,9306 Quiet Mist Ct,Las Vegas,NV,1596,156
17/04/2018,las_vegas,2.5,3,238000,10413 Coyote Cub Ave,Las Vegas,NV,1435,166
17/04/2018,las_vegas,2.5,3,275000,3329 Catherine Mermet Ave,North Las Vegas,NV,1835,150
17/04/2018,las_vegas,3.0,4,348000,8123 Mosaic Sunrise Ln,Las Vegas,NV,2261,154
17/04/2018,las_vegas,2.0,3,279000,1314 Healing Waters Ln,North Las Vegas,NV,1826,153
17/04/2018,las_vegas,3.0,5,413000,8638 Dove Forest Ct,Henderson,NV,2846,145
17/04/2018,las_vegas,2.5,3,422000,10607 Tranquil Glade Ln,Las Vegas,NV,2467,171
17/04/2018,las_vegas,4.5,4,412000,3141 Degas Tapestry Ave,Henderson,NV,3122,132
17/04/2018,atlanta,3.0,4,235000,2760 Oak Meadow Dr,Snellville,GA,2092,112
17/04/2018,atlanta,2.0,3,114000,705 Village Overlook,McDonough,GA,1259,91
17/04/2018,atlanta,2.5,3,433000,425 Cameron Woods Ct,Alpharetta,GA,2529,171
17/04/2018,atlanta,2.5,4,325000,2687 Bogan Creek Dr,Buford,GA,3050,107
17/04/2018,atlanta,2.0,3,133000,110 Branchwood Dr,Covington,GA,1295,103
17/04/2018,atlanta,3.5,4,431000,971 White Cloud Rdg,Snellville,GA,3119,138
17/04/2018,atlanta,4.0,4,379000,2693 Blairsden Pl NW,Kennesaw,GA,4241,89
17/04/2018,atlanta,3.0,4,217000,4890 Gold Mine Dr,Sugar Hill,GA,1954,111
17/04/2018,atlanta,2.5,4,323000,4395 Mabry Ln,Roswell,GA,2182,148
17/04/2018,atlanta,3.5,4,530000,2020 Anderson Dr SE,Smyrna,GA,3508,151
17/04/2018,atlanta,3.0,4,415000,2915 Roxburgh Dr,Roswell,GA,1959,212
17/04/2018,atlanta,4.0,3,311000,11252 Musette Cir,Alpharetta,GA,2448,127
17/04/2018,atlanta,3.5,4,339000,431 Spring View Dr,Woodstock,GA,2972,114
17/04/2018,atlanta,2.5,4,272000,3560 Elinburg Dr,Buford,GA,2297,118
17/04/2018,atlanta,2.5,4,281000,2305 Vistoria Dr,Cumming,GA,1930,146
17/04/2018,atlanta,4.0,6,367000,1600 Treybyrne Ct,Dacula,GA,3098,118
17/04/2018,atlanta,2.5,4,258000,5850 Sterling Ct,Cumming,GA,1806,143
17/04/2018,atlanta,4.0,6,346000,116 Bradshaw Park Dr,Woodstock,GA,4468,77
17/04/2018,atlanta,3.0,6,317000,511 Autumn Walk,Canton,GA,3505,90
17/04/2018,atlanta,2.0,3,338000,485 Ramsdale Dr,Roswell,GA,1484,228
17/04/2018,atlanta,3.0,5,366000,302 Rosemont Park Ln,Marietta,GA,3091,118
17/04/2018,atlanta,3.0,4,228000,4064 Manor Hill Pl,Buford,GA,2505,91
17/04/2018,atlanta,3.5,4,250000,4752 Corozo Cir,Snellville,GA,3192,78
17/04/2018,atlanta,3.5,5,379000,4574 Woodland Cir NE,Roswell,GA,2229,170
17/04/2018,atlanta,2.5,4,274000,1383 Prospect View Ct,Lawrenceville,GA,2690,102
17/04/2018,atlanta,3.5,4,332000,3207 Trinity Grove Dr,Dacula,GA,2890,115
17/04/2018,atlanta,2.5,3,408000,4499 Oakdale Vinings Lndg SE,Smyrna,GA,2792,146
17/04/2018,atlanta,2.5,4,217000,1052 Privet Way,McDonough,GA,2554,85
17/04/2018,atlanta,2.5,4,221000,1074 Megan Farms Dr,Lawrenceville,GA,2418,91
17/04/2018,atlanta,3.0,4,297000,8 the Meadows Dr,Newnan,GA,2864,104
17/04/2018,atlanta,3.0,4,330000,135 Hale View Cir,Canton,GA,2878,115
17/04/2018,atlanta,5.0,4,461000,7425 Bronson Way,Cumming,GA,3933,117
17/04/2018,atlanta,2.5,4,268000,3745 Hansberry Dr,Atlanta,GA,3442,78
17/04/2018,atlanta,4.0,5,437000,4945 Locklear Way,Marietta,GA,4800,91
17/04/2018,atlanta,2.5,4,392000,4288 Millhouse Ln,Norcross,GA,2599,151
17/04/2018,atlanta,4.0,5,436000,1545 Blyth Walk,Snellville,GA,3321,131
17/04/2018,atlanta,3.5,4,511000,4636 Clary Lakes Dr NE,Roswell,GA,4126,124
17/04/2018,atlanta,5.0,6,417000,6051 Kenbrook Cir NW,Acworth,GA,3254,128
17/04/2018,atlanta,3.5,3,324000,1218 Poston Pl SE,Smyrna,GA,2111,153
17/04/2018,atlanta,2.5,4,308000,424 Old Deerfield Ln,Woodstock,GA,2716,113
17/04/2018,atlanta,2.5,4,282000,4919 Willow Creek Dr,Marietta,GA,2168,130
17/04/2018,atlanta,4.0,5,334000,354 Silvertop Dr,Grayson,GA,3030,110
17/04/2018,atlanta,2.5,3,253000,5830 Sterling Ct,Cumming,GA,1806,140
17/04/2018,atlanta,2.5,4,229000,6914 Roane Ct,Lithonia,GA,2460,93
17/04/2018,atlanta,3.0,5,416000,4745 Summer Song Ct,Buford,GA,3300,126
17/04/2018,atlanta,2.5,4,269000,2562 Ashridge Ct,Lawrenceville,GA,2183,123
17/04/2018,atlanta,3.0,4,278000,204 Cleburne Pl,Acworth,GA,2481,112
17/04/2018,atlanta,2.5,4,243000,2120 Deer Run Ct,Lawrenceville,GA,2482,98
17/04/2018,atlanta,2.5,2,233000,152 River Ridge Ln,Roswell,GA,1690,138
17/04/2018,atlanta,4.0,4,451000,5225 McIntosh Dr,Cumming,GA,2984,151
17/04/2018,atlanta,3.5,4,453000,105 Arden Pl,Alpharetta,GA,3088,147
17/04/2018,atlanta,2.5,3,318000,1925 Poplar Ridge Pl,Cumming,GA,2062,154
17/04/2018,atlanta,2.5,4,315000,1820 Waterbreeze Ct,Cumming,GA,2200,143
17/04/2018,atlanta,3.5,5,360000,4054 Nick A Jack Cv,Buford,GA,3604,100
17/04/2018,atlanta,2.5,3,290000,3975 Cherry Ridge Walk,Suwanee,GA,2137,136
17/04/2018,atlanta,2.5,4,350000,1784 Millhouse Run,Marietta,GA,2382,147
17/04/2018,atlanta,3.5,4,389000,7540 Shadburn Ferry Rd,Cumming,GA,3331,117
17/04/2018,atlanta,2.5,4,317000,1590 Walking Horse Trl,Cumming,GA,2655,119
17/04/2018,atlanta,3.0,5,296000,4069 Bogan Bluff Ln,Buford,GA,2815,105
17/04/2018,atlanta,3.0,5,320000,3233 Little Bear Ln,Buford,GA,3270,98
17/04/2018,atlanta,4.0,4,414000,2523 Waterscape Trl,Snellville,GA,3750,110
17/04/2018,atlanta,3.5,5,329000,1017 Panoramic Pointe,Buford,GA,4197,78
17/04/2018,atlanta,2.5,4,137000,1472 Spruce Ridge Way,Stone Mountain,GA,1619,85
17/04/2018,atlanta,2.0,3,333000,2611 Andover Dr,Doraville,GA,2171,153
17/04/2018,atlanta,3.0,4,241000,3069 Brooksong Way,Dacula,GA,2083,116
17/04/2018,atlanta,3.0,4,468000,1564 E Bank Dr,Marietta,GA,2578,182
17/04/2018,atlanta,3.5,4,337000,1710 Dawn Valley Trl,Cumming,GA,2511,134
17/04/2018,atlanta,2.5,4,352000,1210 Swan Mill Ct,Suwanee,GA,2809,125
17/04/2018,atlanta,2.5,4,369000,535 Sherman Oaks Way,Alpharetta,GA,2465,150
17/04/2018,atlanta,3.5,6,358000,1474 Mill Rose Trce,Lawrenceville,GA,4668,77
17/04/2018,orlando,3.0,4,294000,13042 Antique Oak St,Clermont,FL,2426,121
17/04/2018,orlando,2.0,3,357000,1550 E Horatio Ave,Maitland,FL,1620,220
17/04/2018,orlando,3.0,4,305000,2626 Eagle Lake Dr,Clermont,FL,2548,120
17/04/2018,orlando,3.0,4,337000,12953 Sawgrass Pine Cir,Orlando,FL,2798,120
17/04/2018,orlando,2.0,3,328000,12130 Sawgrass Reserve Blvd,Orlando,FL,2236,147
17/04/2018,orlando,2.0,3,275000,8043 Nicklaus Dr,Orlando,FL,1578,174
17/04/2018,orlando,3.0,4,436000,8228 Diamond Cove Cir,Orlando,FL,2552,171
17/04/2018,orlando,3.0,4,444000,14407 Magnolia Ridge Loop,Winter Garden,FL,2985,149
17/04/2018,orlando,2.0,4,247000,3179 Santa Cruz Dr,Kissimmee,FL,1823,135
17/04/2018,orlando,2.5,3,269000,344 Corsica Ct,Kissimmee,FL,2847,94
17/04/2018,orlando,2.0,3,239000,8040 Saint James Way,Mount Dora,FL,1609,149
17/04/2018,orlando,2.0,3,293000,1665 Grange Cir,Longwood,FL,2161,136
17/04/2018,orlando,3.0,4,270000,3314 Osprey Hill St,Clermont,FL,1791,151
17/04/2018,orlando,2.0,3,160000,703 N Disston Ave,Tavares,FL,1300,123
17/04/2018,orlando,2.0,3,296000,1903 Bluff Oak St,Apopka,FL,2306,128
17/04/2018,orlando,3.0,4,298000,1899 Castleton Dr,Saint Cloud,FL,2574,116
17/04/2018,orlando,3.0,3,272000,2762 White Isle Ln,Orlando,FL,1862,146
17/04/2018,orlando,2.5,5,325000,1020 Silcox Branch Cir,Oviedo,FL,2500,130
17/04/2018,orlando,3.0,4,371000,531 Terrace Cove Way,Orlando,FL,2828,131
17/04/2018,raleigh,2.5,3,319000,848 Wildflower Ridge Rd,Wake Forest,NC,2132,150
17/04/2018,raleigh,2.5,3,261000,4745 Grand Cypress Ct,Raleigh,NC,2196,119
17/04/2018,raleigh,2.5,4,245000,2713 Steeple Run Dr,Wake Forest,NC,2000,122
17/04/2018,raleigh,3.0,3,263000,5115 Carolwood Ln,Durham,NC,2044,129
17/04/2018,raleigh,3.5,4,282000,409 Beckwith Ave,Clayton,NC,2405,117
17/04/2018,raleigh,2.0,3,210000,116 Theophilous Trce,Holly Springs,NC,1265,166
17/04/2018,raleigh,2.5,3,311000,1301 Barnford Mill Rd,Wake Forest,NC,2569,121
17/04/2018,raleigh,3.0,3,216000,5506 McCormick Rd,Durham,NC,1604,135
17/04/2018,raleigh,3.0,3,281000,324 Trout Valley Rd,Wake Forest,NC,2205,127
17/04/2018,raleigh,2.5,4,270000,2913 Carriage Meadows Dr,Wake Forest,NC,2107,128
17/04/2018,raleigh,3.0,4,291000,2739 Kinsley Pl,Raleigh,NC,2580,113
17/04/2018,raleigh,3.0,5,434000,1305 Heritage Hills Way,Wake Forest,NC,3180,136
17/04/2018,raleigh,3.0,5,339000,109 Smokemont Dr,Cary,NC,2785,122
17/04/2018,raleigh,2.5,4,469000,413 Dark Forest Dr,Chapel Hill,NC,2829,166
17/04/2018,raleigh,2.5,4,356000,1901 Abby Knoll Dr,Apex,NC,2726,131
17/04/2018,raleigh,2.5,3,190000,3728 Phillips Way E,Durham,NC,1424,133
17/04/2018,raleigh,3.0,5,448000,204 Bellagio Dr,Apex,NC,3510,128
17/04/2018,raleigh,2.5,4,356000,9140 Linslade Way,Wake Forest,NC,2700,132
17/04/2018,raleigh,2.5,3,191000,4201 Labrador Dr,Raleigh,NC,1639,117
